initial_input
[0.5, -0.3, 1.2, -0.7, -0.4, 0.8, -1.0, 0.3, 0.7, -0.2, -0.6, 1.0, -0.9, 1.3, 0.1, -0.5]
initial_weight1
[0.2, -0.4, 0.7, -0.2, -0.6, 0.3, -0.8, 0.5, -0.3, 0.9, -0.1, -0.5, 0.4, -0.7, 0.6, -0.9]
initial_bias1
[0.1, -0.1, 0.0, 0.1, 0.2, -0.2, 0.1, -0.1, 0.0, 0.1, -0.1, 0.2, -0.2, 0.0, 0.1, -0.1]
initial_weight2
[-0.5, 0.4, -0.3, 0.8, -0.1, -0.7, 0.6, -0.4, 0.3, -0.8, -0.2, 0.5, -0.6, 0.2, -0.9, 0.1]
initial_bias2
[0.1, -0.2, 0.1, 0.0, 0.0, 0.1, -0.1, 0.2, -0.1, 0.0, 0.2, -0.1, 0.1, -0.1, 0.0, 0.1]
initial_target
[1.0, 1.0, 1.0, 1.0, 1.0, 1.0, 1.0, 1.0, 1.0, 1.0, 1.0, 1.0, 1.0, 1.0, 1.0, 1.0]
step_loss
1.576448169383708
grad_input
[-0.09310659491891111, 0.08614949706533614, 0.25452656852399075, -0.19689847720705603, -0.0432085932644534, 0.10514678577606835, -0.12321913830700448, -0.20390143223242269, 0.12115884016989921, -0.14529251688669664, -0.03645380868136476, 0.10688016919632548, -0.10711528608859935, 0.15311324114795463, 0.029568942603697995, -0.3026120439691074]
grad_weight1
[-0.024784370887442432, -0.008926111567800793, 0.1396266882049219, -0.2779641662595876, 0.040268291215230234, 0.1222518194424069, -0.051905201168925184, 0.46467912866442024, -0.10319058779865044, 0.348604338540381, -0.04778101076320874, -0.20800203580544616, 0.06826613280443995, -0.2776105021376867, 0.1360113855849749, -0.03511562176327779]
grad_bias1
[-0.05484444212702587, 0.2742332809628895, 0.041959854978293125, 0.009081462965776556, 0.021409728153007616, 0.0009337853993024315, -0.00008428925289756298, 0.2352901112915283, 0.028192770298219674, -0.00818179641881276, 0.16283852955232045, 0.008697015719470656, 0.009481330857200243, 0.15549108932928404, -0.005140082586657773, 0.21608529358832668]
grad_weight2
[-0.05533055310163398, -0.08305849601448488, -0.08090361690816542, 0.03539528284570387, -0.2826241635003432, -0.44373351290889507, -0.1379441084753429, -0.35450168381868546, -0.1004073924424889, -0.19188404058039668, -0.11194733576682536, 0.0191770520437892, -0.23709633939477226, -0.1864859594530014, -0.21145663455725483, -0.196192826274431]
grad_bias2
[-0.11398871529817567, -0.2500680692708317, -0.025216814674798874, -0.18635547724250795, -0.16421841209052487, -0.06944475894966202, -0.1971200068299236, -0.09298161441317462, -0.12541431762151672, -0.19387939701262208, -0.14092548079216535, -0.00023229455326544135, -0.1943717139214803, -0.20490583406215881, -0.1511743873846217, -0.16771913707207656]
grad_target
[0.11398871529817567, 0.2500680692708317, 0.025216814674798874, 0.18635547724250795, 0.16421841209052487, 0.06944475894966202, 0.1971200068299236, 0.09298161441317462, 0.12541431762151672, 0.19387939701262208, 0.14092548079216535, 0.00023229455326544135, 0.1943717139214803, 0.20490583406215881, 0.1511743873846217, 0.16771913707207656]
step_loss
1.557455989930129
grad_input
[-0.09145895428464122, 0.08467716888498793, 0.24898869821178168, -0.19288070727391876, -0.041953320307473986, 0.10257391337789802, -0.12051135752829809, -0.20061788949952997, 0.11933687645662171, -0.14315792822021225, -0.03577428770477141, 0.10494524869191228, -0.1042915065100116, 0.1487263795888667, 0.028725086388906473, -0.295923860382165]
grad_weight1
[-0.02492911013089082, -0.008462648014388063, 0.13788101969703057, -0.27245423573296745, 0.03983397181556749, 0.11958463451050592, -0.05125775878950527, 0.4559160638761739, -0.10192445277735256, 0.3420058193072438, -0.04722054953301735, -0.20455141120538128, 0.0672967233253478, -0.27221816714165203, 0.134357648051454, -0.03405406561285673]
grad_bias1
[-0.05473610014812115, 0.2691133698203987, 0.04138782599745428, 0.009078836743699692, 0.020666042262116397, 0.0009483184292610193, -0.0001215823592880786, 0.23135273903405323, 0.027546905572212923, -0.007983582981990252, 0.16083600724439723, 0.008785541460660674, 0.009530530058369702, 0.15227944162832205, -0.005059187426122362, 0.21178048612628717]
grad_weight2
[-0.055203496492974805, -0.08261106953579951, -0.0802935348207876, 0.03472572370229226, -0.2781976435169773, -0.43703359103219114, -0.1362015900367738, -0.34935363510690254, -0.09984169237804183, -0.18989798952215486, -0.1110653585241506, 0.018592156232469313, -0.23149577022081866, -0.183108392052784, -0.2060447472393883, -0.1927828311703525]
grad_bias2
[-0.11357622753753435, -0.2483016737035939, -0.025993019976604456, -0.18509514672801258, -0.1632557929946289, -0.06963109067300091, -0.1958256839053107, -0.09302781538572627, -0.12525923784534085, -0.19292766597047095, -0.1404827440410523, -0.0007812701252781357, -0.19254406941316587, -0.20365054140340072, -0.1496486342457013, -0.16668414036630455]
grad_target
[0.11357622753753435, 0.2483016737035939, 0.025993019976604456, 0.18509514672801258, 0.1632557929946289, 0.06963109067300091, 0.1958256839053107, 0.09302781538572627, 0.12525923784534085, 0.19292766597047095, 0.1404827440410523, 0.0007812701252781357, 0.19254406941316587, 0.20365054140340072, 0.1496486342457013, 0.16668414036630455]
step_loss
1.5390224987753252
grad_input
[-0.08985152837268487, 0.08325268573972287, 0.24360379539614177, -0.18898219338584463, -0.0407488086474705, 0.10009869318298245, -0.11788909474201835, -0.19742520725561746, 0.11754748237606215, -0.14105886871687656, -0.03510705174652565, 0.10304840424171187, -0.10156598185791157, 0.1444987568006828, 0.02790885582276316, -0.28944182952219943]
grad_weight1
[-0.025073784239200064, -0.008024384076089325, 0.13616223794150575, -0.2670984879646191, 0.03941096977255492, 0.11699995647900532, -0.050620790674925406, 0.4473974555734832, -0.10068326765164977, 0.3355577947344462, -0.04666591578186381, -0.2011868562249758, 0.06634351595283201, -0.2669549655459215, 0.13272692613051185, -0.03302965040870551]
grad_bias1
[-0.0546286828314287, 0.26410869460687597, 0.0408261909211948, 0.009080499644721612, 0.01994031042150848, 0.0009613323453135709, -0.0001583705477760437, 0.2275215940450917, 0.02691067215887747, -0.007788094366420423, 0.15886290311784354, 0.008869543819339071, 0.00957865462899617, 0.14915836931656398, -0.004979735643674935, 0.20759864538053394]
grad_weight2
[-0.05507833618978926, -0.08216943051099726, -0.07969583011075371, 0.03406996555925465, -0.2739015557091312, -0.4305220401780549, -0.1345084233944271, -0.3443471291309854, -0.09928082502605515, -0.1879456459959805, -0.1101946814929581, 0.018022581312304872, -0.2260836032112759, -0.17983434359160005, -0.20081758996304647, -0.18947291302387081]
grad_bias2
[-0.11317568927684726, -0.24657155060747754, -0.02675615327430156, -0.18385985281003975, -0.16231735962706614, -0.06981634765170389, -0.19456215746928204, -0.09307516351905167, -0.12510463855080953, -0.1919878797869427, -0.14004413426096393, -0.001321279885832069, -0.1907619297496187, -0.20242538436298096, -0.14816052385059278, -0.16567450513533397]
grad_target
[0.11317568927684726, 0.24657155060747754, 0.02675615327430156, 0.18385985281003975, 0.16231735962706614, 0.06981634765170389, 0.19456215746928204, 0.09307516351905167, 0.12510463855080953, 0.1919878797869427, 0.14004413426096393, 0.001321279885832069, 0.1907619297496187, 0.20242538436298096, 0.14816052385059278, 0.16567450513533397]
step_loss
1.5211237478848525
grad_input
[-0.08828298353631511, 0.08187412490569601, 0.23836636091110627, -0.18519851790655753, -0.03959263257660508, 0.09771661794368273, -0.11534883478618368, -0.1943199822397567, 0.11578987406933752, -0.13899448895492234, -0.034451874520821026, 0.10118866172738221, -0.09893413340913546, 0.14042295832138604, 0.027118708507407427, -0.28315732917993763]
grad_weight1
[-0.025218335334637174, -0.007609649154143222, 0.1344697517142616, -0.26189116914552263, 0.03899888170547264, 0.11449392670502478, -0.049994039877144805, 0.4391142144052441, -0.09946632701111685, 0.3292555917398118, -0.046117137312724855, -0.19790531685669494, 0.06540612388465147, -0.2618164952453896, 0.13111885484958824, -0.032040887604738416]
grad_bias1
[-0.05452222058815642, 0.25921575669141095, 0.04027462556413575, 0.009086257499371721, 0.01923191977974621, 0.000972909645361372, -0.0001946729761098092, 0.22379280577100186, 0.026283859544448285, -0.007595314161194957, 0.1569186550958358, 0.008949224755587232, 0.009625732010860307, 0.14612404858763076, -0.004901679082960821, 0.203535147684132]
grad_weight2
[-0.05495506028536529, -0.08173355215020645, -0.07911018384195968, 0.033427603129607616, -0.26973067244850907, -0.4241918557183018, -0.13286244624650032, -0.3394769035105774, -0.09872481156186697, -0.18602628368677684, -0.10933517418475631, 0.017467883753091572, -0.22085166963599417, -0.17665941800214144, -0.19576722418937922, -0.1862589501570303]
grad_bias2
[-0.1127865951297897, -0.24487657993319364, -0.027506381245982675, -0.18264880906754716, -0.16140218634479614, -0.07000041523059079, -0.19332831435426065, -0.09312348552840068, -0.1249505071666086, -0.1910598084788907, -0.1396095809281483, -0.0018524871257534908, -0.18902362712578702, -0.2012291849651799, -0.1467087019746263, -0.16468922948627174]
grad_target
[0.1127865951297897, 0.24487657993319364, 0.027506381245982675, 0.18264880906754716, 0.16140218634479614, 0.07000041523059079, 0.19332831435426065, 0.09312348552840068, 0.1249505071666086, 0.1910598084788907, 0.1396095809281483, 0.0018524871257534908, 0.18902362712578702, 0.2012291849651799, 0.1467087019746263, 0.16468922948627174]
step_loss
1.5037370655343802
grad_input
[-0.08675204496606795, 0.08053965807275396, 0.2332711416850594, -0.18152545912473855, -0.03848250248537343, 0.09542342761452693, -0.11288724048947438, -0.19129897097280618, 0.114063291896822, -0.13696396756902265, -0.0338085309527282, 0.09936507747652652, -0.09639164173237727, 0.13649198665429607, 0.026353208118567464, -0.2770621887238505]
grad_weight1
[-0.02536270992263952, -0.0072168859212705105, 0.13280298754674608, -0.25682679550975773, 0.03859732252562574, 0.11206290850023913, -0.049377258370677926, 0.4310576739419574, -0.09827295235322418, 0.3230947260839421, -0.04557423439746162, -0.19470388345104858, 0.06448417271892079, -0.2567985523089085, 0.12953307405227105, -0.031086356484453084]
grad_bias1
[-0.05441674105407403, 0.25443119425077193, 0.03973281965992779, 0.009095920265964617, 0.018540284037573046, 0.000983127436757119, -0.00023050770568684115, 0.2201626806238783, 0.025666263242007274, -0.007405223767234517, 0.15500271417469122, 0.009024776108540251, 0.009671788944420423, 0.1431728615943216, -0.004824971902470673, 0.19958558518796318]
grad_weight2
[-0.05483365658428668, -0.08130340386615138, -0.07853628839093288, 0.03279824623592082, -0.26568003327275647, -0.41803636166655833, -0.13126162267996655, -0.3347379450797264, -0.09817366775375357, -0.18413919437412835, -0.10848670467061605, 0.01692763503965919, -0.21579223115882237, -0.1735794555911312, -0.1908861207530019, -0.1831370370543481]
grad_bias2
[-0.1124084634235214, -0.2432156849284611, -0.028243871307567475, -0.18146125998390789, -0.16050939166543213, -0.07018318921837902, -0.19212309212099393, -0.09317262041743876, -0.1247968313018265, -0.1901432272667034, -0.1391790149506018, -0.0023750510199183894, -0.1873275708815781, -0.20006082396291902, -0.14529187431839782, -0.1637273609574434]
grad_target
[0.1124084634235214, 0.2432156849284611, 0.028243871307567475, 0.18146125998390789, 0.16050939166543213, 0.07018318921837902, 0.19212309212099393, 0.09317262041743876, 0.1247968313018265, 0.1901432272667034, 0.1391790149506018, 0.0023750510199183894, 0.1873275708815781, 0.20006082396291902, 0.14529187431839782, 0.1637273609574434]
step_loss
1.4868409751744296
grad_input
[-0.08525749331696647, 0.07924754578399336, 0.22831311717866618, -0.17795898082621345, -0.0374162560729693, 0.09321509363257807, -0.11050114193643766, -0.18835908077433441, 0.11236699946868962, -0.1349665099926305, -0.03317679751134411, 0.09757673712932022, -0.09393442951268093, 0.13269923373027762, 0.025611016346244755, -0.27114866054482734]
grad_weight1
[-0.025506858581693388, -0.006844642265126155, 0.13116138902600405, -0.2519001377805347, 0.03820592443157224, 0.10970347249121334, -0.0487702066482715, 0.423219566608278, -0.09710249077144653, 0.31707089245962083, -0.04503722035093945, -0.19157978227597616, 0.06357729993967415, -0.25189711965135675, 0.1279692284664731, -0.03016470048492524]
grad_bias1
[-0.054312269264600074, 0.24975177535304677, 0.039200476136048955, 0.009109302264029498, 0.017864842055281025, 0.0009920578628412394, -0.00026589177385272493, 0.21662769223886208, 0.025057684577678686, -0.007217802615476718, 0.1531145440731957, 0.00909638017075532, 0.009716851479617795, 0.14030138329519926, -0.004749570441335002, 0.19574575348503706]
grad_weight2
[-0.05471411260587727, -0.08087895162945832, -0.07797384690076836, 0.03218151913398641, -0.26174492843521324, -0.41204919203322277, -0.12970403436111594, -0.3301254755620878, -0.0976274043781626, -0.18228368746633478, -0.10764913988420838, 0.016401421069105325, -0.21089795321086002, -0.1705905177645227, -0.18616713521246386, -0.1801034706959218]
grad_bias2
[-0.11204083491442701, -0.24158783011208457, -0.028968791302553643, -0.18029647947958233, -0.15963813576773633, -0.07036457509674812, -0.19094547629517333, -0.0932224186313244, -0.12464359875134935, -0.1892379164508935, -0.1387523686334798, -0.0028891267652251945, -0.18567224318207787, -0.19891923733945988, -0.14390880329986463, -0.16278799361544932]
grad_target
[0.11204083491442701, 0.24158783011208457, 0.028968791302553643, 0.18029647947958233, 0.15963813576773633, 0.07036457509674812, 0.19094547629517333, 0.0932224186313244, 0.12464359875134935, 0.1892379164508935, 0.1387523686334798, 0.0028891267652251945, 0.18567224318207787, 0.19891923733945988, 0.14390880329986463, 0.16278799361544932]
step_loss
1.4704151202881421
grad_input
[-0.08379816157410959, 0.07799613225829485, 0.2234874867327084, -0.17449522253232227, -0.036391850202174406, 0.09108780433724466, -0.10818752648507955, -0.18549736136891107, 0.11070028272603936, -0.13300134727395282, -0.032556452502858664, 0.09582275455507194, -0.091558645681898, 0.1290384554711854, 0.024890885485532324, -0.2654093936246945]
grad_weight1
[-0.025650735675986414, -0.0064915638434190626, 0.1295444161298842, -0.24710620670229155, 0.03782433596837022, 0.10741238305756132, -0.04817265333922629, 0.41559200127323725, -0.09595431372184185, 0.31117995524110253, -0.04450610206453695, -0.18853036765718154, 0.0626851544298332, -0.24710835649210638, 0.12642696775803855, -0.029274623768713898]
grad_bias1
[-0.05420882781925262, 0.24517439148860615, 0.03867731043269796, 0.009126222357598109, 0.01720505654573488, 0.0009997684919995288, -0.00030084126095053694, 0.2131844723613746, 0.02445793048619161, -0.007033028368095671, 0.15125362089220645, 0.009164210225715489, 0.009760944987111423, 0.13750636925917262, -0.004675433094011674, 0.1920116401050462]
grad_weight2
[-0.05459641558970889, -0.080460158296805, -0.07742257276873284, 0.031577059872018726, -0.2579208836342799, -0.4062242734276501, -0.1281878724196968, -0.32563493821651235, -0.0970860276047535, -0.18045908954357592, -0.10682234589798224, 0.015888841577057455, -0.2061618802571068, -0.1676888728983439, -0.18160348490409606, -0.17715473789640404]
grad_bias2
[-0.11168327158478764, -0.23999201936193448, -0.029681309221246843, -0.17915376952820575, -0.15878761815569592, -0.07054448729078622, -0.18979449777894028, -0.0932727412720402, -0.12449079750049877, -0.18834366129097657, -0.13832957564570914, -0.003394865712646092, -0.1840561949829479, -0.19780341304948781, -0.14255830505190054, -0.16187026534856538]
grad_target
[0.11168327158478764, 0.23999201936193448, 0.029681309221246843, 0.17915376952820575, 0.15878761815569592, 0.07054448729078622, 0.18979449777894028, 0.0932727412720402, 0.12449079750049877, 0.18834366129097657, 0.13832957564570914, 0.003394865712646092, 0.1840561949829479, 0.19780341304948781, 0.14255830505190054, 0.16187026534856538]
step_loss
1.4544401947375944
grad_input
[-0.08237293213705932, 0.07678384056572848, 0.2187896577531842, -0.17113049035388397, -0.035407353345643586, 0.08903795143647902, -0.10594352947666502, -0.1827109970372733, 0.10906244906924922, -0.13106773496024848, -0.03194727632741074, 0.09410227081609043, -0.08926065074234849, 0.1255037482714663, 0.02419165162283124, -0.2598374090468245]
grad_weight1
[-0.025794299089060033, -0.006156387200638366, 0.1279515445952104, -0.24244023956839528, 0.037452221146242796, 0.10518658576040552, -0.04758437484884875, 0.40816744236183133, -0.09482781586253844, 0.30541793984028326, -0.04398088050210261, -0.18555311465375368, 0.06180739600973527, -0.24242858853642846, 0.12490594657119952, -0.02841488802254992]
grad_bias1
[-0.05410643703612168, 0.24069605151299853, 0.03816304986268852, 0.009146504094652359, 0.016560412847004394, 0.001006322672767666, -0.00033537135253556974, 0.20982980231716908, 0.02386681331529566, -0.006850877104051892, 0.14941943278423994, 0.00922843105114058, 0.009804094169893774, 0.1347847443502158, -0.00460252019320442, 0.18837941380516915]
grad_weight2
[-0.05448055250283981, -0.08004698391401695, -0.07688218916506045, 0.0309845196832204, -0.25420364582600685, -0.4005558088110074, -0.126711429966269, -0.3212619853771227, -0.09654953935356983, -0.17866474391043452, -0.10600618817470343, 0.015389509591281037, -0.2015774128038382, -0.16487098325788696, -0.1771887275654961, -0.17428750356572184]
grad_bias2
[-0.1113353555144512, -0.23842729410914168, -0.030381592946924593, -0.17803245885041946, -0.15795707547399648, -0.07072284849570683, -0.18866923042463318, -0.09332345937098788, -0.12433841572896329, -0.187460251886688, -0.13791057098772022, -0.0038924154936727795, -0.18247804225918557, -0.19671238798115165, -0.14123924660970996, -0.16097335534147558]
grad_target
[0.1113353555144512, 0.23842729410914168, 0.030381592946924593, 0.17803245885041946, 0.15795707547399648, 0.07072284849570683, 0.18866923042463318, 0.09332345937098788, 0.12433841572896329, 0.187460251886688, 0.13791057098772022, 0.0038924154936727795, 0.18247804225918557, 0.19671238798115165, 0.14123924660970996, 0.16097335534147558]
step_loss
1.438897878141848
grad_input
[-0.08098073410524258, 0.07560916812837169, 0.21421523466771566, -0.16786124841463035, -0.034460938575341105, 0.08706211743479798, -0.10376642558296416, -0.179997299271707, 0.10745282653047304, -0.1291649520455855, -0.031349051703236507, 0.09241445317639627, -0.08703700318188094, 0.1220895272328466, 0.023512228367490104, -0.25442607728462385]
grad_weight1
[-0.025937509976833667, -0.005837933400775569, 0.12638226531689792, -0.23789768766274594, 0.03708925861442596, 0.10302319568141514, -0.04700515501763628, 0.4009386903647332, -0.09372241396102383, 0.29978102462162365, -0.0434615511611575, -0.1826456122274357, 0.06094369499953148, -0.23785429882212566, 0.12340582455716669, -0.02758430946386807]
grad_bias1
[-0.05400511509697949, 0.23631387596962147, 0.037657433009500973, 0.009169975808310133, 0.015930417769040507, 0.0010117798581564597, -0.00036949639713497305, 0.2065606050221218, 0.02328415063855302, -0.006671323490167211, 0.14761147963275517, 0.009289199390558845, 0.009846323075238701, 0.13213359222134075, -0.004530793900405366, 0.18484541459049272]
grad_weight2
[-0.05436651004849202, -0.07963938599604006, -0.07635242858067157, 0.030403562409703405, -0.25058917003234715, -0.3950382623117492, -0.12527309518814556, -0.31700246681871896, -0.0960179376264727, -0.17690001015793838, -0.10520053179638193, 0.01490305091106814, -0.1971382860078671, -0.1621334928771376, -0.17291674140676586, -0.1714985998152776]
grad_bias2
[-0.1109966878220689, -0.23689273163143523, -0.031069810026618308, -0.17693190168022987, -0.1571457794637324, -0.07089958905518702, -0.18756878875916222, -0.09337445321429622, -0.12418644181407386, -0.18658748306157097, -0.13749529096022456, -0.004381920141452195, -0.1809364624773412, -0.19564524512220768, -0.13995054327388373, -0.16009648171760793]
grad_target
[0.1109966878220689, 0.23689273163143523, 0.031069810026618308, 0.17693190168022987, 0.1571457794637324, 0.07089958905518702, 0.18756878875916222, 0.09337445321429622, 0.12418644181407386, 0.18658748306157097, 0.13749529096022456, 0.004381920141452195, 0.1809364624773412, 0.19564524512220768, 0.13995054327388373, 0.16009648171760793]
step_loss
1.4237707758725726
grad_input
[-0.07962054074819419, 0.07447068252146971, 0.20976000859330146, -0.1646841108020044, -0.03355087705127392, 0.0851570639461964, -0.10165362074106041, -0.1773536998984474, 0.1058707629874414, -0.12729229997760283, -0.0307615638612816, 0.09075849415297485, -0.08488444688830274, 0.11879050600306335, 0.022851601083227313, -0.249169097119354]
grad_weight1
[-0.026080332538507525, -0.005535102134450312, 0.1248360837761459, -0.23347420454138051, 0.03673514088629955, 0.10091948659973755, -0.04643478479890754, 0.3938988636345361, -0.09263754586453848, 0.2942655333320658, -0.042948104501916086, -0.17980555686754557, 0.0600937318038981, -0.23338211917886917, 0.12192626639202403, -0.026781756038171414]
grad_bias1
[-0.05390487818360323, 0.23202509176292033, 0.03716020916087146, 0.009196470684691541, 0.015314598509271155, 0.0010161959020573296, -0.00040322995989957954, 0.2033739374923352, 0.02270976507606138, -0.006494340938825744, 0.14582927274085158, 0.009346664395394508, 0.009887655106933787, 0.1295501455532328, -0.004460218103504705, 0.18140614440396483]
grad_weight2
[-0.05425427467590703, -0.07923731978555859, -0.07583303240172923, 0.029833863955894168, -0.24707360706545436, -0.3896663450233245, -0.12387134497446287, -0.3128524188844183, -0.09549121681478671, -0.17516426373523536, -0.10440524167244336, 0.014429103610949044, -0.19283854976128478, -0.15947321631858186, -0.16878170651829635, -0.16878501584041936]
grad_bias2
[-0.1106668876709195, -0.23538744343910709, -0.0317461274644084, -0.17585147659909312, -0.1563530350481196, -0.07107464638709393, -0.1864923258483414, -0.09342561171668742, -0.12403486433347011, -0.18572515424895997, -0.13708367313397124, -0.004863520206888378, -0.17943019129300092, -0.1946011109148465, -0.13869115613612137, -0.15923889933650798]
grad_target
[0.1106668876709195, 0.23538744343910709, 0.0317461274644084, 0.17585147659909312, 0.1563530350481196, 0.07107464638709393, 0.1864923258483414, 0.09342561171668742, 0.12403486433347011, 0.18572515424895997, 0.13708367313397124, 0.004863520206888378, 0.17943019129300092, 0.1946011109148465, 0.13869115613612137, 0.15923889933650798]
step_loss
1.409042363291362
grad_input
[-0.0782913671459171, 0.07336701755202756, 0.20541994766084443, -0.16159583400684047, -0.0326755319696128, 0.08331972082188811, -0.09960264463022536, -0.1747777446330237, 0.10431562541594795, -0.12544910171918422, -0.03018460071314885, 0.08913361060740954, -0.08279989947987676, 0.11560167808389868, 0.022208821577641175, -0.24406047605275283]
grad_weight1
[-0.026222733803971762, -0.0052468662624723245, 0.12331251949597193, -0.22916563508714083, 0.0363895736122055, 0.09887288094048936, -0.04587306195368794, 0.38704138136733934, -0.09157266952925235, 0.28886792800612926, -0.042440526346482495, -0.1770307466368284, 0.05925719651762982, -0.22900882225238084, 0.1204669417849855, -0.026006144791923994]
grad_bias1
[-0.05380574060584889, 0.22782702715548583, 0.03667113777550732, 0.009225826801839542, 0.014712501632393083, 0.0010196233303059474, -0.00043658487246575747, 0.20026698381840932, 0.022143484122692632, -0.006319901753314292, 0.1440723345291024, 0.009400968039645857, 0.009928113037749918, 0.12703177697863652, -0.00439075832095589, 0.17805825843160994]
grad_weight2
[-0.05414383259115374, -0.07884073849188528, -0.07532375050912254, 0.029275111769678747, -0.24365329209554787, -0.38443500171064804, -0.1225047390255495, -0.30880805431790564, -0.09496936798494951, -0.17345689553096483, -0.10362018272884341, 0.013967317567366657, -0.1886725501364664, -0.15688712824091783, -0.16477808751352252, -0.16614388851629475]
grad_bias2
[-0.11034559133475266, -0.23391057374759774, -0.03241071153531115, -0.17479058543329878, -0.1555781785388156, -0.07124796445274362, -0.185439031291358, -0.09347683184010494, -0.12388367206720241, -0.1848730693803722, -0.13667565632042483, -0.005337352869969711, -0.1779580194568982, -0.19357915278507354, -0.13746008975576712, -0.15839989773473406]
grad_target
[0.11034559133475266, 0.23391057374759774, 0.03241071153531115, 0.17479058543329878, 0.1555781785388156, 0.07124796445274362, 0.185439031291358, 0.09347683184010494, 0.12388367206720241, 0.1848730693803722, 0.13667565632042483, 0.005337352869969711, 0.1779580194568982, 0.19357915278507354, 0.13746008975576712, 0.15839989773473406]
step_loss
1.3946969338871666
grad_input
[-0.07699226798594692, 0.07229686959387914, 0.20119118794672214, -0.15859330981671396, -0.03183335293384611, 0.08154717602900016, -0.09761114364932935, -0.1722670870373077, 0.10278679917860596, -0.12363470086129058, -0.02961795299498356, 0.08753904287586721, -0.08078044147638686, 0.11251829948654112, 0.021583003211718216, -0.23909451209246263]
grad_weight1
[-0.026364683436461995, -0.00497226676116401, 0.12181110552247941, -0.22496800527668154, 0.0360522748966384, 0.09688094043422976, -0.04531979076175019, 0.3803599476777829, -0.0905272621042432, 0.28358480230991634, -0.041938798250393095, -0.1743190756064926, 0.05843378855079426, -0.22473131404982008, 0.11902752547797907, -0.02525643940717083]
grad_bias1
[-0.053707714921979295, 0.2237171070647773, 0.03618998798070235, 0.009257887143568505, 0.014123692110002558, 0.001022111588730053, -0.00046957327931865966, 0.19723704857072719, 0.021585139983459713, -0.006147977261736713, 0.14234019824225327, 0.009452245509064582, 0.009967719022103467, 0.12457599063871659, -0.0043223816120260775, 0.17479855697391122]
grad_weight2
[-0.0540351697686878, -0.07844959351161726, -0.07482434090111786, 0.028727004349664475, -0.24032473399629772, -0.3793393983581194, -0.12117191440592005, -0.30486575274761674, -0.09445237914381036, -0.17177731146435213, -0.10284522007967958, 0.01351735400704551, -0.18463491208621446, -0.15437235370884456, -0.16090061731376157, -0.16357249364989684]
grad_bias2
[-0.11003245131945474, -0.23246129803115625, -0.03306372761800798, -0.1737486522105685, -0.1548205759542161, -0.07141949326617507, -0.18440812933634065, -0.09352801805363165, -0.12373285399931226, -0.18403103677631139, -0.13627118054331142, -0.005803552046563992, -0.17651878991441597, -0.19257857683369145, -0.13625638997631165, -0.15757879919971632]
grad_target
[0.11003245131945474, 0.23246129803115625, 0.03306372761800798, 0.1737486522105685, 0.1548205759542161, 0.07141949326617507, 0.18440812933634065, 0.09352801805363165, 0.12373285399931226, 0.18403103677631139, 0.13627118054331142, 0.005803552046563992, 0.17651878991441597, 0.19257857683369145, 0.13625638997631165, 0.15757879919971632]
step_loss
1.3807195510031565
grad_input
[-0.07572233550488917, 0.07125899416005047, 0.19707002496603576, -0.15567355863070326, -0.031022870715812965, 0.07983666622192534, -0.09567687435683231, -0.16981948284958429, 0.10128368734764212, -0.12184846078349312, -0.02906141438965408, 0.08597405393552911, -0.07882330624226408, 0.10953587262371997, 0.02097331639452729, -0.23426577679952398]
grad_weight1
[-0.02650615354930341, -0.004710408037741323, 0.12033138793036066, -0.22087751260466465, 0.03572297465674737, 0.09494135743204112, -0.0447747817477911, 0.37384853668397044, -0.08950081906660516, 0.27841287529095016, -0.041442897848499326, -0.1716685286513629, 0.0576232162722289, -0.2205466269665359, 0.11760769723743209, -0.024531647885425764]
grad_bias1
[-0.05361081205171813, 0.21969284863732252, 0.03571653809879809, 0.009292499591668616, 0.013547752416041602, 0.0010237072702812603, -0.0005022066809238985, 0.19428155060529553, 0.021034569415647637, -0.0059785379403637165, 0.14063240766451834, 0.009500625566597474, 0.010006494608867829, 0.12218041432226164, -0.004255056492699143, 0.17162397783888772]
grad_weight2
[-0.05392827196348721, -0.0780638346324321, -0.07433456933756051, 0.028189250777041507, -0.23708460540748336, -0.374374910497627, -0.11987158050396204, -0.3010220517746418, -0.09394023548508725, -0.1701249320860145, -0.10208021918272442, 0.013078885075868716, -0.18072052330302268, -0.15192615918507035, -0.15714428199011288, -0.16106823783623264]
grad_bias2
[-0.10972713553667834, -0.23103882165244888, -0.03370534004481948, -0.1727251221720956, -0.1540796214417901, -0.07158918844022993, -0.18339887710869238, -0.09357908183152021, -0.12358239931893163, -0.18319886903948088, -0.1358701870109856, -0.006262248490910394, -0.17511139508451326, -0.1915986256769978, -0.1350791418719257, -0.15677495696688587]
grad_target
[0.10972713553667834, 0.23103882165244888, 0.03370534004481948, 0.1727251221720956, 0.1540796214417901, 0.07158918844022993, 0.18339887710869238, 0.09357908183152021, 0.12358239931893163, 0.18319886903948088, 0.1358701870109856, 0.006262248490910394, 0.17511139508451326, 0.1915986256769978, 0.1350791418719257, 0.15677495696688587]
step_loss
1.3670960028700798
grad_input
[-0.0744806975632695, 0.07025220269484056, 0.19305290568610073, -0.15283372316598076, -0.030242692376353523, 0.07818556795308208, -0.09379769733863573, -0.16743278466128952, 0.09980571005966381, -0.1200897638590304, -0.028514781629365576, 0.08443792860567609, -0.07692587063953349, 0.10665013133828327, 0.020378984431280042, -0.22956909949728266]
grad_weight1
[-0.02664711853567789, -0.004460453586749111, 0.11887292535124579, -0.21689051711496737, 0.03540141401932337, 0.09305194682555747, -0.04423785142180166, 0.3675013785261854, -0.08849285340430074, 0.27334898550365977, -0.04095279917702867, -0.16907717657852006, 0.056825196670256, -0.21645191325778704, 0.11620714183905521, -0.023830820369547867]
grad_bias1
[-0.053515041382471276, 0.21575185708016656, 0.03525057520059273, 0.009329516899498326, 0.012984281674342377, 0.001024454323148035, -0.0005344959738726483, 0.19139801724214034, 0.020491613577370383, -0.005811553527212354, 0.13894851684321552, 0.00954623089571487, 0.010044460754293966, 0.11984279214280502, -0.0041887528568327875, 0.168531589216512]
grad_weight2
[-0.05382312472361107, -0.0776834102212886, -0.07385420900414022, 0.0276615702706309, -0.23392973345991533, -0.3695371122601042, -0.11860251436474184, -0.2972736386201847, -0.09343291961837454, -0.1684991921884405, -0.10132504598018811, 0.012651593427155963, -0.17692451914966717, -0.14954594415006153, -0.15350430658450706, -0.15862865087116093]
grad_bias2
[-0.1094293265258836, -0.22964237856337583, -0.03433571196746449, -0.17171946083653716, -0.1533547357971486, -0.0717570107665067, -0.18241056294450358, -0.09362994118642509, -0.12343229742093868, -0.18237638295039627, -0.13547261808957703, -0.006713569894020832, -0.17373477430525847, -0.19063857642628326, -0.13392746781491097, -0.15598775353117028]
grad_target
[0.1094293265258836, 0.22964237856337583, 0.03433571196746449, 0.17171946083653716, 0.1533547357971486, 0.0717570107665067, 0.18241056294450358, 0.09362994118642509, 0.12343229742093868, 0.18237638295039627, 0.13547261808957703, 0.006713569894020832, 0.17373477430525847, 0.19063857642628326, 0.13392746781491097, 0.15598775353117028]
step_loss
1.3538127606882182
grad_input
[-0.07326651584350316, 0.06927535956950223, 0.18913642102229333, -0.1500710625290704, -0.029491496717925614, 0.07659138947438816, -0.09197157147200319, -0.16510493691617326, 0.09835230390048698, -0.11835801070145657, -0.027977854580645046, 0.08292997278173929, -0.07508564633397355, 0.10385702697706405, 0.01979927969566242, -0.22499955255013676]
grad_weight1
[-0.02678755491043517, -0.004221621960998845, 0.11743528852359947, -0.2130035329932083, 0.03508734475365893, 0.09121063852556488, -0.043708822032755015, 0.36131294625001664, -0.08750289484362565, 0.2683900854829272, -0.04046847297351671, -0.1665431715649995, 0.05603945502957213, -0.21244443892214343, 0.11482554904634866, -0.023153047093386822]
grad_bias1
[-0.05342041086912927, 0.21189182173106982, 0.034791894683941775, 0.00936879664964721, 0.012432894854830729, 0.001024394241564782, -0.0005664514882651336, 0.18858407879048142, 0.019956117882233282, -0.005646993126588511, 0.13728808982048624, 0.009589178423125972, 0.010081637835001713, 0.11756097771255099, -0.004123441902202404, 0.16551858299780833]
grad_weight2
[-0.05371971340304775, -0.07730826739819655, -0.0733830401953482, 0.027143691763796794, -0.23085709111233793, -0.3648217660988395, -0.11736355636538931, -0.2936173422920759, -0.09293041178197847, -0.16689954042607666, -0.10057956702590683, 0.01223517182830397, -0.17324226858077843, -0.14722923329989582, -0.1499761418384449, -0.15625137867761227]
grad_bias2
[-0.10913872072151812, -0.22827123007270295, -0.034955005237270964, -0.17073115311272755, -0.15264536507311627, -0.07192292582650961, -0.18144250482194854, -0.09368052023516799, -0.1232825379062063, -0.181563399365382, -0.1350784172768769, -0.007157640978193436, -0.17238791143419577, -0.18969773879609664, -0.13280052565570125, -0.1552165990646677]
grad_target
[0.10913872072151812, 0.22827123007270295, 0.034955005237270964, 0.17073115311272755, 0.15264536507311627, 0.07192292582650961, 0.18144250482194854, 0.09368052023516799, 0.1232825379062063, 0.181563399365382, 0.1350784172768769, 0.007157640978193436, 0.17238791143419577, 0.18969773879609664, 0.13280052565570125, 0.1552165990646677]
step_loss
1.3408569395225889
grad_input
[-0.07207898416166793, 0.06832737926673015, 0.1853172987815727, -0.1473829466268065, -0.028768030043899943, 0.07505176308488257, -0.09019654855641245, -0.16283397120956478, 0.09692292131825325, -0.11665261945018042, -0.027450436313455995, 0.08144951270072734, -0.07330027170293987, 0.10115271542711368, 0.019233520099832646, -0.22055243762870946]
grad_weight1
[-0.026927441163046396, -0.003993183032679953, 0.11601805986295947, -0.20921322067891057, 0.03478052873786576, 0.08941547045667876, -0.04318752133480053, 0.3552779434905359, -0.0865304891183952, 0.26353323654046806, -0.03998988695617207, -0.16406474288213044, 0.055265724623348805, -0.20852157796610188, 0.11346261358349069, -0.022497456449910296]
grad_bias1
[-0.05332692712783853, 0.20811051235052502, 0.034340299875925205, 0.0094102011980391, 0.011893222015208043, 0.0010235662408684895, -0.0005980830225391152, 0.18583746339694376, 0.019427931859802614, -0.005484825305268852, 0.13565070037285354, 0.009629579622267001, 0.010118045661006377, 0.11533292777545208, -0.004059096061093053, 0.1625822685052661]
grad_weight2
[-0.05361802317473639, -0.07693835219662859, -0.07292085001486312, 0.026635353501987213, -0.22786378905431423, -0.36022481313696797, -0.11615360620525213, -0.2900501262331648, -0.09243269004075962, -0.1653254389449332, -0.09984364960005766, 0.011829322784817648, -0.16966936098179022, -0.1449736692769595, -0.14655545176381718, -0.15393417670566584]
grad_bias2
[-0.10885502776231695, -0.22692466367643804, -0.0355633802986183, -0.16975970245811997, -0.15195097927260284, -0.07208690363154135, -0.18049404888410922, -0.09373074879458848, -0.12313311058147697, -0.18075974311693171, -0.13468752917693072, -0.007594583587827483, -0.17106983259271888, -0.18877545333204873, -0.1316975070077197, -0.1544609299329657]
grad_target
[0.10885502776231695, 0.22692466367643804, 0.0355633802986183, 0.16975970245811997, 0.15195097927260284, 0.07208690363154135, 0.18049404888410922, 0.09373074879458848, 0.12313311058147697, 0.18075974311693171, 0.13468752917693072, 0.007594583587827483, 0.17106983259271888, 0.18877545333204873, 0.1316975070077197, 0.1544609299329657]
step_loss
1.3282162617964481
grad_input
[-0.07091732688455853, 0.06740722374036899, 0.1815923970218966, -0.14476685089402125, -0.02807110220138577, 0.07356443798367049, -0.08847076828460783, -0.16061800186716993, 0.09551703006319136, -0.11497302509239893, -0.026932333156037807, 0.07999589423653117, -0.07156750429786621, 0.09853354503878993, 0.018681065837745064, -0.21622327288538906]
grad_weight1
[-0.02706675762086981, -0.0037744545223415693, 0.11462083305138952, -0.2055163794592416, 0.034480737456413654, 0.08766458202913774, -0.04267378236520951, 0.349391292899609, -0.08557519727817482, 0.2587756038609483, -0.03951700608411581, -0.1616401928859146, 0.05450374641964969, -0.20468080702200392, 0.1121180351032086, -0.021863213169367422]
grad_bias1
[-0.05323459552410503, 0.20440577562007858, 0.03389560165707529, 0.009453597606569336, 0.011364907585162821, 0.0010220074182070336, -0.0006293998759332695, 0.18315599219490855, 0.01890690902160122, -0.0053250181809470845, 0.1340359317583779, 0.009667540798843847, 0.010153703488747796, 0.11315669626492789, -0.003995688935126712, 0.1597200666041706]
grad_weight2
[-0.05351803904366143, -0.0765736097115636, -0.07246743209220033, 0.026136302659748922, -0.22494706813297197, -0.3557423640954015, -0.1149716191854772, -0.2865690814174381, -0.09193973047006845, -0.16377636302160584, -0.09911716181241127, 0.011433758180822573, -0.1662015938577739, -0.14277700589217476, -0.14323810199551357, -0.15167490377035817]
grad_bias2
[-0.10857796983993595, -0.2256019919471734, -0.03616099609449468, -0.16880463008017943, -0.1512710711195477, -0.07224891828909628, -0.17956456804716353, -0.0937805620052328, -0.12298400545889535, -0.17996524291640842, -0.13429989947530596, -0.008024516776716603, -0.1697796040444881, -0.1878710897496606, -0.13061763563001155, -0.15372020730316646]
grad_target
[0.10857796983993595, 0.2256019919471734, 0.03616099609449468, 0.16880463008017943, 0.1512710711195477, 0.07224891828909628, 0.17956456804716353, 0.0937805620052328, 0.12298400545889535, 0.17996524291640842, 0.13429989947530596, 0.008024516776716603, 0.1697796040444881, 0.1878710897496606, 0.13061763563001155, 0.15372020730316646]
step_loss
1.3158790231865485
grad_input
[-0.06978079744422128, 0.06651389993785142, 0.17795869779837767, -0.14222035131680222, -0.02739958288637858, 0.07212727359075895, -0.08679245352930928, -0.15845522178442295, 0.09413411265249395, -0.1133186788191192, -0.026423354736917173, 0.07856848222369078, -0.0698852138185645, 0.0959960453668545, 0.018141316379530925, -0.21200778097081371]
grad_weight1
[-0.0272054863219643, -0.003564798775282055, 0.11324321264509331, -0.20190994050952382, 0.03418775152682192, 0.0859562080519625, -0.04216744323337055, 0.3436481252633181, -0.08463659503307654, 0.2541144518766708, -0.03904979279982673, -0.1592678932545046, 0.05375326880133406, -0.2009197002936633, 0.11079151815017747, -0.021249516599787292]
grad_bias1
[-0.053143420255571186, 0.20077553183272664, 0.03345761810626824, 0.00949885756612352, 0.010847609690380781, 0.0010197529001709626, -0.0006604108787601337, 0.1805375747347943, 0.018392906732365804, -0.00516753950352156, 0.13244337647117524, 0.009703163359615853, 0.010188630034091617, 0.11103042875456876, -0.003933195234036093, 0.15692950416710993]
grad_weight2
[-0.05341974585993364, -0.07621398423607376, -0.0720225863145486, 0.025646294976132945, -0.2221042922649999, -0.3513706907609361, -0.11381660275490403, -0.2831714198624531, -0.0914515073267742, -0.1622518007115857, -0.09839997269504726, 0.011048198935202558, -0.16283496131021796, -0.14063710180101313, -0.14002014887036413, -0.14947151629417804]
grad_bias2
[-0.10830728108434284, -0.2243025514788839, -0.03674800998314606, -0.16786547417814823, -0.15060515490265214, -0.07240894769369852, -0.17865346068832708, -0.09382989998081546, -0.1228352127552291, -0.17917973125905504, -0.133915474915005, -0.00844755689199031, -0.16851633019871173, -0.1869840453764296, -0.1295601659011266, -0.15299391583722283]
grad_target
[0.10830728108434284, 0.2243025514788839, 0.03674800998314606, 0.16786547417814823, 0.15060515490265214, 0.07240894769369852, 0.17865346068832708, 0.09382989998081546, 0.1228352127552291, 0.17917973125905504, 0.133915474915005, 0.00844755689199031, 0.16851633019871173, 0.1869840453764296, 0.1295601659011266, 0.15299391583722283]
step_loss
1.303834060740297
grad_input
[-0.06866867694282203, 0.06564645747387418, 0.17441330126940413, -0.1397411197318088, -0.02675239819178188, 0.07073823330143282, -0.0851599059230213, -0.1563438985088716, 0.09277366585889119, -0.11168904741313684, -0.025923314015404868, 0.07716665980828966, -0.06825137556015543, 0.09353691666674704, 0.017613707696553516, -0.20790187782786157]
grad_weight1
[-0.02734361089674689, -0.003363619766560827, 0.11188481369920841, -0.19839096034865028, 0.03390136025358546, 0.0842886730546534, -0.041668346920182536, 0.3380437692608936, -0.08371427213282487, 0.24954713990141453, -0.03858820725502398, -0.15694628145534945, 0.05301404729867485, -0.19723592480621494, 0.10948277212044671, -0.020655599082781168]
grad_bias1
[-0.053053404429786184, 0.1972177717623204, 0.03302617416498458, 0.009545857311606856, 0.010340999513819182, 0.0010168359785011725, -0.0006911244206493848, 0.1779802046765972, 0.017885786086316274, -0.005012356729757542, 0.13087263600307178, 0.00973654406551895, 0.010222843485275012, 0.10895235727276698, -0.003871590718117915, 0.15420820886630895]
grad_weight2
[-0.05332312833178311, -0.07585941938729704, -0.07158611857280006, 0.025165094407478397, -0.21933294179847979, -0.34710621795745855, -0.11268761330117337, -0.2798544685291785, -0.09096799320831166, -0.16075125250672664, -0.09769195228538788, 0.010672374672561033, -0.15956564324485628, -0.13855191459878258, -0.13689782918136137, -0.14732206292399008]
grad_bias2
[-0.10804270698358454, -0.22302570188391885, -0.03732457766487984, -0.16694178922278752, -0.1499527653870133, -0.07256697324030137, -0.17776014940835178, -0.09387870748155568, -0.12268672289080505, -0.17840304433128584, -0.13353420327299823, -0.008863817654861036, -0.16727915172982744, -0.18611374368989925, -0.12852438137823405, -0.15228156246468738]
grad_target
[0.10804270698358454, 0.22302570188391885, 0.03732457766487984, 0.16694178922278752, 0.1499527653870133, 0.07256697324030137, 0.17776014940835178, 0.09387870748155568, 0.12268672289080505, 0.17840304433128584, 0.13353420327299823, 0.008863817654861036, 0.16727915172982744, 0.18611374368989925, 0.12852438137823405, 0.15228156246468738]
step_loss
1.2920707230500548
grad_input
[-0.0675802728412938, 0.06480398644473302, 0.17095342013811166, -0.1373269193836391, -0.026128527380454642, 0.06939537864262318, -0.08357150171019512, -0.15428237054940672, 0.09143520022159776, -0.11008361266699575, -0.02543202730177058, 0.07578982782471406, -0.06666406429681515, 0.09115302008863048, 0.017097709698477223, -0.2039016622051287]
grad_weight1
[-0.02748111645784397, -0.0031703603173781347, 0.11054526140885904, -0.1949566146801977, 0.0336213612075578, 0.0826603859872641, -0.04117634108723649, 0.3325737418205661, -0.0828078317779616, 0.24507111800559622, -0.03813220752112653, -0.15467385742595516, 0.05228584433397447, -0.19362723593861295, 0.10819151121734694, -0.020080724418216366]
grad_bias1
[-0.052964550137269605, 0.19373055369997103, 0.03260110131973362, 0.009594477530418848, 0.009844760691893035, 0.0010132882349174876, -0.000721548476909379, 0.1754819557274293, 0.017385411788203697, -0.004859437091816945, 0.12932332061217403, 0.009767775270147156, 0.010256361515771716, 0.1069207954545831, -0.0038108521441185313, 0.15155390427059823]
grad_weight2
[-0.05322817103840125, -0.07550985822257414, -0.07115784052085526, 0.02469247279662469, -0.2166306072920323, -0.34294551598605805, -0.11158375316777644, -0.2766156635826085, -0.09048915920060006, -0.1592742310017215, -0.09699297170033329, 0.01030602340825263, -0.15638999525823571, -0.13651949530360222, -0.13386755056012412, -0.14522467949465964]
grad_bias2
[-0.1077840038357253, -0.22177082483914906, -0.03789085311816327, -0.166033145271866, -0.14931345678914149, -0.07272297955852006, -0.17688407986376595, -0.09392693360964184, -0.12253852648818703, -0.1776350219202244, -0.13315603333735254, -0.009273410238325994, -0.16606724380577267, -0.18525963294507722, -0.12750959343591134, -0.1515826752294292]
grad_target
[0.1077840038357253, 0.22177082483914906, 0.03789085311816327, 0.166033145271866, 0.14931345678914149, 0.07272297955852006, 0.17688407986376595, 0.09392693360964184, 0.12253852648818703, 0.1776350219202244, 0.13315603333735254, 0.009273410238325994, 0.16606724380577267, 0.18525963294507722, 0.12750959343591134, 0.1515826752294292]
step_loss
1.2805788423335263
grad_input
[-0.06651491772575144, 0.06398561537356677, 0.1675763744065542, -0.1349756007236097, -0.025526999866890148, 0.0680968638022687, -0.08202568785264469, -0.15226904389736265, 0.09011823957840077, -0.10850187082909855, -0.024949314268177262, 0.07443740419708313, -0.06512144856955673, 0.08884136851670404, 0.016592823865264714, -0.20000340583676823]
grad_weight1
[-0.02761798949753789, -0.0029844995069610164, 0.10922419076560698, -0.19160419259242578, 0.03334755982914235, 0.08106983527111716, -0.04069127789521997, 0.32723373903135844, -0.08191689006121226, 0.24068392311636835, -0.03768174978534246, -0.1524491804534616, 0.05156842897751, -0.19009147321894554, 0.10691745440428943, -0.019524186411866845]
grad_bias1
[-0.05287685852014993, 0.19031200064640555, 0.03218223730152431, 0.009644603265635881, 0.009358588743388557, 0.0010091396560161137, -0.0007516906331433657, 0.17304097780807917, 0.016891652038915243, -0.004708747660111256, 0.12779504909813774, 0.009796945144536513, 0.01028920129705352, 0.10493413400631052, -0.003750957214323413, 0.14896440522576399]
grad_weight2
[-0.053134858442578724, -0.07516524334646704, -0.07073756934735308, 0.02422820955766081, -0.21399498368139386, -0.3388852935024967, -0.11050416787942564, -0.27345254498859084, -0.0900149750156207, -0.1578202605694286, -0.09630290320221947, 0.009948891246776207, -0.15330453915489176, -0.1345379831981316, -0.1309258824442256, -0.14317758431394614]
grad_bias2
[-0.107530938230913, -0.22053732317844046, -0.038446988544228594, -0.16513912731931848, -0.14868680181117916, -0.07287695426611152, -0.17602471966438832, -0.09397453152521601, -0.12239061437062015, -0.1768755073254518, -0.13278091488493346, -0.009676443341965449, -0.16487981441762795, -0.18442118488505704, -0.12651513997947003, -0.15089680220528953]
grad_target
[0.107530938230913, 0.22053732317844046, 0.038446988544228594, 0.16513912731931848, 0.14868680181117916, 0.07287695426611152, 0.17602471966438832, 0.09397453152521601, 0.12239061437062015, 0.1768755073254518, 0.13278091488493346, 0.009676443341965449, 0.16487981441762795, 0.18442118488505704, 0.12651513997947003, 0.15089680220528953]
step_loss
1.269348708281618
grad_input
[-0.0654719681461514, 0.06319050927752257, 0.1642795864217063, -0.13268509743456003, -0.02494689239245562, 0.06684093050499339, -0.08052097837061985, -0.1503023887456294, 0.08882232061774095, -0.10694333207627083, -0.02447499795135754, 0.07310882336422102, -0.06362178534801351, 0.0865991180057202, 0.016098581058448025, -0.19620354424000952]
grad_weight1
[-0.02775421779225708, -0.002805550265368828, 0.10792124622849414, -0.18833109109253254, 0.03307976905376181, 0.0795155841746435, -0.04021301383101498, 0.3220196275731333, -0.0810410754371775, 0.23638317532757563, -0.03723678853336702, -0.15027086623938754, 0.050861576714184606, -0.18662655636432085, 0.10566032535483681, -0.01898530750063082]
grad_bias1
[-0.0527903298366432, 0.18696029765009678, 0.03176942580134053, 0.009696123815009589, 0.008882190529072546, 0.001004418739096563, -0.000781558108246022, 0.17065549343380043, 0.016404378425426497, -0.004560255400899222, 0.12628744858392973, 0.009824137889128661, 0.010321379511227783, 0.10299083646016571, -0.003691884528638502, 0.1464376134987858]
grad_weight2
[-0.05304317490309312, -0.07482551700932394, -0.07032512755903839, 0.023772091375376073, -0.21142386480593858, -0.3349223908029022, -0.10944804355962574, -0.27036275142421146, -0.08954540911938326, -0.15638887704488807, -0.09562162025726337, 0.009600732092861879, -0.15030595405081, -0.13260560100353114, -0.12806954758935576, -0.14117907374532015]
grad_bias2
[-0.10728328656167835, -0.21932462002881692, -0.0389931343194599, -0.16425933467614134, -0.14807239073044842, -0.07302888774024481, -0.17518155733197044, -0.09402145818139725, -0.12224297756026363, -0.17612434727292858, -0.13240879865966015, -0.010073023263970915, -0.16371610280396257, -0.18359789352916714, -0.1255403842280662, -0.15022351047602736]
grad_target
[0.10728328656167835, 0.21932462002881692, 0.0389931343194599, 0.16425933467614134, 0.14807239073044842, 0.07302888774024481, 0.17518155733197044, 0.09402145818139725, 0.12224297756026363, 0.17612434727292858, 0.13240879865966015, 0.010073023263970915, 0.16371610280396257, 0.18359789352916714, 0.1255403842280662, 0.15022351047602736]
step_loss
1.2583710435464601
grad_input
[-0.06445080352212176, 0.06241786784854489, 0.16106057619405534, -0.13045342266743742, -0.024387326380328297, 0.06562590320954123, -0.07905595090331145, -0.14838093639293995, 0.08754699244971398, -0.1054075200112043, -0.024008904747923953, 0.07180353572710199, -0.0621634150386849, 0.08442355977065921, 0.015614539497335003, -0.19249866808569702]
grad_weight1
[-0.02788979031359861, -0.002633057133795913, 0.10663608140892133, -0.1851348099525054, 0.0328178089581844, 0.07799626649085473, -0.03974140954299623, 0.3169274366301871, -0.08018002821864229, 0.23216657440568766, -0.036797276719593805, -0.14813758413694256, 0.050165069220305517, -0.1832304815485235, 0.10441985240038659, -0.018463437450340514]
grad_bias1
[-0.05270496352161908, 0.1836736892817858, 0.03136251620065362, 0.009748932626754218, 0.00841528374010923, 0.000999152589699603, -0.0008111577758962377, 0.1683237942956158, 0.015923465814905714, -0.004413927229019139, 0.12480015430387945, 0.009849433933728195, 0.010352912363532639, 0.10108943519832841, -0.0036336135394671293, 0.143971513668051]
grad_weight2
[-0.05295310468681077, -0.07449062119800492, -0.06992034277503915, 0.023323911918627684, -0.20891513826984603, -0.3310537734907494, -0.10841460452568737, -0.2673440154808002, -0.08908042885095536, -0.15497962741785584, -0.09494899758710645, 0.00926130737462621, -0.14739106802232343, -0.13072065036131664, -0.12529541408934375, -0.13922751806725503]
grad_bias2
[-0.10704083455970911, -0.21813215798785002, -0.039529438954898424, -0.16339338038121848, -0.1474698305407376, -0.07317877290522326, -0.17435410131611717, -0.09406767407697822, -0.12209560727623396, -0.17538139183105086, -0.1320396363512946, -0.010463253970527775, -0.16257537796371013, -0.18278927403340023, -0.12458471356319269, -0.14956238517525455]
grad_target
[0.10704083455970911, 0.21813215798785002, 0.039529438954898424, 0.16339338038121848, 0.1474698305407376, 0.07317877290522326, 0.17435410131611717, 0.09406767407697822, 0.12209560727623396, 0.17538139183105086, 0.1320396363512946, 0.010463253970527775, 0.16257537796371013, 0.18278927403340023, 0.12458471356319269, 0.14956238517525455]
step_loss
1.2476369807525487
grad_input
[-0.06345082511129588, 0.061666923740129845, 0.15791695697102204, -0.1282786654764641, -0.023847465457363253, 0.06445018460534044, -0.07762924347381668, -0.14650327632143217, 0.08629181619499039, -0.10389397118331363, -0.023550864403121746, 0.07052100711775575, -0.06074475681436661, 0.08231211268916054, 0.015140282887005127, -0.1888855151008432]
grad_weight1
[-0.028024697145413696, -0.0024665941800105645, 0.10536835876865269, -0.18201294684570002, 0.0325615064263868, 0.07651058249480255, -0.03927632968406825, 0.3119533502563967, -0.07933340009791437, 0.22803189647890865, -0.03636316592567997, -0.14604805454926773, 0.04947869414994503, -0.17990131788195887, 0.10319576847578109, -0.01795795212158309]
grad_bias1
[-0.05262075824348868, 0.18045047723673827, 0.03096136331606803, 0.009802927192973349, 0.007957596413526183, 0.0009933670115663846, -0.0008404961846530763, 0.1660442380294169, 0.01544879225278189, -0.004269730056116794, 0.12333280939782443, 0.009872910126210598, 0.010383815594673561, 0.09922852772719043, -0.00357612450920038, 0.14156416924307483]
grad_weight2
[-0.05286463198047081, -0.07416049771933639, -0.06952304753137642, 0.022883471566887175, -0.20646678061460697, -0.32727652650021716, -0.10740311104765911, -0.2643941591402125, -0.08862000053317814, -0.15359206953368168, -0.09428491121401887, 0.00893038577820219, -0.14455685026277018, -0.1288815076007618, -0.12260048786986666, -0.13732135758927236]
grad_bias2
[-0.10680337685746563, -0.21695939833997757, -0.040056049062254434, -0.1625408906403943, -0.1468787441419975, -0.07332660503542761, -0.17354187906390645, -0.09411314302553553, -0.12194849493247797, -0.17464649432880058, -0.13167338057474678, -0.010847237162673232, -0.16145693725185858, -0.18199486161826872, -0.12364753843847293, -0.14891302858238017]
grad_target
[0.10680337685746563, 0.21695939833997757, 0.040056049062254434, 0.1625408906403943, 0.1468787441419975, 0.07332660503542761, 0.17354187906390645, 0.09411314302553553, 0.12194849493247797, 0.17464649432880058, 0.13167338057474678, 0.010847237162673232, 0.16145693725185858, 0.18199486161826872, 0.12364753843847293, 0.14891302858238017]
step_loss
1.237138040923352
grad_input
[-0.06247145503585277, 0.06093694095296276, 0.1548464310487976, -0.12615898744064408, -0.02332651313113234, 0.06331225138733494, -0.07623955144473825, -0.14466805343644723, 0.08505636459071678, -0.10240223463164597, -0.023100709993758996, 0.06926071828867189, -0.059364304241545304, 0.08026231627961936, 0.014675418686046743, -0.1853609624655123]
grad_weight1
[-0.028158929406520775, -0.0023057630575467475, 0.10411774933028037, -0.1789631927549093, 0.03231069483372654, 0.07505729516107762, -0.03881764276201067, 0.3070937001623904, -0.07850085369171286, 0.22397699089765688, -0.03593440650824483, -0.14400104647784556, 0.04880224493037769, -0.17663720408960515, 0.10198781106312738, -0.017468252299306493]
grad_bias1
[-0.0525377119576323, 0.1772890180567352, 0.03056582715726043, 0.009858008941469622, 0.007508866473092253, 0.0009870865896645254, -0.0008695795767537381, 0.16381524516105392, 0.01498023886460097, -0.004127630834702999, 0.12188506471115981, 0.009894639910684967, 0.010414104492987112, 0.0974067731841738, -0.0035193984701519885, 0.1392137189985578]
grad_weight2
[-0.05277774090212739, -0.07383508827682013, -0.06913307909508075, 0.022450577149272812, -0.2040768527813816, -0.32358784845285626, -0.10641285725878066, -0.26151108950648805, -0.08816408957564638, -0.15222577180235236, -0.09362923850028365, 0.008607742993288375, -0.14180040371213587, -0.12708661977131175, -0.1199819056242339, -0.13545909900659334]
grad_bias2
[-0.10657071657311935, -0.2158058203096018, -0.04057310932586494, -0.16170150429221866, -0.14629876957535806, -0.07347238157234698, -0.17274443613988105, -0.09415783193979135, -0.12180163213549405, -0.17391951127594923, -0.1313099848498801, -0.011225072340741063, -0.16036010505265752, -0.18121421055959425, -0.12272829134696946, -0.1482750592708772]
grad_target
[0.10657071657311935, 0.2158058203096018, 0.04057310932586494, 0.16170150429221866, 0.14629876957535806, 0.07347238157234698, 0.17274443613988105, 0.09415783193979135, 0.12180163213549405, 0.17391951127594923, 0.1313099848498801, 0.011225072340741063, 0.16036010505265752, 0.18121421055959425, 0.12272829134696946, 0.1482750592708772]
step_loss
1.2268661132242307
grad_input
[-0.06151213536330895, 0.06022721331289405, 0.15184678580742303, -0.12409261946024841, -0.02282371061129005, 0.06221065028983263, -0.0748856246516382, -0.14287396545831382, 0.08384022161252246, -0.10093187144857757, -0.02265827790598058, 0.06802216442179536, -0.058020621184407636, 0.07827182412086343, 0.014219576502983583, -0.18192201966937008]
grad_weight1
[-0.02829247917864426, -0.002150191198151505, 0.10288393239952359, -0.17598332763416583, 0.03206521374828178, 0.07363522662294245, -0.03836522099672802, 0.3023449588974626, -0.07768206210823077, 0.21999977725550998, -0.03551094773642715, -0.14199537521112293, 0.04813552056612043, -0.17343634537379438, 0.10079572213408926, -0.016993762582308038]
grad_bias1
[-0.05245582195657387, 0.17418772096440313, 0.03017577269742625, 0.009914083126585127, 0.007068841294081759, 0.0009803347668683922, -0.0008984139057046685, 0.16163529621644493, 0.014517689761503798, -0.003987596598350164, 0.12045657860060878, 0.009914693495766297, 0.010443793906419205, 0.09562288906084511, -0.003463417186780504, 0.13691837350879646]
grad_weight2
[-0.05269241551223118, -0.07351433454108493, -0.06875027928733296, 0.022025041695416366, -0.20174349584338375, -0.319985046326195, -0.105443169206083, -0.25869279477631857, -0.08771266057048877, -0.15088031291552034, -0.09298185818223842, 0.008293161469090392, -0.13911895812755787, -0.1253345009211202, -0.1174369281619874, -0.13363931197668535]
grad_bias2
[-0.10634266491740181, -0.21467092034895735, -0.04108076248008179, -0.16087487229889297, -0.14572955930059564, -0.07361610195465565, -0.17196133539331449, -0.09420171063015294, -0.12165501068191904, -0.17320030228527314, -0.1309494035818009, -0.011596856866500138, -0.1592842315254305, -0.18044689323806867, -0.12182642584249162, -0.14764811130545483]
grad_target
[0.10634266491740181, 0.21467092034895735, 0.04108076248008179, 0.16087487229889297, 0.14572955930059564, 0.07361610195465565, 0.17196133539331449, 0.09420171063015294, 0.12165501068191904, 0.17320030228527314, 0.1309494035818009, 0.011596856866500138, 0.1592842315254305, 0.18044689323806867, 0.12182642584249162, 0.14764811130545483]
step_loss
1.2168134359303298
grad_input
[-0.06057232723791196, 0.05953706303519205, 0.14891588995505872, -0.12207785871772009, -0.022338334765261217, 0.06114399436159774, -0.07356626470252982, -0.14111976045659988, 0.08264298211180904, -0.09948245436311523, -0.022223407808490123, 0.06680485465624678, -0.056712337965818295, 0.07633839768206187, 0.013772406611255512, -0.17856582179598596]
grad_weight1
[-0.028425339439208344, -0.0019995301278125793, 0.10166659529877306, -0.1730712163078738, 0.03182490864829647, 0.07224325485611766, -0.037918940184026924, 0.2977037334010041, -0.07687670853508495, 0.21609824256053375, -0.035092737919973055, -0.1400299001441358, 0.04747832545112964, -0.17029701044964554, 0.09961924809088425, -0.016533930328992655]
grad_bias1
[-0.05237508491709459, 0.17114504580303527, 0.029791069655502184, 0.009971058719634971, 0.006637277290502361, 0.0009731339148281661, -0.0009270048527501544, 0.15950292898651114, 0.01406103194916637, -0.0038495944983143733, 0.11904701674553417, 0.009933138013567365, 0.01047289825430729, 0.09387564812730986, -0.003408163120053314, 0.13467641186953777]
grad_weight2
[-0.05260863982433385, -0.07319817821453058, -0.06837449431508824, 0.021606684197550543, -0.19946492698998416, -0.31646553041446784, -0.10449340303068926, -0.25593734043296845, -0.08726567738144396, -0.1495552815713349, -0.09234265039941494, 0.007986430180159161, -0.1365098635649972, -0.12362372860432544, -0.11496293414321253, -0.13186062590229872]
grad_bias2
[-0.10611904082104875, -0.21355421145886702, -0.04157914929161473, -0.16006065726103852, -0.1451707795133849, -0.07375776746037453, -0.17119215616986852, -0.09424475161643783, -0.12150862255599623, -0.17248872999673853, -0.13059159204161797, -0.011962686023088073, -0.15822869141843202, -0.1796924992437318, -0.1209414156116327, -0.1470318334849668]
grad_target
[0.10611904082104875, 0.21355421145886702, 0.04157914929161473, 0.16006065726103852, 0.1451707795133849, 0.07375776746037453, 0.17119215616986852, 0.09424475161643783, 0.12150862255599623, 0.17248872999673853, 0.13059159204161797, 0.011962686023088073, 0.15822869141843202, 0.1796924992437318, 0.1209414156116327, 0.1470318334849668]
step_loss
1.2069725785351841
grad_input
[-0.0596515100592726, 0.05886583936946321, 0.1460516899684304, -0.12011306579318254, -0.021869696199012037, 0.060110959465764294, -0.07228032243246924, -0.13940423451798004, 0.0814642514675537, -0.09805356734270487, -0.02179594262176896, 0.06560831163394952, -0.05543814776717487, 0.07445990053400833, 0.01333357857345148, -0.17528962320548236]
grad_weight1
[-0.02855750399864148, -0.0018534538974346454, 0.10046543311132738, -0.17022480459210051, 0.03158963065474135, 0.07088031057153574, -0.03747867956556656, 0.293166758900095, -0.07608448584695833, 0.2122704385476711, -0.03467972452848151, -0.1381035227205988, 0.0468304691887413, -0.1672175287418966, 0.09845813970620351, -0.016088224656055784]
grad_bias1
[-0.052295496944468486, 0.16815950107556218, 0.02941159228947984, 0.010028848299421241, 0.006213939523459426, 0.0009655053995143681, -0.0009553578422963552, 0.1574167359374522, 0.013610155240054024, -0.003713591836848468, 0.11765605196462002, 0.009950037669978552, 0.010501431538956975, 0.09216387554401784, -0.003353619393816553, 0.13248617859535025]
grad_weight2
[-0.05252639781540687, -0.0728865610905842, -0.06800557461068098, 0.021195329383239696, -0.19723943574562008, -0.3130268095630778, -0.10356294326822485, -0.2532428656494172, -0.08682310322669247, -0.14825027620689255, -0.09171149671918222, 0.007687344401657505, -0.13397058424461217, -0.12195294060105329, -0.11255741417343848, -0.13012172690679055]
grad_bias2
[-0.10589967058161426, -0.2124552225406226, -0.042068408546393876, -0.15925853295499875, -0.1446221094998563, -0.0738973810602324, -0.17043649356495513, -0.09428692995186798, -0.12136245992693971, -0.17178466000361378, -0.13023650634765785, -0.012322653072835213, -0.15719288294651446, -0.17895063453178803, -0.12007275359349717, -0.1464258886281155]
grad_target
[0.10589967058161426, 0.2124552225406226, 0.042068408546393876, 0.15925853295499875, 0.1446221094998563, 0.0738973810602324, 0.17043649356495513, 0.09428692995186798, 0.12136245992693971, 0.17178466000361378, 0.13023650634765785, 0.012322653072835213, 0.15719288294651446, 0.17895063453178803, 0.12007275359349717, 0.1464258886281155]
step_loss
1.197336424922291
grad_input
[-0.05874918070512737, 0.05821291732003775, 0.1432522067173768, -0.11819666192541387, -0.021417137454368667, 0.05911028098938687, -0.07102669550311672, -0.1377262295394854, 0.08030364525190398, -0.09664480521251914, -0.021375728483788697, 0.06443207106238408, -0.05419680325046447, 0.07263429291519398, 0.01290277996625705, -0.17209079158841087]
grad_weight1
[-0.028688967441875355, -0.0017116576199231043, 0.09928014843580035, -0.16744211562398265, 0.03135923627806934, 0.06954537430257235, -0.03704432170465135, 0.2887308931316186, -0.07530509623181247, 0.20851447912355017, -0.03427185430238941, -0.13621518448954706, 0.0461917664189609, -0.1641962877327201, 0.09731215206224941, -0.015656135486986703]
grad_bias1
[-0.05221705361398997, 0.16522964207678645, 0.02903721920017139, 0.010087367943247761, 0.0057986013294179, 0.0009574696418812004, -0.000983478056362869, 0.15537536175753294, 0.013164952168845282, -0.003579556097452083, 0.11628336403775574, 0.009965453886765147, 0.01052940735700545, 0.09048644614816377, -0.0032997697630449936, 0.1303460806814766]
grad_weight2
[-0.0524456734357647, -0.07257942510795477, -0.06764337467894227, 0.02079080749820999, -0.19506538040786892, -0.30966648665971935, -0.10265120126051604, -0.25060757988751514, -0.08638490075587234, -0.14696490473812518, -0.09108828015726862, 0.0073957054936115135, -0.13149869277440876, -0.12032083183538604, -0.1102179652358244, -0.12842135498862267]
grad_bias2
[-0.10568438752851213, -0.2113734977773373, -0.042548677040549904, -0.15846818389146558, -0.14408324102615186, -0.07403494728141065, -0.1696939577162983, -0.09432822305848423, -0.12121651514620811, -0.17108796078046723, -0.12988410344712364, -0.012676849313070726, -0.15617622672866835, -0.17822092062644515, -0.1192199511442866, -0.145829952899221]
grad_target
[0.10568438752851213, 0.2113734977773373, 0.042548677040549904, 0.15846818389146558, 0.14408324102615186, 0.07403494728141065, 0.1696939577162983, 0.09432822305848423, 0.12121651514620811, 0.17108796078046723, 0.12988410344712364, 0.012676849313070726, 0.15617622672866835, 0.17822092062644515, 0.1192199511442866, 0.145829952899221]
step_loss
1.1878981575278296
grad_input
[-0.057864852795362236, 0.0575776964369998, 0.14051553226229696, -0.11632712640977774, -0.020980031314991605, 0.05814075074858045, -0.06980432613787974, -0.13608463113947333, 0.07916078890888452, -0.09525577329126748, -0.020962614712668734, 0.06327568129372982, -0.052987113387141266, 0.07085962662815581, 0.012479715198278105, -0.1689668023658243]
grad_weight1
[-0.028819725073742728, -0.0015738561060603534, 0.09811045115020711, -0.16472124638623434, 0.031133587178306082, 0.06823747367335586, -0.03661575236755446, 0.28439311086882424, -0.0745382508346292, 0.20482853793570915, -0.03386907335623775, -0.1343638652691939, 0.0455620366527399, -0.16123173045088285, 0.09618104448906822, -0.015237172647507048]
grad_bias1
[-0.05213975000995469, 0.16235406911342226, 0.02866783314482928, 0.010146537118796223, 0.005391043967204331, 0.0009490461740528158, -0.0010113704481285917, 0.1533775010321581, 0.01272531791089294, -0.003447454972286572, 0.11492863953296006, 0.009979445435976694, 0.010556838910565232, 0.08884228190283305, -0.0032465985838544533, 0.12825458481994764]
grad_weight2
[-0.05236645061859069, -0.07227671240024683, -0.06728775295139526, 0.020392954098766583, -0.19294118469020954, -0.3063822543662892, -0.10175761367046186, -0.2480297596808836, -0.08595103212167346, -0.1456987843069401, -0.09047288519450687, 0.0071113206937296666, -0.12909186470861542, -0.11872615147768077, -0.10794228543900311, -0.126758301342922]
grad_bias2
[-0.10547303170521899, -0.2103085960432195, -0.04302008957514203, -0.15768930489429614, -0.1435538777608325, -0.07417047208091807, -0.1689641731333597, -0.09436861057319613, -0.12107078074470114, -0.17039850361300662, -0.12953434109818426, -0.013025364129995748, -0.15517816478177346, -0.17750299386969318, -0.11838253724410705, -0.14524371517151713]
grad_target
[0.10547303170521899, 0.2103085960432195, 0.04302008957514203, 0.15768930489429614, 0.1435538777608325, 0.07417047208091807, 0.1689641731333597, 0.09436861057319613, 0.12107078074470114, 0.17039850361300662, 0.12953434109818426, 0.013025364129995748, 0.15517816478177346, 0.17750299386969318, 0.11838253724410705, 0.14524371517151713]
step_loss
1.1786512424281552
grad_input
[-0.0569980559946424, 0.05695959967338559, 0.1378398268140855, -0.1145029941251766, -0.020557779213704257, 0.05720121407624319, -0.06861219898392971, -0.13447836667917712, 0.07803531744558015, -0.0938860870426336, -0.02055645376668671, 0.06213870291969187, -0.0518079404796293, 0.06913404024348246, 0.012064104413542845, -0.16591523341242498]
grad_weight1
[-0.028949772868003244, -0.001439782592144126, 0.09695605818526755, -0.16206036441468719, 0.03091254993767476, 0.06695568083576658, -0.036192860410080734, 0.2801504987337075, -0.07378366941770145, 0.20121084605880693, -0.03347132727472493, -0.13254858141119139, 0.04494110411289175, -0.15832235309331558, 0.09506458050234176, -0.014830865005262997]
grad_bias1
[-0.05206358076224401, 0.15953142580686247, 0.028303320860060318, 0.010206278577172169, 0.004991056282667646, 0.0009402536914009462, -0.001039039754633647, 0.15142189603956902, 0.012291150203592139, -0.0033172563869662574, 0.11359157163819036, 0.009992068567129028, 0.010583739018142975, 0.08723034949793178, -0.0031940907851674212, 0.1262102147604844]
grad_weight2
[-0.05228871328906208, -0.07197836534126609, -0.06693857164712219, 0.020001609853314773, -0.19086533455607319, -0.3031718910768352, -0.1008816410926146, -0.2455077455901718, -0.08552145904638024, -0.14445154103543426, -0.0898651977901222, 0.006834002918392829, -0.1267478734189552, -0.11716770021866992, -0.10572816906049563, -0.12513140583891136]
grad_bias2
[-0.10526544956764335, -0.2092600903393109, -0.04348277895429446, -0.15692160069845634, -0.14303373472813607, -0.07430396272790092, -0.16824677806144733, -0.09440807420373992, -0.12092524942988989, -0.1697161625297196, -0.12918717785248304, -0.0133682850507061, -0.15419815956715374, -0.17679650471216332, -0.11756005774353731, -0.14466687642561782]
grad_target
[0.10526544956764335, 0.2092600903393109, 0.04348277895429446, 0.15692160069845634, 0.14303373472813607, 0.07430396272790092, 0.16824677806144733, 0.09440807420373992, 0.12092524942988989, 0.1697161625297196, 0.12918717785248304, 0.0133682850507061, 0.15419815956715374, 0.17679650471216332, 0.11756005774353731, 0.14466687642561782]
step_loss
1.1695894152906676
grad_input
[-0.056148335351193145, 0.05635807230439528, 0.1352233158468788, -0.11272285318262704, -0.020149809734416598, 0.05629056708031379, -0.06744933909301272, -0.13290640338818477, 0.07692687513519372, -0.09253537174150155, -0.020157101202011727, 0.06102070838134292, -0.05065819736233417, 0.06745575459058661, 0.011655682474065211, -0.1629337600814115]
grad_weight1
[-0.02907910741974501, -0.0013091875528813135, 0.09581669330648841, -0.15945770467765774, 0.03069599584500757, 0.06569911006365059, -0.035775537669094526, 0.2760002502778932, -0.07304108003656198, 0.19765968979092358, -0.033078561202015785, -0.1307683841589696, 0.0443287975813251, -0.1554667027708093, 0.0939625277407826, -0.014436759651271378]
grad_bias1
[-0.05198854008065591, 0.15676039747395476, 0.027943572893510456, 0.010266518247382337, 0.0045984343899871565, 0.000931110100850086, -0.0010664905086946535, 0.14950733466001398, 0.011862349270534416, -0.003188928522921924, 0.11227185999788332, 0.010003377127590021, 0.010610120125329197, 0.08564965809274812, -0.003142231841929999, 0.12421154880739592]
grad_weight2
[-0.05221244537307567, -0.07168432658632708, -0.06659569663992507, 0.01961662035252877, -0.1888363752317592, -0.3000332570878049, -0.1000227667525885, -0.2430399393200649, -0.08509614288370285, -0.14322280978699878, -0.08926510539185602, 0.006563570571440648, -0.12446458525856807, -0.11564432770373055, -0.10357350186703031, -0.12353955464285404]
grad_bias2
[-0.10506149369773123, -0.20822756725432146, -0.04393687598642787, -0.15616478556609137, -0.14252253779022203, -0.07443542769424599, -0.16754142387847135, -0.09444659759387111, -0.12077991408289221, -0.16904081423527229, -0.12884257303805413, -0.013705697793442495, -0.15323569308676027, -0.17610111704340525, -0.11675207464766453, -0.14409914918095734]
grad_target
[0.10506149369773123, 0.20822756725432146, 0.04393687598642787, 0.15616478556609137, 0.14252253779022203, 0.07443542769424599, 0.16754142387847135, 0.09444659759387111, 0.12077991408289221, 0.16904081423527229, 0.12884257303805413, 0.013705697793442495, 0.15323569308676027, 0.17610111704340525, 0.11675207464766453, 0.14409914918095734]
step_loss
1.1607066681312257
grad_input
[-0.0553152506694572, 0.05577258090475669, 0.13266428735460364, -0.11098534268854615, -0.019755577202382277, 0.05540775406139452, -0.0663148100135499, -0.1313677465876415, 0.07583511523141641, -0.09120326215419029, -0.01976441562849521, 0.05992128159334524, -0.04953684477004275, 0.06582306851594033, 0.011254198015395171, -0.16002015051124974]
grad_weight1
[-0.029207725900928308, -0.001181837593528079, 0.09469208690461392, -0.15691156661673128, 0.030483800691246517, 0.06446691549363368, -0.035363678858755396, 0.2719396613159198, -0.07231021873069367, 0.1941734085535389, -0.032690719924746536, -0.12902235809427626, 0.043724950252289146, -0.15266337537015198, 0.09287465790326892, -0.014054421120789931]
grad_bias1
[-0.051914621787115034, 0.1540397095813916, 0.02758848344382935, 0.01032718513246365, 0.004212981368682028, 0.0009216325657169215, -0.0010937270500863871, 0.14763264839172052, 0.011438817748332018, -0.003062439837518343, 0.1109692105540827, 0.010013422676571028, 0.01063599431525599, 0.08409925719074919, -0.003091007749785342, 0.12225721744430512]
grad_weight2
[-0.05213763080557647, -0.07139453910984953, -0.0662589973314267, 0.019237835927739033, -0.18685290838670388, -0.2969642909678139, -0.09918049528896025, -0.2406248009881921, -0.08467504467621621, -0.1420122339341379, -0.08867249694319754, 0.006299847360400219, -0.12223995499979426, -0.11415493011659097, -0.10147625669440855, -0.12198167797693009]
grad_bias2
[-0.10486102253143881, -0.20721062644927463, -0.044382509488297764, -0.15541858291978491, -0.14202002315666387, -0.07456487655288332, -0.16684777452244448, -0.09448416619716717, -0.12063476775550279, -0.16837233804562454, -0.12850048674263612, -0.014037686316141273, -0.15229026602602466, -0.17541650755911098, -0.11595816543544203, -0.143540256958165]
grad_target
[0.10486102253143881, 0.20721062644927463, 0.044382509488297764, 0.15541858291978491, 0.14202002315666387, 0.07456487655288332, 0.16684777452244448, 0.09448416619716717, 0.12063476775550279, 0.16837233804562454, 0.12850048674263612, 0.014037686316141273, 0.15229026602602466, 0.17541650755911098, 0.11595816543544203, 0.143540256958165]
step_loss
1.151997236825469
grad_input
[-0.054498375914521585, 0.055202612380651515, 0.1301610892429421, -0.10928915061629395, -0.01937456035698566, 0.054551765079381115, -0.0652077119870548, -0.1298614380053884, 0.0747596996935771, -0.0898894022319606, -0.019378258663822166, 0.05884001758194632, -0.04844288886249558, 0.06423435489091801, 0.010859412569564672, -0.1571722611960578]
grad_weight1
[-0.02933562601885499, -0.0010575144157095734, 0.09358197579405363, -0.15442031133928116, 0.03027584457538122, 0.06325828900269125, -0.03495718147121912, 0.2679661254959411, -0.07159082922822131, 0.1907503928892265, -0.0323077479491329, -0.12730961966645196, 0.043129399591344895, -0.14991101352556813, 0.0918007466858377, -0.013683430651436207]
grad_bias1
[-0.05184181934588813, 0.1513681262696203, 0.027237950208454764, 0.010388211207447843, 0.0038345069754360263, 0.0009118375473642492, -0.0011207535360390417, 0.14579671046744017, 0.011020460616002592, -0.0029377590820943615, 0.10968333539201028, 0.010022254593100396, 0.01066137331882037, 0.08257823463789773, -0.0030404050011149314, 0.12034590107911032]
grad_weight2
[-0.05206425353849365, -0.07110894623951101, -0.06592834652978372, 0.018865111477131553, -0.18491358947041375, -0.29396300611501275, -0.09835435161181565, -0.23826084653674845, -0.08425812520870136, -0.14081946513282417, -0.08808726288797254, 0.006042662119820876, -0.12007202152836957, -0.11269844790254531, -0.09943448927076833, -0.12045674800516708]
grad_bias2
[-0.10466390010025914, -0.20620888016475283, -0.0448198062915746, -0.1546827249921232, -0.14152593691956727, -0.07469231988324045, -0.16616550594794838, -0.0945207671588613, -0.1204898036671875, -0.16771061582482022, -0.12816087979737265, -0.014364332863356172, -0.15136139694062284, -0.1747423651629827, -0.11517792241236774, -0.14298993377047087]
grad_target
[0.10466390010025914, 0.20620888016475283, 0.0448198062915746, 0.1546827249921232, 0.14152593691956727, 0.07469231988324045, 0.16616550594794838, 0.0945207671588613, 0.1204898036671875, 0.16771061582482022, 0.12816087979737265, 0.014364332863356172, 0.15136139694062284, 0.1747423651629827, 0.11517792241236774, 0.14298993377047087]
step_loss
1.1434555893252583
grad_input
[-0.053697298646358894, 0.0546476730528636, 0.1277121268488916, -0.10763301177993327, -0.019006261101675734, 0.0537216336594847, -0.06412718024238406, -0.1283865541776312, 0.07370029892207176, -0.08859344481710904, -0.018998494886296104, 0.05777652213617257, -0.04737537889475199, 0.06268805685272161, 0.01047109975029411, -0.15438803280263705]
grad_weight1
[-0.029462805977363678, -0.0009360138517717914, 0.0924861030189212, -0.15198235895371076, 0.030072011720215668, 0.062072458213356226, -0.03455594568157655, 0.2640771300938811, -0.07088266266383332, 0.18738908255150868, -0.03192958957256384, -0.1256293157993548, 0.042541987199790646, -0.14720830469282745, 0.09074057371864816, -0.013323385476522107]
grad_bias1
[-0.05177012589192249, 0.1487444489424529, 0.02689187423878556, 0.010449531319313504, 0.003462827369908477, 0.0009017408439251991, -0.0011475739510967175, 0.1439984340657441, 0.010607185126808447, -0.002814855318082012, 0.10841395258994453, 0.010029920178330229, 0.010686268524672173, 0.08108571473641195, -0.0029904105623650766, 0.11847632790211224]
grad_weight2
[-0.05199229754828924, -0.07082749168720327, -0.0656036203337026, 0.01849830629937601, -0.18301712519614416, -0.2910274874909473, -0.09754387983255126, -0.23594664527828163, -0.08384534505766447, -0.13964416310321773, -0.08750929517252175, 0.005791848641396284, -0.1179589037778189, -0.11127386362198444, -0.09744633426821037, -0.11896377683819807]
grad_bias2
[-0.10446999578554139, -0.2052219527496038, -0.04524889125172166, -0.15395695249073352, -0.14104003461279924, -0.07481776918334082, -0.16549430560990247, -0.0945563892051699, -0.12034501520204997, -0.1670555319234124, -0.1278237137608902, -0.014685718011618082, -0.1504486214845746, -0.17407839040110223, -0.11441095209460905, -0.14244792364237266]
grad_target
[0.10446999578554139, 0.2052219527496038, 0.04524889125172166, 0.15395695249073352, 0.14104003461279924, 0.07481776918334082, 0.16549430560990247, 0.0945563892051699, 0.12034501520204997, 0.1670555319234124, 0.1278237137608902, 0.014685718011618082, 0.1504486214845746, 0.17407839040110223, 0.11441095209460905, 0.14244792364237266]
step_loss
1.1350764145349803
grad_input
[-0.05291161948206972, 0.05410728778804087, 0.12531586058062846, -0.1060157059045602, -0.018650203326051874, 0.0529164346287181, -0.06307238338178964, -0.1269422049320912, 0.07265659150359906, -0.08731505136100419, -0.018624991786505243, 0.05673041147167178, -0.04633340502373265, 0.06118268426308414, 0.01008904449573056, -0.15166548621842027]
grad_weight1
[-0.02958926444056379, -0.0008171449628957828, 0.09140421766633561, -0.14959618603902686, 0.02987219029739402, 0.06090868461810489, -0.034159874256815825, 0.2602702520180318, -0.07018547730923133, 0.18408796468170063, -0.03155618895003649, -0.12398062257120243, 0.04196255868428855, -0.14455397931985509, 0.08969392250301322, -0.012973898151702225]
grad_bias1
[-0.05169953425741878, 0.14616751491881275, 0.02655015980233836, 0.010511083089048636, 0.003097764853754145, 0.0008913576263316899, -0.0011741921163795, 0.14223677061162993, 0.010198900742452048, -0.0026936979313497366, 0.10716078607327312, 0.010036464752505764, 0.010710690988965753, 0.07962085646647185, -0.0029410118525816115, 0.11664727185072583]
grad_weight2
[-0.051921746843126754, -0.0705501195770227, -0.0652846980214721, 0.018137283934320625, -0.18116227116210518, -0.2881558885205464, -0.09674864225995297, -0.23368081756766879, -0.08343666463728901, -0.13848599541657716, -0.08693848724568058, 0.005547245510572819, -0.1158987968889744, -0.1098801999257318, -0.09551000156878375, -0.11750181464921679]
grad_bias2
[-0.10427918408489012, -0.20424948021003525, -0.0456698872589454, -0.15324101427801484, -0.1405620807939137, -0.07494123678807714, -0.16483387197307892, -0.09459102253961482, -0.12020039590577848, -0.16640697311848268, -0.12748895090374357, -0.015001920713295591, -0.1495514916772745, -0.17342429492680683, -0.11365687462282192, -0.14191398015391093]
grad_target
[0.10427918408489012, 0.20424948021003525, 0.0456698872589454, 0.15324101427801484, 0.1405620807939137, 0.07494123678807714, 0.16483387197307892, 0.09459102253961482, 0.12020039590577848, 0.16640697311848268, 0.12748895090374357, 0.015001920713295591, 0.1495514916772745, 0.17342429492680683, 0.11365687462282192, 0.14191398015391093]
step_loss
1.1268546118057168
grad_input
[-0.05214095158444177, 0.05358099917517425, 0.12297080367086541, -0.10443605578791468, -0.018305931795463026, 0.05213528207455085, -0.062042521853156986, -0.12552753194791977, 0.07162826396575694, -0.08605389165346013, -0.018257619718092626, 0.055701311906681136, -0.04531609624202688, 0.0597168103705651, 0.00971304236436988, -0.14900271881573549]
grad_weight1
[-0.02971500049893676, -0.0007007291965569901, 0.09033607468665579, -0.1472603232409171, 0.02967627226115354, 0.059766261815071976, -0.03376887246860619, 0.256543154011948, -0.06949903831544578, 0.1808455720679163, -0.03118749015576495, -0.12236274396292147, 0.041390963531450484, -0.14194680910810328, 0.08866058034858959, -0.012634595913153676]
grad_bias1
[-0.05163003699674272, 0.14363619614328602, 0.02621271425150785, 0.010572806815922117, 0.002739147622123182, 0.0008807024718609342, -0.0012006116982884872, 0.14051070816134842, 0.00979551906953151, -0.002574256644904373, 0.10592356547259134, 0.010041931746905347, 0.010734651444875757, 0.07818285180891396, -0.002892196723080592, 0.11485755067463613]
grad_weight2
[-0.05185258546966696, -0.07027677447050898, -0.06497146194474235, 0.017781912010411467, -0.17934782960162676, -0.2853464281485577, -0.09596821845795336, -0.23146203259284606, -0.08303204424205939, -0.13734463728819457, -0.08637473405675836, 0.005308695949357329, -0.11388996858059353, -0.10851651764429154, -0.0936237727317792, -0.11606994789404905]
grad_bias2
[-0.10409134438997616, -0.20329110977808618, -0.04608291525101166, -0.15253466706482396, -0.1400918486474512, -0.07506273579322505, -0.16418391404590565, -0.0946246587458775, -0.12005593948258012, -0.1657648285552149, -0.12715655419322, -0.015313018339017173, -0.1486695752072074, -0.17277980099421036, -0.11291532320402263, -0.1413878660090133]
grad_target
[0.10409134438997616, 0.20329110977808618, 0.04608291525101166, 0.15253466706482396, 0.1400918486474512, 0.07506273579322505, 0.16418391404590565, 0.0946246587458775, 0.12005593948258012, 0.1657648285552149, 0.12715655419322, 0.015313018339017173, 0.1486695752072074, 0.17277980099421036, 0.11291532320402263, 0.1413878660090133]
step_loss
1.1187852810082741
grad_input
[-0.05138492017525903, 0.053068366744594885, 0.12067552003734189, -0.1028929255483159, -0.017973011103811044, 0.051377327418020535, -0.061036826503198555, -0.12414170738796215, 0.07061501054057849, -0.08480964356287954, -0.01789625184783095, 0.05468885954962255, -0.044322618430699706, 0.05828906866328352, 0.009342898880159718, -0.14639790091883298]
grad_weight1
[-0.029840013637643818, -0.0005865995992373196, 0.08928143472033759, -0.14497335298703246, 0.029484153190306298, 0.05864451384781078, -0.033382848009713056, 0.25289358104430393, -0.06882311746639827, 0.1776604814817322, -0.030823437240272637, -0.1207749106708954, 0.04082705498715615, -0.139385605359339, 0.0876403383108068, -0.012305120065619075]
grad_bias1
[-0.051561626409773804, 0.14114939795236373, 0.025879447898574198, 0.010634645384040487, 0.0023868095269578855, 0.000869789395395671, -0.0012268362166902348, 0.1388192698666878, 0.009396953798165995, -0.002456501530076964, 0.10470202598572188, 0.01004636279103894, 0.010758160311877731, 0.07677092416245228, -0.0028439534381878694, 0.11310602409567203]
grad_weight2
[-0.05178479751950038, -0.07000740138933087, -0.06466379742679906, 0.01743206209851199, -0.17757264725431232, -0.2825973880433977, -0.09520220436082028, -0.22928900627734822, -0.08263144408627728, -0.13621977137618843, -0.08581793205169753, 0.0050760476650522565, -0.11193075571802442, -0.10718191398369259, -0.09178599765015938, -0.11466729762876468]
grad_bias2
[-0.10390636077513273, -0.20234649949852124, -0.04648809422773717, -0.15183767511742186, -0.13962911960837696, -0.07518227998479528, -0.16354415093719263, -0.09465729069675402, -0.11991163979210896, -0.16512898968998452, -0.12682648727849283, -0.015619086718712746, -0.1478024547702487, -0.17214464097863735, -0.11218594357997398, -0.1408693526264697]
grad_target
[0.10390636077513273, 0.20234649949852124, 0.04648809422773717, 0.15183767511742186, 0.13962911960837696, 0.07518227998479528, 0.16354415093719263, 0.09465729069675402, 0.11991163979210896, 0.16512898968998452, 0.12682648727849283, 0.015619086718712746, 0.1478024547702487, 0.17214464097863735, 0.11218594357997398, 0.1408693526264697]
step_loss
1.110863713148823
grad_input
[-0.05064316207190555, 0.05256896622697158, 0.11842862224450064, -0.10138521895427616, -0.017651024685552286, 0.05064175759412649, -0.06005455720672768, -0.12278393259924356, 0.0696165329366097, -0.08358199278663385, -0.017540764105183525, 0.053692699997850216, -0.043352172523426616, 0.05689814989987844, 0.008978428923096596, -0.14384927246107754]
grad_weight1
[-0.02996430370689173, -0.0004746000805928019, 0.08824006393111837, -0.14273390731465874, 0.029295732137983435, 0.057542793642328595, -0.03300171091386534, 0.24931935687511755, -0.06815749294312894, 0.17453131208830158, -0.030463974283259292, -0.11921637898027979, 0.04027068994038966, -0.13686921740286606, 0.08663299112860891, -0.011985125398744245]
grad_bias1
[-0.05149429456378373, 0.13870605789345988, 0.02555027389662204, 0.010696544171246861, 0.0020405898514449282, 0.0008586318785770325, -0.0012528690526145971, 0.13716151251425515, 0.009003120642705028, -0.0023404030163083067, 0.1034959082435365, 0.010049797795376136, 0.010781227704794904, 0.0753843268494179, -0.0027962706569844235, 0.11139159205704824]
grad_weight2
[-0.051718367135224666, -0.06974194583560402, -0.06436159266509683, 0.017087609571817937, -0.1758356133507622, -0.2799071099399606, -0.09445021144184601, -0.22716049928817372, -0.08223482434067789, -0.1351110875859938, -0.08526797916758184, 0.004849152704661281, -0.11001956106776091, -0.10587552082113517, -0.0899950913847724, -0.11329301791872032]
grad_bias2
[-0.1037241217961489, -0.20141531783324917, -0.04688554126698119, -0.15114980997702593, -0.1391736830045002, -0.0752998837733511, -0.16291431143450202, -0.09468891246881157, -0.11976749084639385, -0.16449935023492498, -0.1264987144761167, -0.015920200181328226, -0.14694972744058468, -0.17151855692235052, -0.11146839352064486, -0.1403582197521973]
grad_target
[0.1037241217961489, 0.20141531783324917, 0.04688554126698119, 0.15114980997702593, 0.1391736830045002, 0.0752998837733511, 0.16291431143450202, 0.09468891246881157, 0.11976749084639385, 0.16449935023492498, 0.1264987144761167, 0.015920200181328226, 0.14694972744058468, 0.17151855692235052, 0.11146839352064486, 0.1403582197521973]
step_loss
1.1030853814934496
grad_input
[-0.049915325245907825, 0.05208238884996063, 0.11622876956078589, -0.09991187783143342, -0.017339573883171613, 0.049927793332829075, -0.05909500156746608, -0.12145343687781014, 0.06863254011915182, -0.08237063261117727, -0.017191035131513384, 0.05271248804709663, -0.04240399277483326, 0.05554279930736007, 0.008619456161923049, -0.14135513982059483]
grad_weight1
[-0.030087870894218376, -0.00036458472555821186, 0.08721173384524922, -0.14054066580440824, 0.029110911488704972, 0.05646048153511136, -0.03262537347890549, 0.2458183807884376, -0.06750194909814072, 0.17145672392598416, -0.030109045442513117, -0.11768642969530901, 0.039721728811390765, -0.13439653109853703, 0.08563833716257355, -0.011674279630240744]
grad_bias1
[-0.05142803331393144, 0.13630514459397472, 0.025225108126055485, 0.010758450960402333, 0.0017003330950209829, 0.0008472428970140869, -0.0012787134554975463, 0.13553652513557568, 0.008613937284438824, -0.002225931899641998, 0.1023049581794623, 0.010052275029856244, 0.010803863442612707, 0.07402234170443392, -0.002749137415998729, 0.10971319305697612]
grad_weight2
[-0.05165327851617779, -0.06948035381001293, -0.06406473863783047, 0.01674843347157618, -0.17413565770395856, -0.27727399311348966, -0.09371186593190384, -0.2250753151429168, -0.08184214516633755, -0.1340182828803887, -0.08472477482564708, 0.004627867314718969, -0.10815485022655964, -0.10459650309413422, -0.0882495311657488, -0.11194629433335238]
grad_bias2
[-0.10354452029870884, -0.20049724328241397, -0.04727537154197553, -0.15047085019134976, -0.13872533571679294, -0.07541556213294587, -0.16229413360296188, -0.0947195192623736, -0.11962348680677154, -0.1638758061039331, -0.1261732007558557, -0.016216431593266717, -0.1461110040724143, -0.17090130010406318, -0.11076234234138965, -0.13985425509154076]
grad_target
[0.10354452029870884, 0.20049724328241397, 0.04727537154197553, 0.15047085019134976, 0.13872533571679294, 0.07541556213294587, 0.16229413360296188, 0.0947195192623736, 0.11962348680677154, 0.1638758061039331, 0.1261732007558557, 0.016216431593266717, 0.1461110040724143, 0.17090130010406318, 0.11076234234138965, 0.13985425509154076]
step_loss
1.0954459331702429
grad_input
[-0.049201068402153256, 0.05160824067031378, 0.11407466610635406, -0.09847188054271004, -0.017038277066661642, 0.049234687534436924, -0.05815747368614323, -0.12014947629430626, 0.06766274809831277, -0.08117526368142423, -0.016846946229086886, 0.05174788741118526, -0.04147734512642114, 0.054221813935315624, 0.008265812525797826, -0.13891387282347328]
grad_weight1
[-0.0302107156985705, -0.0002564171511235669, 0.08619622119651092, -0.13839235361397634, 0.028929596822366427, 0.055396983886292286, -0.032253750193063244, 0.24238862448222423, -0.06685627623934609, 0.16843541645181062, -0.029758594999122045, -0.11618436712325754, 0.0391800354439285, -0.13196646741122117, 0.08465617833346845, -0.011372262874489232]
grad_bias1
[-0.05136283432245681, 0.13394565667784383, 0.02490386908641312, 0.010820315853075056, 0.0013658887683657632, 0.0008356349457000785, -0.0013043725499982685, 0.13394342768409317, 0.008229323316230918, -0.0021130593500249895, 0.10112892690256158, 0.01005383119841838, 0.010826077057063814, 0.07268427774083105, -0.002702543112791063, 0.10806980256196604]
grad_weight2
[-0.05158951592383585, -0.06922257182789684, -0.06377312901433632, 0.016414416378334885, -0.17247174890087358, -0.2746964919771142, -0.09298680808450646, -0.2230322984105002, -0.0814533667460529, -0.13294106109490392, -0.08418821992293819, 0.004412051806312834, -0.10633514871455568, -0.10334405727729788, -0.08654785355118289, -0.11062634252143519]
grad_bias2
[-0.10336745323595846, -0.19959196402135876, -0.047657698339845136, -0.1498005810575469, -0.13828388185659407, -0.07552933054436034, -0.16168336440339864, -0.09474910732648824, -0.11947962198082981, -0.16325825536007726, -0.1258499117268363, -0.016507852395605066, -0.1452859087307105, -0.1702926306308261, -0.11006747044257813, -0.13935725396043727]
grad_target
[0.10336745323595846, 0.19959196402135876, 0.047657698339845136, 0.1498005810575469, 0.13828388185659407, 0.07552933054436034, 0.16168336440339864, 0.09474910732648824, 0.11947962198082981, 0.16325825536007726, 0.1258499117268363, 0.016507852395605066, 0.1452859087307105, 0.1702926306308261, 0.11006747044257813, 0.13935725396043727]
step_loss
1.0879411812197406
grad_input
[-0.04850006057760755, 0.051146141939396025, 0.11196505908631588, -0.097064240537853, -0.01674676880177889, 0.04856172373358951, -0.05724131299192724, -0.118871332576895, 0.06670687972452977, -0.07999559377894491, -0.016508381310002568, 0.05079857045159689, -0.04057152566392548, 0.05293404015667483, 0.00791733771205453, -0.13652390190437527]
grad_weight1
[-0.030332838906053122, -0.00014996990474962224, 0.08519330777676194, -0.13628773960639373, 0.028751696784757717, 0.05435173177252566, -0.03188675766420211, 0.23902812910674842, -0.06622027042313272, 0.16546612714933429, -0.02941256739922039, -0.11470951810893931, 0.03864547700151702, -0.12957798105267987, 0.08368632006129609, -0.011078767135283586]
grad_bias1
[-0.051298689076649896, 0.13162662172717132, 0.024586477793203807, 0.010882091185649532, 0.0010371111978518253, 0.0008238200627730155, -0.001329849342417868, 0.13238136977539877, 0.007849200188999298, -0.0020017569175083834, 0.09996757057407502, 0.010054501509774171, 0.010847877800985499, 0.0713694698899669, -0.0026564774903782107, 0.10646043149544544]
grad_weight2
[-0.051527063686887975, -0.068968546933449, -0.06348666006913058, 0.016085444288464146, -0.17084289258829727, -0.2721731137961284, -0.09227469148425071, -0.22103033300020686, -0.0810684493133584, -0.13187913275846136, -0.08365821682274398, 0.0042015704250756535, -0.10455903922252546, -0.10211740994129309, -0.0848886517338499, -0.10933240686188461]
grad_bias2
[-0.10319282149471246, -0.19869917755270244, -0.04803263308118225, -0.1491387943760072, -0.13784913245874958, -0.07564120494234249, -0.16108175932873187, -0.09477767388855693, -0.11933589081936562, -0.16264659816437077, -0.12552881362401788, -0.016794532640133475, -0.14447407814942825, -0.16969231705097165, -0.1093834688704837, -0.1388670189543501]
grad_target
[0.10319282149471246, 0.19869917755270244, 0.04803263308118225, 0.1491387943760072, 0.13784913245874958, 0.07564120494234249, 0.16108175932873187, 0.09477767388855693, 0.11933589081936562, 0.16264659816437077, 0.12552881362401788, 0.016794532640133475, 0.14447407814942825, 0.16969231705097165, 0.1093834688704837, 0.1388670189543501]
step_loss
1.0805670970665178
grad_input
[-0.04781198075843326, 0.05069572650019781, 0.1098987371049336, -0.09568800496874212, -0.016464699064069457, 0.047908214646434896, -0.056345883133487755, -0.11761831204834122, 0.06576466449124382, -0.07883133760856095, -0.016175226845162257, 0.04986421791649581, -0.03968585916038152, 0.05167837130592169, 0.007573878727392833, -0.1341837154151048]
grad_weight1
[-0.030454241567241337, -0.00004512390161040547, 0.08420278029178052, -0.13422563456755646, 0.028577122964255623, 0.05332417975450926, -0.03152431455189638, 0.2357350024433767, -0.06559373325609091, 0.16254763019563903, -0.029070907292494074, -0.11326123111683112, 0.03811792386739918, -0.12723005918706895, 0.0827285712048757, -0.010793495821491549]
grad_bias1
[-0.051235588905668296, 0.1293470952866917, 0.02427285767950041, 0.010943731447857763, 0.0007138593389506099, 0.0008118098517466655, -0.001355146726745094, 0.1308495294872401, 0.007473491159972812, -0.0018919965374347533, 0.0988206502873244, 0.0100543197446324, 0.010869274656453237, 0.07007727780894805, -0.002610930622450233, 0.10488412479759109]
grad_weight2
[-0.0514659062059968, -0.06871822671216704, -0.06320523059939955, 0.015761406495701936, -0.16924812984728685, -0.26970241651252874, -0.09157518239576178, -0.21906834053404958, -0.08068735317933816, -0.13083221491909452, -0.08313466934393168, 0.003996291225938071, -0.10282515900410087, -0.10091581638892931, -0.08327057298731116, -0.10806375918552603]
grad_bias2
[-0.10302052972984407, -0.19781859037281263, -0.048400285340549104, -0.14848528821448534, -0.13742090518979846, -0.07575120166657442, -0.1604890820576399, -0.09480521708832405, -0.1191922879133615, -0.16204073672587616, -0.12520987329497288, -0.01707654102426348, -0.14367516121564672, -0.1691001359868848, -0.10871003889830907, -0.13838335963394668]
grad_target
[0.10302052972984407, 0.19781859037281263, 0.048400285340549104, 0.14848528821448534, 0.13742090518979846, 0.07575120166657442, 0.1604890820576399, 0.09480521708832405, 0.1191922879133615, 0.16204073672587616, 0.12520987329497288, 0.01707654102426348, 0.14367516121564672, 0.1691001359868848, 0.10871003889830907, 0.13838335963394668]
step_loss
1.0733198033865796
grad_input
[-0.047136517514484895, 0.05025664121405139, 0.10787452855648183, -0.09434225336706817, -0.016191732495861432, 0.047273500795966795, -0.055470570926233455, -0.11638974461427438, 0.06483583834442254, -0.07768221659294597, -0.015847371813388876, 0.048944518688839665, -0.03881969769957126, 0.05045374544626901, 0.007235289460051551, -0.1318918570723179]
grad_weight1
[-0.030574924975950366, 0.00005823210195260442, 0.08322443022217456, -0.13220488950814632, 0.02840578977435125, 0.05231380471444481, -0.031166341502204434, 0.2325074162161196, -0.06497647170497481, 0.1596787351844749, -0.028733559567650665, -0.11183887535809794, 0.03759724954813659, -0.12492172019653336, 0.0817827440020023, -0.010516163284477298]
grad_bias1
[-0.05117352499627114, 0.12710615990894292, 0.023962934502044383, 0.011005193203723387, 0.0003959965981253488, 0.0007996155023277003, -0.0013802674903527472, 0.1293471122160761, 0.007102121242655633, -0.0017837505346919732, 0.09768793195087208, 0.010053318319571647, 0.01089027634269289, 0.06880708475255932, -0.0025658928993342357, 0.10333996005253081]
grad_weight2
[-0.051406027958257175, -0.068471559301684, -0.06292874184577212, 0.015442195477491535, -0.16768653565100972, -0.26728300667372956, -0.09088795915045961, -0.21714527879783152, -0.0803100387573777, -0.12980003097460413, -0.0826174827492928, 0.003796085952440702, -0.10113219740434701, -0.09973855936364084, -0.08169231624331963, -0.10681969756355537]
grad_bias2
[-0.10285048620642673, -0.19694991765199746, -0.0487607628677932, -0.14783986668206883, -0.13699902407036996, -0.07585933741611017, -0.15990510412456432, -0.09483173591594753, -0.11904880799098486, -0.16144057525310448, -0.12489305818696927, -0.01735394492484768, -0.14288881847822715, -0.16851587178644897, -0.10804689162629555, -0.13790609222656183]
grad_target
[0.10285048620642673, 0.19694991765199746, 0.0487607628677932, 0.14783986668206883, 0.13699902407036996, 0.07585933741611017, 0.15990510412456432, 0.09483173591594753, 0.11904880799098486, 0.16144057525310448, 0.12489305818696927, 0.01735394492484768, 0.14288881847822715, 0.16851587178644897, 0.10804689162629555, 0.13790609222656183]
step_loss
1.0661955673469128
grad_input
[-0.046473368650222585, 0.04982854541537395, 0.10589130008873965, -0.09302609638118146, -0.01592754770361014, 0.046656949210821565, -0.054614785352491514, -0.11518498279983166, 0.06392014349864465, -0.07654795867485982, -0.015524707650784036, 0.04803916954321411, -0.03797241937488926, 0.0492591432578942, 0.0069014302807013095, -0.12964692353615653]
grad_weight1
[-0.030694890649368332, 0.0001602020011915728, 0.08225805368914486, -0.1302243940453615, 0.028237614341696186, 0.051320104759051466, -0.030812761085011166, 0.22934360352879452, -0.06436829791449136, 0.1568582859026752, -0.02840046938504961, -0.11044183995997126, 0.037083330580650144, -0.12265201250358403, 0.08084865401022133, -0.010246494376200226]
grad_bias1
[-0.051112488407533525, 0.12490292423815554, 0.023656636251628033, 0.01106643501490296, 0.00008339066276830175, 0.0007872478099251052, -0.0014052143193668332, 0.12787334958713853, 0.006735017158433994, -0.0016769916271078917, 0.09656918617483971, 0.010051528347745553, 0.010910891323775604, 0.06755829650548958, -0.002521355014662575, 0.10182704617931053]
grad_weight2
[-0.05134741350136279, -0.0682284934010996, -0.06265709741621159, 0.015127706785890274, -0.1661572174010979, -0.2649135374597547, -0.09021271156866552, -0.21526014026654033, -0.07993646658599145, -0.12878231050800895, -0.08210656373300504, 0.003600829920416033, -0.09947889351668227, -0.0985849478259741, -0.08015262979295845, -0.10559954515871232]
grad_bias2
[-0.10268260264922244, -0.1960928829277732, -0.04911417161007017, -0.14720233971251934, -0.1365833192110088, -0.07596562920704675, -0.1593296046051787, -0.09485723015389039, -0.11890544591461259, -0.16084601990667624, -0.12457833633434855, -0.017626810430951795, -0.14211472167965566, -0.16793931619209046, -0.10739374759992532, -0.13743503934254864]
grad_target
[0.10268260264922244, 0.1960928829277732, 0.04911417161007017, 0.14720233971251934, 0.1365833192110088, 0.07596562920704675, 0.1593296046051787, 0.09485723015389039, 0.11890544591461259, 0.16084601990667624, 0.12457833633434855, 0.017626810430951795, 0.14211472167965566, 0.16793931619209046, 0.10739374759992532, 0.13743503934254864]
step_loss
1.0591907941951295
grad_input
[-0.04582224087115051, 0.04941111039286978, 0.10394795513533087, -0.09173867456910183, -0.015671836593157695, 0.04605795219314787, -0.05377795661160418, -0.11400340083205314, 0.06301732825947268, -0.0754282981266645, -0.015207128200408062, 0.047147874911048666, -0.03714342705900467, 0.04809358603987268, 0.006572167669971325, -0.12744756211213282]
grad_weight1
[-0.030814140309462508, 0.0002608828041872624, 0.08130345132489752, -0.1282830748601597, 0.02807251639936951, 0.05034259818404523, -0.03046349773381929, 0.22624185642109118, -0.06376902903253685, 0.1540851591571864, -0.028071582206674557, -0.10906953317509721, 0.036576046442564986, -0.1204200134471635, 0.07992612004825067, -0.009984224026963258]
grad_bias1
[-0.05105247008460227, 0.122736522130985, 0.023353893067534503, 0.011127417366399741, -0.00022408666123371754, 0.0007747171939492832, -0.001429989803728961, 0.12642749841514467, 0.006372107289762887, -0.001571692928054812, 0.09546418816029056, 0.010048979696593987, 0.010931127816098753, 0.06633034037120795, -0.0024773079527058875, 0.10034452218324165]
grad_weight2
[-0.05129004747749244, -0.06798897827892404, -0.06239020321287568, 0.014817838942839317, -0.16465931353795443, -0.2625927068035594, -0.08954914041474492, -0.2134119506999957, -0.07956659734985266, -0.12777878912765217, -0.08160182040730464, 0.0034104019058577607, -0.0978640339606422, -0.09745431579398386, -0.07865030910442758, -0.10440264913545055]
grad_bias2
[-0.10251679409913517, -0.195247217810601, -0.04946061573447544, -0.14657252285654723, -0.13617362656069373, -0.07607009433320788, -0.1587623698164978, -0.09488170032239018, -0.11876219667788473, -0.1602569787532102, -0.12426567634619193, -0.017895202375618993, -0.14135255330982138, -0.1673702680264133, -0.1067503364452837, -0.13697002970567526]
grad_target
[0.10251679409913517, 0.195247217810601, 0.04946061573447544, 0.14657252285654723, 0.13617362656069373, 0.07607009433320788, 0.1587623698164978, 0.09488170032239018, 0.11876219667788473, 0.1602569787532102, 0.12426567634619193, 0.017895202375618993, 0.14135255330982138, 0.1673702680264133, 0.1067503364452837, 0.13697002970567526]
step_loss
1.052302021178616
grad_input
[-0.045182849464941534, 0.04900401889572045, 0.10204343251335166, -0.09047915724485085, -0.015424303740630817, 0.04547592615145153, -0.05295953521711125, -0.11284439376556005, 0.06212714685185429, -0.0743229753667894, -0.014894529662355304, 0.04627034665388545, -0.03633214724000983, 0.04695613381894169, 0.006247373870684594, -0.12529246856909682]
grad_weight1
[-0.030932675865576287, 0.00036036506365425686, 0.08036042814751125, -0.12637989422597723, 0.02791041818508626, 0.04938082249627682, -0.030118477687875983, 0.22320052353723271, -0.06317848704251923, 0.15135826365019722, -0.027746843823616977, -0.10772138162861983, 0.03607527946571914, -0.1182248282094977, 0.07901496413807792, -0.00972909684184315]
grad_bias1
[-0.050993460871549504, 0.1206061118123184, 0.02305463715582907, 0.011188102594621262, -0.000526559604697896, 0.0007620337149903817, -0.0014545964419711707, 0.12500883971297644, 0.006013321634872408, -0.0014678279483279248, 0.09437271759158278, 0.01004570104272284, 0.010950993795657085, 0.06512266421408804, -0.002433742976333669, 0.09889155596444808]
grad_weight2
[-0.05123391461692585, -0.06775296377973683, -0.06212796736180093, 0.014512493339596146, -0.16319199222074554, -0.26031925559945746, -0.08889695688314771, -0.21159976780491652, -0.07920039189914371, -0.12678920831182847, -0.08110316228845724, 0.0032246840368051893, -0.09628645077347331, -0.09634602124371916, -0.07718419475084165, -0.1032283796256367]
grad_bias2
[-0.10235297877626992, -0.1944126617015166, -0.049800197651197364, -0.1459502370826009, -0.1357697876673591, -0.07617275032963516, -0.15820319303085376, -0.09490514762828021, -0.1186190554027893, -0.15967336172040736, -0.12395504739426816, -0.018159184366664347, -0.1406020061805556, -0.16680853289348085, -0.10611639652070247, -0.13651089789678028]
grad_target
[0.10235297877626992, 0.1944126617015166, 0.049800197651197364, 0.1459502370826009, 0.1357697876673591, 0.07617275032963516, 0.15820319303085376, 0.09490514762828021, 0.1186190554027893, 0.15967336172040736, 0.12395504739426816, 0.018159184366664347, 0.1406020061805556, 0.16680853289348085, 0.10611639652070247, 0.13651089789678028]
step_loss
1.045525911773938
grad_input
[-0.04455491799646611, 0.0486069646633864, 0.10017670508294184, -0.0892467413754351, -0.015184665796851182, 0.04491031049458652, -0.0521589911383675, -0.11170737664919712, 0.06124935925430767, -0.07323173678283464, -0.014586810544289733, 0.04540630384438849, -0.03553802892003571, 0.045845883558689106, 0.005926926563021628, -0.12318038506659382]
grad_weight1
[-0.0310504993981389, 0.0004587332812704334, 0.07942879344007626, -0.12451384860513981, 0.027751244344084325, 0.04843433348997424, -0.029777628936527304, 0.22021800790131377, -0.06259649860242851, 0.14867653890000865, -0.02742620038123301, -0.10639682960090965, 0.03558091475270535, -0.11606558879101678, 0.07811501144776001, -0.009480866714888639]
grad_bias1
[-0.05093545152337821, 0.11851087506449337, 0.02275880271130545, 0.011248454817744545, -0.0008241485834771538, 0.0007492070909580127, -0.0014790366457210619, 0.12361667774580243, 0.00565859176393764, -0.0013653705973571296, 0.09329455853160647, 0.010041719924105786, 0.01097049700510778, 0.0639347355516034, -0.0023906516155673286, 0.09746734318062794]
grad_weight2
[-0.05117899974140076, -0.06752040032966009, -0.06187030014527777, 0.01421157414014117, -0.16175445007309136, -0.25809196599494, -0.0882558821133592, -0.2098226799598166, -0.07883781126733844, -0.12581331525780307, -0.08061050028211007, 0.003043561689078319, -0.09474501940899799, -0.09525944506623701, -0.07575317044182298, -0.10207612874654012]
grad_bias2
[-0.10219107794925864, -0.19358896152110794, -0.05013301803710782, -0.1453353085857769, -0.13537164944977093, -0.07627361493869556, -0.15765187420301066, -0.09492757391695106, -0.11847601733678081, -0.15909508055329907, -0.12364641920125657, -0.018418818816534135, -0.13986278301982957, -0.16625392289485968, -0.10549167458385765, -0.1360574841099467]
grad_target
[0.10219107794925864, 0.19358896152110794, 0.05013301803710782, 0.1453353085857769, 0.13537164944977093, 0.07627361493869556, 0.15765187420301066, 0.09492757391695106, 0.11847601733678081, 0.15909508055329907, 0.12364641920125657, 0.018418818816534135, 0.13986278301982957, 0.16625392289485968, 0.10549167458385765, 0.1360574841099467]
step_loss
1.038859250208524
grad_input
[-0.043938178015990294, 0.04821965197772744, 0.09834677846564818, -0.08804065052595735, -0.014952650923272458, 0.044360566583312125, -0.05137581298411048, -0.11059178373145799, 0.060383731038654534, -0.0721543345610131, -0.014283871612496982, 0.044555472554791975, -0.03476054257258332, 0.04476196746318678, 0.005610708560971137, -0.12111009818534815]
grad_weight1
[-0.031167613143416442, 0.0005560662863439217, 0.07850836063392773, -0.12268396730940084, 0.027594921836443013, 0.04750270437377861, -0.02944088116569807, 0.21729276479374088, -0.062022894890332594, 0.146038954205418, -0.027109598402120818, -0.10509533834397515, 0.03509284009631819, -0.11394145303079466, 0.07722609023494355, -0.009239296460222465]
grad_bias1
[-0.050878432717229555, 0.11645001644835716, 0.02246632584290329, 0.01130843986835094, -0.0011169703402733777, 0.0007362467122579933, -0.001503312743953837, 0.12225033912826684, 0.005307850776656501, -0.0012642951838074967, 0.0922294993198155, 0.010037062789752022, 0.010989644960633961, 0.06276604069362912, -0.002348025656693007, 0.09607110616121775]
grad_weight2
[-0.05112528776722115, -0.06729123894073327, -0.06161711393678783, 0.013914988188379109, -0.1603459109907203, -0.2559096597614521, -0.08762564673191527, -0.20807980499934897, -0.07847881668751808, -0.12485086273509034, -0.08012374666809736, 0.0028669233857061133, -0.09323865683760753, -0.09419399007781734, -0.07435616115305903, -0.10094530966808554]
grad_bias2
[-0.10203101581053373, -0.19277587144932284, -0.05045917585971689, -0.14472756860447475, -0.13497906398014894, -0.07637270607862863, -0.15710821970973196, -0.09494898162725549, -0.11833307784993502, -0.15852204877162668, -0.12333976202923841, -0.0186741669712661, -0.13913459608457343, -0.1657062563595976, -0.10487592547354072, -0.13560963392050207]
grad_target
[0.10203101581053373, 0.19277587144932284, 0.05045917585971689, 0.14472756860447475, 0.13497906398014894, 0.07637270607862863, 0.15710821970973196, 0.09494898162725549, 0.11833307784993502, 0.15852204877162668, 0.12333976202923841, 0.0186741669712661, 0.13913459608457343, 0.1657062563595976, 0.10487592547354072, 0.13560963392050207]
step_loss
1.0322989362578108
grad_input
[-0.043332368779855406, 0.04784179523623058, 0.09655268981861631, -0.08686013385047742, -0.014727998257587714, 0.043826176736068256, -0.050609507225650226, -0.10949706770264266, 0.05953003321508052, -0.07109052652165368, -0.013985615843502832, 0.04371758565250265, -0.033999179155068594, 0.04370355136948384, 0.0052986075285488266, -0.11908043705501822]
grad_weight1
[-0.031284019479236716, 0.0006524375905089738, 0.07759894719580879, -0.12088931122126283, 0.02744137984860054, 0.04658552494547935, -0.029108165706401342, 0.21442329972353863, -0.0614575114559965, 0.14344450765152608, -0.026796984807060734, -0.10381638542971931, 0.03461094590178812, -0.11185160367011523, 0.07634803179112774, -0.009004157459230638]
grad_bias1
[-0.05082239506283992, 0.11442276255468509, 0.022177144502422603, 0.011368025228286725, -0.0014051380802605066, 0.0007231616560755799, -0.0015274269870068557, 0.1209091719625097, 0.0049610332611836, -0.0011645764156196997, 0.09117733247297398, 0.010031755046975621, 0.011008444958610532, 0.06161608392607728, -0.0023058571319032922, 0.09470209287031693]
grad_weight2
[-0.051072763708127036, -0.06706543121427613, -0.06136832313838522, 0.013622644918965757, -0.1589656250075942, -0.25377119673996235, -0.08700599041976556, -0.2063702890549315, -0.07812336960731907, -0.12390160894287254, -0.07964281508477118, 0.0026946606998991245, -0.09176631974163299, -0.09314908008027376, -0.07299213134835929, -0.09983535572653963]
grad_bias2
[-0.10187271935724786, -0.19197315267561701, -0.050778768401421676, -0.14412685324444285, -0.1345918882769608, -0.07647004181436784, -0.15657204210115502, -0.09496937374917275, -0.11819023243214083, -0.15795418162832428, -0.12303504666845094, -0.018925288938581752, -0.13841716679114055, -0.16516535758735856, -0.1042689118053684, -0.13516719806419386]
grad_target
[0.10187271935724786, 0.19197315267561701, 0.050778768401421676, 0.14412685324444285, 0.1345918882769608, 0.07647004181436784, 0.15657204210115502, 0.09496937374917275, 0.11819023243214083, 0.15795418162832428, 0.12303504666845094, 0.018925288938581752, 0.13841716679114055, 0.16516535758735856, 0.1042689118053684, 0.13516719806419386]
step_loss
1.025841980302114
grad_input
[-0.04273723698299398, 0.047473118545207485, 0.09479350666181728, -0.08570446512637761, -0.014510457407271256, 0.043306643285835465, -0.049859597457496775, -0.1084226989718175, 0.05868804208230907, -0.07004007596049829, -0.013691948376300892, 0.042892382602580444, -0.03325344917330947, 0.04266983322374123, 0.004990515714381812, -0.11709027157373914]
grad_weight1
[-0.03139972091162565, 0.0007479157200224809, 0.07670037451880268, -0.11912897157293079, 0.027290549708852144, 0.04568240081156263, -0.0287794154851855, 0.21160816649158665, -0.06090018807833807, 0.1408922251549922, -0.02648830693404788, -0.10255946412831564, 0.034135125111688015, -0.10979524745691883, 0.07548067038668232, -0.008775229323066187]
grad_bias1
[-0.05076732911229233, 0.11242836128455912, 0.021891198416371, 0.011427179965704444, -0.0016887616008270016, 0.0007099606998291753, -0.0015513815503711839, 0.1195925450149127, 0.004618075254369967, -0.0010661893995379708, 0.09013785458853397, 0.010025821106394118, 0.011026904082076955, 0.06048438673627648, -0.002264138309438811, 0.09335957591588201]
grad_weight2
[-0.051021412677936584, -0.06684292934331636, -0.061123844120407285, 0.013334456271598011, -0.1576128672172285, -0.2516754733574055, -0.08639666150338798, -0.20469330544867093, -0.07777143170260158, -0.12296531737143387, -0.07916762051291833, 0.0025266681614230287, -0.09032700280070524, -0.09212415896845752, -0.07166008328908167, -0.09874571958198355]
grad_bias2
[-0.1017161182775558, -0.19118057315897669, -0.051091891283987056, -0.14353300330987767, -0.1342099841073504, -0.07656564033048273, -0.15604315986336464, -0.09498875378406019, -0.11804747669033192, -0.1573913960690733, -0.12273224442629743, -0.019172243715143644, -0.13771022536249966, -0.1646310566039862, -0.10367040368073643, -0.1347300322269296]
grad_target
[0.1017161182775558, 0.19118057315897669, 0.051091891283987056, 0.14353300330987767, 0.1342099841073504, 0.07656564033048273, 0.15604315986336464, 0.09498875378406019, 0.11804747669033192, 0.1573913960690733, 0.12273224442629743, 0.019172243715143644, 0.13771022536249966, 0.1646310566039862, 0.10367040368073643, 0.1347300322269296]
step_loss
1.0194854986285018
grad_input
[-0.04215253650267659, 0.04711335533189342, 0.09306832575567511, -0.08457294183011092, -0.014299787969430868, 0.04280148768514658, -0.04912562369337618, -0.10736816497676144, 0.05785753908268788, -0.06900275149554197, -0.013402776465226793, 0.042079609276835524, -0.03252288179489785, 0.04166004163612888, 0.004686329703360512, -0.11513851071431974]
grad_weight1
[-0.031514720062296435, 0.0008425645271264159, 0.07581246781688294, -0.11740206877993531, 0.027142364806622375, 0.04479295264887561, -0.028454564976432187, 0.2088459653401445, -0.060350768628448605, 0.1383811595468759, -0.026183512555541782, -0.10132408281508389, 0.03366527313340365, -0.10777161428901841, 0.0746238432166353, -0.008552299569736792]
grad_bias1
[-0.050713225369103825, 0.11046608115738343, 0.02160842902078772, 0.011485874674236691, -0.0019679474157302556, 0.000696652333853319, -0.0015751785382737222, 0.11829984692958675, 0.004278914203260653, -0.0009691096401698442, 0.08911086625056752, 0.01001928442477646, 0.011045029207021202, 0.05937048707767232, -0.0022228616842026047, 0.0920428516028472]
grad_weight2
[-0.050971219892969884, -0.06662368611415502, -0.06088359516340912, 0.013050336608614222, -0.15628693674613875, -0.24962142121031072, -0.08579741656816767, -0.20304805363778283, -0.07742296488992327, -0.12204175666749296, -0.07869807925932287, 0.0023628431662374057, -0.08891973706205353, -0.0911186898822408, -0.0703590554261144, -0.09767587241709388]
grad_bias2
[-0.10156114484199028, -0.1903979073973738, -0.05139863849320034, -0.14294586414125704, -0.1338332177986928, -0.07665951990609912, -0.15552139719159236, -0.09500712570733193, -0.11790480634575906, -0.15683361069290055, -0.12243132711660759, -0.019415089213006997, -0.13701351049129004, -0.16410318892881173, -0.1030801784083627, -0.13429799684450833]
grad_target
[0.10156114484199028, 0.1903979073973738, 0.05139863849320034, 0.14294586414125704, 0.1338332177986928, 0.07665951990609912, 0.15552139719159236, 0.09500712570733193, 0.11790480634575906, 0.15683361069290055, 0.12243132711660759, 0.019415089213006997, 0.13701351049129004, 0.16410318892881173, 0.1030801784083627, 0.13429799684450833]
step_loss
1.0132267089638773
grad_input
[-0.04157802815292045, 0.046762247974443914, 0.0913762720266131, -0.08346488425232919, -0.014095759075450395, 0.04231024965650296, -0.04840714169571184, -0.106332969525188, 0.05703831066199636, -0.067978326919179, -0.01311800943351103, 0.041279017769291104, -0.03180702400859758, 0.04067343450992219, 0.0043859501841581605, -0.11322410091228241]
grad_weight1
[-0.03162901965693755, 0.0009364434818406459, 0.07493505602293875, -0.11570775132663394, 0.0269967605153183, 0.043916815505886414, -0.028133550156423395, 0.2061353411842886, -0.05980910093792362, 0.13591038969130886, -0.025882549894048427, -0.10010976440434621, 0.03320128776906589, -0.10577995639410118, 0.0737773903472416, -0.008335163315083265]
grad_bias1
[-0.05066007429668935, 0.10853521064528728, 0.021328779398898583, 0.01154408141425212, -0.002242798873938385, 0.0006832447733652434, -0.001598819987062582, 0.11703048547673255, 0.003943488927804517, -0.000873313038618644, 0.08809617193817859, 0.01001216754585383, 0.011062827008479314, 0.05827393867158205, -0.0021820199688215654, 0.09075123902796074]
grad_weight2
[-0.050922170674264626, -0.06640765490713864, -0.06064749640222061, 0.012770202635759379, -0.1549871557765367, -0.24760800571214436, -0.08520802009265853, -0.20143375820687157, -0.07707793133789816, -0.12113070050332109, -0.07823410894002894, 0.002203085889270276, -0.08754358839100716, -0.09013215440044153, -0.0690881208698937, -0.09662530317491233]
grad_bias2
[-0.10140773379967792, -0.18962493620623494, -0.051699102403647335, -0.14236528545960486, -0.133461460058799, -0.07675169889166414, -0.155006583773501, -0.09502449393341425, -0.11776221723130423, -0.1562807457137926, -0.12213226704914265, -0.01965388228529394, -0.13632676901792595, -0.16358159535306452, -0.10249802023780136, -0.13387095691180417]
grad_target
[0.10140773379967792, 0.18962493620623494, 0.051699102403647335, 0.14236528545960486, 0.133461460058799, 0.07675169889166414, 0.155006583773501, 0.09502449393341425, 0.11776221723130423, 0.1562807457137926, 0.12213226704914265, 0.01965388228529394, 0.13632676901792595, 0.16358159535306452, 0.10249802023780136, 0.13387095691180417]
step_loss
1.0070629262263442
grad_input
[-0.04101347944902535, 0.046419547448885455, 0.08971649753817405, -0.08237963465049666, -0.013898148958999202, 0.04183248638562101, -0.0477037223367637, -0.1053166321656315, 0.05623014813378909, -0.06696658105542677, -0.012837558627536914, 0.04049036621776976, -0.031105439827094884, 0.03970929774052769, 0.004089281731508625, -0.11134602453123542]
grad_weight1
[-0.031742622514248656, 0.001029607945456125, 0.0740679716901355, -0.11404519470095956, 0.026853674118580296, 0.043053638141185645, -0.027816308459098847, 0.2034749819211328, -0.0592750366722588, 0.1334790196383365, -0.025585367636142123, -0.09891604580883252, 0.032743069147844486, -0.10381954754465039, 0.07294115466333866, -0.008123622976993698]
grad_bias1
[-0.05060786632623854, 0.1066350575327308, 0.02105219422146245, 0.011601773656143075, -0.002513416273420673, 0.0006697459697648492, -0.001622307868407498, 0.1157838868341096, 0.0036117395847312175, -0.0007787758907268994, 0.08709357993631911, 0.010004492139199721, 0.011080303966455013, 0.05719431034388278, -0.0021416060851309937, 0.08948407921425229]
grad_weight2
[-0.05087425044959279, -0.0661947896966992, -0.06041546977203022, 0.012493973325975464, -0.1537128686155759, -0.24563422480109587, -0.08462824410243738, -0.19984966790558678, -0.07673629347751242, -0.12023192744953123, -0.07777562846335061, 0.0020472992002029903, -0.0861976559972558, -0.08916405177431366, -0.06784638593420891, -0.09559351783342916]
grad_bias2
[-0.10125582227915664, -0.188861446505525, -0.05199337380356227, -0.1417911212168985, -0.13309458580432051, -0.07684219568743249, -0.15449855458204445, -0.09504086328283778, -0.11761970528883783, -0.15573272292329704, -0.12183503701933873, -0.019888678751119743, -0.13564975562298273, -0.1630661217287827, -0.10192372010434297, -0.13344878180089612]
grad_target
[0.10125582227915664, 0.188861446505525, 0.05199337380356227, 0.1417911212168985, 0.13309458580432051, 0.07684219568743249, 0.15449855458204445, 0.09504086328283778, 0.11761970528883783, 0.15573272292329704, 0.12183503701933873, 0.019888678751119743, 0.13564975562298273, 0.1630661217287827, 0.10192372010434297, 0.13344878180089612]
step_loss
1.0009915584827422
grad_input
[-0.0404586643817344, 0.04608501299213324, 0.08808818050550421, -0.08131655643719768, -0.013706744546075284, 0.04136777175509644, -0.04701495098972888, -0.10431868758647983, 0.05543284754810294, -0.06596729762201657, -0.012561337371826999, 0.039713418631375404, -0.030417709530598407, 0.03876694398044005, 0.003796232602213033, -0.10950329840134825]
grad_weight1
[-0.03185553153567673, 0.0011221094269151105, 0.07321105089648264, -0.11241360037593989, 0.026713044739758565, 0.042203082397024624, -0.027502778733430443, 0.2008636168129464, -0.058748431209083615, 0.13108617780936374, -0.025291914945030577, -0.09774247742329446, 0.032290519660511996, -0.10188968230603057, 0.07211498181649884, -0.007917487992231784]
grad_bias1
[-0.05055659186404107, 0.10476494830019491, 0.02077861968967837, 0.011658926225591643, -0.0027798969701321747, 0.0006561636213141944, -0.001645644092326445, 0.11455949489995314, 0.0032836076325548024, -0.0006854748849658718, 0.08610290224894185, 0.00999627903728003, 0.011097466371663804, 0.05613118539464505, -0.002101613156059544, 0.0882407342831672]
grad_weight2
[-0.05082744475528782, -0.06598504505072306, -0.06018743895640616, 0.012221569846086968, -0.15246344080861388, -0.2436991077052277, -0.08405786784235056, -0.19829505472932207, -0.07639801401146824, -0.11934522085143406, -0.0773225580126773, 0.0018953885821491878, -0.08488107103270062, -0.0882138981983791, -0.06663298874980624, -0.09458003871494516]
grad_bias2
[-0.10110534969356764, -0.18810723111506733, -0.052281541919707006, -0.14122322945234644, -0.13273247399693103, -0.07693102872355798, -0.15399714967742256, -0.09505623895133498, -0.11747726656661972, -0.15518946565408598, -0.12153961029828408, -0.020119533419794902, -0.13498223253314215, -0.16255661876765679, -0.10135707538474953, -0.1330313450876673]
grad_target
[0.10110534969356764, 0.18810723111506733, 0.052281541919707006, 0.14122322945234644, 0.13273247399693103, 0.07693102872355798, 0.15399714967742256, 0.09505623895133498, 0.11747726656661972, 0.15518946565408598, 0.12153961029828408, 0.020119533419794902, 0.13498223253314215, 0.16255661876765679, 0.10135707538474953, 0.1330313450876673]
step_loss
0.9950101031009922
grad_input
[-0.0399133632005464, 0.04575841178024077, 0.08649052435110896, -0.08027503340244374, -0.013521341065832209, 0.040915695616223026, -0.04634042694820743, -0.10333868504172103, 0.0546462095643587, -0.06498026509714426, -0.012289260924776044, 0.038947944723647474, -0.02974342894894632, 0.037845711466385594, 0.00350671454392628, -0.10769497242695844]
grad_weight1
[-0.03196774969580873, 0.0012139958231804637, 0.0723641331524806, -0.11081219483564678, 0.026574813274453015, 0.041364822605832505, -0.02719290120234262, 0.19830001494049393, -0.05822914352101292, 0.12873101621371955, -0.02500214147175668, -0.09658862263106313, 0.0318435438961864, -0.0999896753160833, 0.0712987201739798, -0.007716574545289637]
grad_bias1
[-0.05050624129829349, 0.10292422753089231, 0.020508003480528964, 0.01171551525076189, -0.0030423354824256734, 0.0006425051832389215, -0.0016688305100487054, 0.11335677063576748, 0.0029590357976616755, -0.0005933871000041126, 0.08512395451441801, 0.009987548270768101, 0.011114320331106032, 0.05508416099885249, -0.002062034497893358, 0.08702058666250932]
grad_weight2
[-0.05078173923789145, -0.0657783761293017, -0.05996332933716909, 0.011952915486254143, -0.15123825829411133, -0.24180171376208356, -0.08349667746603351, -0.19676921304075215, -0.0760630559226179, -0.11847036870885032, -0.0768748190291133, 0.001747262053112578, -0.08359299525697828, -0.08728122611651658, -0.06544709794403678, -0.09358440382829869]
grad_bias2
[-0.10095625765000855, -0.1873620885577403, -0.0525636944422407, -0.14066147215427574, -0.13237500748688533, -0.07701821644168355, -0.15350221401767605, -0.09507062648082035, -0.11733489721674492, -0.15465089874445392, -0.12124596062292362, -0.02034650011433109, -0.1343239692400141, -0.16205294184927485, -0.10079788966330103, -0.13261852438642605]
grad_target
[0.10095625765000855, 0.1873620885577403, 0.0525636944422407, 0.14066147215427574, 0.13237500748688533, 0.07701821644168355, 0.15350221401767605, 0.09507062648082035, 0.11733489721674492, 0.15465089874445392, 0.12124596062292362, 0.02034650011433109, 0.1343239692400141, 0.16205294184927485, 0.10079788966330103, 0.13261852438642605]
step_loss
0.989116143086585
grad_input
[-0.03937736220573486, 0.04543951862109581, 0.08492275679990807, -0.07925446896837662, -0.013341741681018485, 0.04047586309684356, -0.04567976287253321, -0.10237618780205482, 0.05387003932830044, -0.06400527659069127, -0.012021246435146116, 0.03819371975117855, -0.029082208780025452, 0.036944962905143715, 0.003220642615839389, -0.10592012825958413]
grad_weight1
[-0.032079280033379134, 0.0013053116446269455, 0.07152706131173003, -0.10924022864337288, 0.026438922325962986, 0.04053854502778019, -0.026886617423112477, 0.19578298372313638, -0.057717036062911654, 0.12641270969494128, -0.02471599736512835, -0.0954540573323636, 0.031402048581168726, -0.09811886059467553, 0.07049222076847902, -0.007520705308707208]
grad_bias1
[-0.0504568050054188, 0.10111225733949565, 0.02024029469444284, 0.01177151811136424, -0.0033008235911108127, 0.0006287778772907904, -0.0016918689167241625, 0.11217519143751652, 0.0026379680414453785, -0.0005024900019853581, 0.08415655592315667, 0.009978319102214047, 0.011130871773473133, 0.0540528476364609, -0.0020228636128992008, 0.08582303832844249]
grad_weight2
[-0.050737119655628174, -0.06557473868291633, -0.05974306794603528, 0.011687935592076669, -0.15003672659793413, -0.2399411312900166, -0.08294446574165874, -0.1952714587301349, -0.07573138248155042, -0.11760716355928315, -0.07643233419399209, 0.0016028300901169187, -0.0823326197669828, -0.0863655835613554, -0.06428791138302252, -0.0926061662421677]
grad_bias2
[-0.10080848986284512, -0.18662582287020826, -0.052839917549542675, -0.14010571512738298, -0.13202207286357992, -0.0771037772779288, -0.1530135972774937, -0.09508403173213864, -0.11719259349263421, -0.1541169485037261, -0.12095406218648617, -0.02056963169427313, -0.13367474223119205, -0.1615549508382675, -0.10024597250766142, -0.13221020119212673]
grad_target
[0.10080848986284512, 0.18662582287020826, 0.052839917549542675, 0.14010571512738298, 0.13202207286357992, 0.0771037772779288, 0.1530135972774937, 0.09508403173213864, 0.11719259349263421, 0.1541169485037261, 0.12095406218648617, 0.02056963169427313, 0.13367474223119205, 0.1615549508382675, 0.10024597250766142, 0.13221020119212673]
step_loss
0.9833073435932081
grad_input
[-0.038850453548653414, 0.04512811566082226, 0.08338412901172133, -0.07825428547484736, -0.013167757136930299, 0.04004789394323999, -0.04503258426155799, -0.10143077263009372, 0.053104146352819445, -0.06304212971973056, -0.01175721289933547, 0.03745052435749142, -0.02843367394244637, 0.036064084414755754, 0.002937935020444614, -0.10417787803283898]
grad_weight1
[-0.03219012564285392, 0.001396098226412061, 0.07069968148438846, -0.10769697554995054, 0.026305316143502934, 0.03972394731758975, -0.026583870249185855, 0.19331136750241598, -0.05721197466337608, 0.12413045520544713, -0.024433433280459257, -0.09433836949326677, 0.030965942519793482, -0.09627659088173224, 0.06969533724869219, -0.007329709194327086]
grad_bias1
[-0.05040827335592785, 0.09932841682192653, 0.019975443805164694, 0.011826913389539138, -0.0035554504353684114, 0.0006149887008074824, -0.0017147610539878337, 0.1110142505338112, 0.0023203495284504264, -0.00041276144154401927, 0.0832005291373599, 0.00996861005815285, 0.011147126454391839, 0.05303686855016378, -0.001984094182287849, 0.0846475100798918]
grad_weight2
[-0.05069357187971661, -0.06537408905010406, -0.05952658341795457, 0.011426557499233134, -0.1488582700649577, -0.23811647650865303, -0.08240103177293857, -0.1938011284124232, -0.07540295725338647, -0.11675540236434716, -0.07599502741129911, 0.001462005555904429, -0.08109916378692701, -0.08546653352514169, -0.0631546549730175, -0.09164489348776263]
grad_bias2
[-0.1006619920707905, -0.18589824342086095, -0.053110295932956825, -0.13955582786511372, -0.13167356031276015, -0.07718772964718205, -0.15253115367482636, -0.09509646085947344, -0.11705035174657047, -0.15358754267855174, -0.12066388962912919, -0.020788980077881214, -0.13303433473293405, -0.16106250990988322, -0.09970113925409493, -0.13180626072979434]
grad_target
[0.1006619920707905, 0.18589824342086095, 0.053110295932956825, 0.13955582786511372, 0.13167356031276015, 0.07718772964718205, 0.15253115367482636, 0.09509646085947344, 0.11705035174657047, 0.15358754267855174, 0.12066388962912919, 0.020788980077881214, 0.13303433473293405, 0.16106250990988322, 0.09970113925409493, 0.13180626072979434]
step_loss
0.9775814485981097
grad_input
[-0.03833243503993271, 0.044823992103190824, 0.08187391474942003, -0.0772739234944338, -0.012999205427846617, 0.039631421894192526, -0.044398528948560605, -0.10050202927845296, 0.0523483444025178, -0.062090626488143556, -0.011497081119430156, 0.03671814442198157, -0.027797462960546297, 0.03520248451803686, 0.0026585129456238657, -0.10246736315596117]
grad_weight1
[-0.03230028966655471, 0.0014863939267254628, 0.06988184295336528, -0.10618173164024904, 0.026173940563046588, 0.03892073801889507, -0.026284603793349025, 0.19088404618603827, -0.05671382842024614, 0.12188347110834236, -0.024154400387199456, -0.09324115871422635, 0.03053513653721473, -0.09446223700236854, 0.06890792583067573, -0.007143421114982666]
grad_bias1
[-0.05036063671985044, 0.09757210152530164, 0.01971340261172787, 0.011881680822506185, -0.0038063026047171463, 0.0006011444353030126, -0.001737508612388136, 0.10987345640977345, 0.002006126595489594, -0.0003241796505843427, 0.08225570021285175, 0.009958438959731, 0.01116308996151007, 0.05203585922932791, -0.001945720059499851, 0.08349344084378273]
grad_weight2
[-0.0506510818955252, -0.06517638415464874, -0.059313805946069276, 0.011168710470548408, -0.14770233112599862, -0.23632689250605232, -0.08186618073447255, -0.19235757865933886, -0.07507774410383386, -0.11591488639935905, -0.07556282379003512, 0.0013247036281037287, -0.07989187351569645, -0.08458365336035971, -0.062046581517841704, -0.09070016698933034]
grad_bias2
[-0.10051671195757059, -0.185179164734652, -0.05337491282142699, -0.13901168342694747, -0.1313293634800391, -0.0772700919286096, -0.15205474180492584, -0.09510792028631562, -0.11690816842728098, -0.15306261042005825, -0.12037541802879548, -0.021004596263685824, -0.1324025364638968, -0.16057548738354946, -0.09916321080159256, -0.13140659181077788]
grad_target
[0.10051671195757059, 0.185179164734652, 0.05337491282142699, 0.13901168342694747, 0.1313293634800391, 0.0772700919286096, 0.15205474180492584, 0.09510792028631562, 0.11690816842728098, 0.15306261042005825, 0.12037541802879548, 0.021004596263685824, 0.1324025364638968, 0.16057548738354946, 0.09916321080159256, 0.13140659181077788]
step_loss
0.9719362777333678
grad_input
[-0.037823109965195535, 0.044526943941381465, 0.08039140958107306, -0.07631284117553234, -0.01283591147997866, 0.03922609408545004, -0.04377724662002974, -0.09958956000959217, 0.05160245138187341, -0.06115057317018285, -0.01124077366204478, 0.03599637091373962, -0.02717322737991177, 0.03435959318549465, 0.002382300416361352, -0.10078775316286032]
grad_weight1
[-0.03240977528728984, 0.0015762343127520909, 0.06907339809315194, -0.1046938145159908, 0.026044742950671912, 0.038128636084571635, -0.025988763392198695, 0.18849993394932407, -0.05622246959997297, 0.11967099650516631, -0.02387885037553038, -0.0921620358172082, 0.03010954342405335, -0.0926751872578154, 0.06812984525001342, -0.006961681756140939]
grad_bias1
[-0.05031388547176198, 0.09584272293717616, 0.01945412419242953, 0.01193580125692575, -0.004053464227218625, 0.0005872516546196769, -0.0017601132336868862, 0.10875233225532654, 0.0016952467217002756, -0.00023672323884752768, 0.0813218985229217, 0.009947822951926796, 0.01117876771942944, 0.05104946691866094, -0.001907735263796913, 0.08236028700963534]
grad_weight2
[-0.05060963580358078, -0.06498158150233915, -0.059104667238226535, 0.010914325635386225, -0.14656836959821723, -0.23457154825026133, -0.08133972362059061, -0.19094018526467155, -0.074755707204554, -0.11508542114599662, -0.07513564962654974, 0.001190841730773001, -0.07871002102843919, -0.08371653420849451, -0.060962969629442684, -0.08977158152098459]
grad_bias2
[-0.10037259907600413, -0.1844684063245418, -0.053633850005996686, -0.1384731583203758, -0.13098937934041233, -0.07735088245230085, -0.15158422448144615, -0.09511841668289729, -0.11676604007756562, -0.15254208225184324, -0.12008862289227744, -0.021216530351436252, -0.13177914339938046, -0.1600937555640038, -0.09863201341448805, -0.13101108669548142]
grad_target
[0.10037259907600413, 0.1844684063245418, 0.053633850005996686, 0.1384731583203758, 0.13098937934041233, 0.07735088245230085, 0.15158422448144615, 0.09511841668289729, 0.11676604007756562, 0.15254208225184324, 0.12008862289227744, 0.021216530351436252, 0.13177914339938046, 0.1600937555640038, 0.09863201341448805, 0.13101108669548142]
step_loss
0.9663697232647634
grad_input
[-0.037322286907937915, 0.044236773701477695, 0.0789359301145049, -0.0753705136122319, -0.012677706850024877, 0.03883157048296086, -0.0431683983561424, -0.09869297913633818, 0.05086628922687379, -0.0602217801978225, -0.010988214817956313, 0.035284999750074805, -0.02656063121172449, 0.03353486092493764, 0.0021092241554286767, -0.09913824461377374]
grad_weight1
[-0.032518585721460526, 0.0016656523351304756, 0.06827420229118783, -0.10323256251313159, 0.02591767214828425, 0.03734737042154981, -0.02569629557185574, 0.18615797799137251, -0.055737773540674204, 0.1174922905884502, -0.02360673546199336, -0.09110062245047763, 0.02968907788283493, -0.09091484684090465, 0.06736095671478402, -0.006784337357046727]
grad_bias1
[-0.05026800999543031, 0.09413970799326733, 0.019197562860714022, 0.0119892566049205, -0.004297017054097599, 0.0005733167326699877, -0.0017825765130383992, 0.10765041543673244, 0.001387658499507094, -0.00015037119028923093, 0.08039895668412379, 0.009936778531435514, 0.011194164994488194, 0.05007735015025859, -0.0018701339741431196, 0.08124752179211525]
grad_weight2
[-0.05056921982043664, -0.0647896391773315, -0.05889910047497779, 0.01066333593126928, -0.14545586201724167, -0.23284963764308664, -0.08082147700689786, -0.189548342541156, -0.07443681103788531, -0.11426681618793526, -0.07471343238687214, 0.0010603394682283038, -0.07755290322951777, -0.08286478045542262, -0.05990312268881544, -0.08885874468846766]
grad_bias2
[-0.10022960477533524, -0.18376579252926345, -0.05388718786414895, -0.1379401323873718, -0.13065350807346998, -0.07743011948697343, -0.15111946858426595, -0.09512795694500303, -0.11662396333197143, -0.15202589003878145, -0.11980348014648379, -0.021424831562463498, -0.13116395754557258, -0.1596171905896011, -0.09810737853316831, -0.13061964096224035]
grad_target
[0.10022960477533524, 0.18376579252926345, 0.05388718786414895, 0.1379401323873718, 0.13065350807346998, 0.07743011948697343, 0.15111946858426595, 0.09512795694500303, 0.11662396333197143, 0.15202589003878145, 0.11980348014648379, 0.021424831562463498, 0.13116395754557258, 0.1596171905896011, 0.09810737853316831, 0.13061964096224035]
step_loss
0.9608797472104477
grad_input
[-0.03682977957924359, 0.04395329019710789, 0.07750681326276754, -0.07444643223974409, -0.012524429438477504, 0.0384475233433116, -0.04257165619182723, -0.09781191258207432, 0.05013968379999208, -0.059304062051746625, -0.010739330562532852, 0.03458383165956877, -0.02595935040433816, 0.03272775791522087, 0.0018392134524399736, -0.0975180600467919]
grad_weight1
[-0.032626724212612555, 0.0017546784916352698, 0.06748411387166747, -0.10179733395214377, 0.025792678421602894, 0.03657667945872018, -0.025407148014870876, 0.18385715734331726, -0.05525961855871811, 0.11534663201801335, -0.023338008394216885, -0.09005655071016243, 0.02927365647615052, -0.08918063727494883, 0.0666011238593275, -0.006611239500937158]
grad_bias1
[-0.05022300068810564, 0.09246249860288264, 0.018943674122874996, 0.012042029801704992, -0.004537040540944348, 0.0005593458507949994, -0.0018049000010547443, 0.10656725699025804, 0.0010833116064593135, -0.0000651028592882153, 0.07948671048397586, 0.009925321573286464, 0.01120928689939888, 0.04911917829776256, -0.0018329105233610848, 0.08015463462021508]
grad_weight2
[-0.05052982027940853, -0.064600515838153, -0.058697040269003756, 0.010415676047632591, -0.14436430099936934, -0.23116037861402966, -0.08031126282378027, -0.1881814626473775, -0.07412102040096688, -0.11345888510937363, -0.07429610068906285, 0.0009331185610699545, -0.07641984085411735, -0.08202800921200748, -0.05886636785466778, -0.08796127643453083]
grad_bias2
[-0.1000876821316644, -0.18307115235714505, -0.0541350053839649, -0.1374124886951582, -0.1303216529440246, -0.07750782122866791, -0.15066034491370853, -0.09513654817407576, -0.11648193491451334, -0.1515139669566243, -0.11951996612990404, -0.021629548259477285, -0.1305567867233072, -0.15914567228742785, -0.09758914259250152, -0.13023215338203006]
grad_target
[0.1000876821316644, 0.18307115235714505, 0.0541350053839649, 0.1374124886951582, 0.1303216529440246, 0.07750782122866791, 0.15066034491370853, 0.09513654817407576, 0.11648193491451334, 0.1515139669566243, 0.11951996612990404, 0.021629548259477285, 0.1305567867233072, 0.15914567228742785, 0.09758914259250152, 0.13023215338203006]
step_loss
0.9554643785920622
grad_input
[-0.036345406654017955, 0.04367630829468247, 0.07610341553910657, -0.07354010425422691, -0.012375923216878273, 0.03807363669991429, -0.04198670269736653, -0.09694599745963957, 0.049422464788383136, -0.05839723715583177, -0.010494048516957044, 0.0338926720494947, -0.02536907234059082, 0.03193777318173107, 0.0015722000407165926, -0.09592644697667588]
grad_weight1
[-0.03273419402540652, 0.0018433409807653775, 0.0667029940216968, -0.1003875064196331, 0.02566971341030253, 0.03581631073662487, -0.025121269528272348, 0.18159648172620652, -0.05478788585868586, 0.11323331831998128, -0.02307262245480367, -0.08902946277776107, 0.02886319757647536, -0.08747199587491504, 0.06585021269880433, -0.006442244913916671]
grad_bias1
[-0.0501788479644754, 0.09081055119131483, 0.018692414637490936, 0.012094104764771737, -0.004773611925657492, 0.0005453450047634344, -0.0018270852057636615, 0.10550242113691513, 0.0007821567779122696, 0.00001910203329456998, 0.07858499881050261, 0.009913467356255546, 0.011224138397744889, 0.04817463115143652, -0.001796059392548934, 0.0790811305518131]
grad_weight2
[-0.0504914236311846, -0.06441417071337917, -0.05849842262590629, 0.01017128237162206, -0.14329319463229517, -0.22950301225244163, -0.07980890814117635, -0.18683897494323926, -0.07380830040930296, -0.11266144539636266, -0.07388358428560896, 0.0008091027843250033, -0.07531017751596296, -0.08120584981856221, -0.05785205511736975, -0.08707880856669921]
grad_bias2
[-0.09994678588133196, -0.18238431933573335, -0.05437738018808069, -0.13689011343109148, -0.1299937201878881, -0.07758400579036523, -0.15020672805085314, -0.0951441976585394, -0.1163399516364411, -0.15100624746237074, -0.1192380575842662, -0.02183072796581624, -0.12995744436088208, -0.15867908403487357, -0.09707714684762714, -0.1298485257987121]
grad_target
[0.09994678588133196, 0.18238431933573335, 0.05437738018808069, 0.13689011343109148, 0.1299937201878881, 0.07758400579036523, 0.15020672805085314, 0.0951441976585394, 0.1163399516364411, 0.15100624746237074, 0.1192380575842662, 0.02183072796581624, 0.12995744436088208, 0.15867908403487357, 0.09707714684762714, 0.1298485257987121]
step_loss
0.9501217108113923
grad_input
[-0.03586899161344421, 0.043405648688705306, 0.07472511238007518, -0.07265105205589846, -0.01223203796826882, 0.03770960587356864, -0.04141323057754884, -0.0960948816680309, 0.04871446560518521, -0.05750112777498887, -0.010252297910242675, 0.033211330877445544, -0.02478949535944816, 0.03116441381135758, 0.0013081179814420293, -0.09436267693853648]
grad_weight1
[-0.032840998439980056, 0.001931665845873981, 0.06593070671971409, -0.09900247607980127, 0.025548730080206115, 0.03506602051770999, -0.024838610012709286, 0.17937499045616126, -0.05432245944656817, 0.1111516653075584, -0.02281053146443554, -0.08801901057281014, 0.02845762131758403, -0.08578837522985173, 0.06510809158454511, -0.006277215272103287]
grad_bias1
[-0.05013554226030438, 0.08918333625850158, 0.01844374217651411, 0.012145466354583708, -0.0050068063032775835, 0.0005313200114342066, -0.001849133594465288, 0.10445548481727265, 0.00048414578052412624, 0.00010226340418866318, 0.07769366358357212, 0.00990123058713307, 0.011238724308339764, 0.0472433985130391, -0.0017595752057449228, 0.07802652971241912]
grad_weight2
[-0.05045401644431656, -0.0642305635970158, -0.05830318490631054, 0.009930092935852715, -0.14224206589290675, -0.2278768019760602, -0.0793142449639671, -0.18552032537260474, -0.07349861649980655, -0.1118743183408557, -0.07347581404588333, 0.0006882179076258873, -0.07422327879874646, -0.08039794337192288, -0.05685955639586617, -0.08621098430625901]
grad_bias2
[-0.09980687235711634, -0.18170513136697597, -0.0546143885574262, -0.13637289580148704, -0.12966961890254675, -0.0776586911924661, -0.14975849622364804, -0.09515091285626599, -0.11619801039405232, -0.150502667265388, -0.11895773164638311, -0.022028417384169136, -0.12936574929550052, -0.1582173126273319, -0.09657123720676974, -0.12946866301453863]
grad_target
[0.09980687235711634, 0.18170513136697597, 0.0546143885574262, 0.13637289580148704, 0.12966961890254675, 0.0776586911924661, 0.14975849622364804, 0.09515091285626599, 0.11619801039405232, 0.150502667265388, 0.11895773164638311, 0.022028417384169136, 0.12936574929550052, 0.1582173126273319, 0.09657123720676974, 0.12946866301453863]
step_loss
0.9448498991460526
grad_input
[-0.035400362593380606, 0.043141137686667975, 0.07337129749552013, -0.07177881271439261, -0.012092629040126288, 0.03735513700610716, -0.04085094228844158, -0.09525822350605334, 0.04801552329381504, -0.05661555991623407, -0.010014009542040948, 0.03253962252701938, -0.024220328300657984, 0.030407204204829973, 0.0010469035546250768, -0.09282604457408733]
grad_weight1
[-0.03294714074667876, 0.0020196771104342634, 0.06516711866609082, -0.09764165701434856, 0.025429682677432737, 0.034325573415990754, -0.024559120432645354, 0.17719175139459664, -0.053863226046060475, 0.10910100652263766, -0.02255168978424983, -0.08702485541997197, 0.028056849547502642, -0.08412924270558458, 0.06437463116018326, -0.006116017016675156]
grad_bias1
[-0.0500930740357796, 0.08758033795328174, 0.018197615587936016, 0.01219610033672338, -0.005236696697853558, 0.0005172765151032564, -0.001871046595493438, 0.10342603724539602, 0.00018923138653978314, 0.00018440081190206642, 0.07681254968797296, 0.009888625423903794, 0.011253049309453585, 0.04632517980944083, -0.0017234527248270795, 0.07699036675698277]
grad_weight2
[-0.050417585405598375, -0.06404965484361468, -0.058111265789224716, 0.009692047368046543, -0.14121045209077057, -0.22628103273419087, -0.07882711003737654, -0.18422497587180786, -0.07319193443335804, -0.1110973289473996, -0.07307272193868661, 0.0005703916373500286, -0.0731585313890024, -0.07960394227394922, -0.055888264675362245, -0.08535745785737392]
grad_bias2
[-0.09966789942711529, -0.181033430587731, -0.05484610545472937, -0.1358607279342201, -0.12934926094249538, -0.07773189535407402, -0.14931553117855123, -0.09515670137811867, -0.11605610816655103, -0.15000316329926264, -0.11867896584018314, -0.02222266241478471, -0.12878152558292855, -0.15776024815172027, -0.09607126407075614, -0.12909247268065394]
grad_target
[0.09966789942711529, 0.181033430587731, 0.05484610545472937, 0.1358607279342201, 0.12934926094249538, 0.07773189535407402, 0.14931553117855123, 0.09515670137811867, 0.11605610816655103, 0.15000316329926264, 0.11867896584018314, 0.02222266241478471, 0.12878152558292855, 0.15776024815172027, 0.09607126407075614, 0.12909247268065394]
step_loss
0.9396471583580632
grad_input
[-0.034939352238433107, 0.042882607003061235, 0.07204138224422885, -0.07092293745536221, -0.011957557109116584, 0.037009946615906265, -0.04029954967090401, -0.09443569130210643, 0.0473254784351498, -0.05574036323286404, -0.009779115746231758, 0.03187736568741662, -0.023661290071174405, 0.029665685364429532, 0.000788495156421154, -0.09131586675831464]
grad_weight1
[-0.033052624241132374, 0.002107396904998414, 0.06441209921583362, -0.09630448058948379, 0.02531252668440727, 0.03359474204504706, -0.024282752787560147, 0.17504585994140537, -0.05341007501782598, 0.10708069269737439, -0.022296052317537427, -0.08604666772984154, 0.02766080578294122, -0.0824940799667491, 0.06364970431856432, -0.005958521176466204]
grad_bias1
[-0.05005143377857775, 0.08600105366261242, 0.01795399475995731, 0.012245993345450103, -0.005463354131477264, 0.0005032199935541434, -0.0018928255998868716, 0.10241367948101573, -0.00010263265116512525, 0.0002655334610092433, 0.07594150490818243, 0.00987566549789274, 0.011267117942909794, 0.04541968372399178, -0.0016876868446361324, 0.07597219035369719]
grad_weight2
[-0.050382117320338864, -0.06387140536314939, -0.05792260523660671, 0.009457086842471695, -0.14019790433601043, -0.22471501024388532, -0.07834734466181408, -0.18295240380278813, -0.0728882202969111, -0.1103303058423867, -0.0726742410148869, 0.00045555356064708695, -0.07211534224830221, -0.07882350980033945, -0.05493759318371702, -0.08451789399529891]
grad_bias2
[-0.09952982643618624, -0.18036906323538338, -0.05507260454777273, -0.13535350478494307, -0.12903256081900663, -0.07780363608502855, -0.14887771805743888, -0.09516157097250684, -0.11591424201395227, -0.14950767369436097, -0.11840173806892072, -0.022413508173187324, -0.12820460231497993, -0.15730778386552577, -0.09557708217893242, -0.12871986519234238]
grad_target
[0.09952982643618624, 0.18036906323538338, 0.05507260454777273, 0.13535350478494307, 0.12903256081900663, 0.07780363608502855, 0.14887771805743888, 0.09516157097250684, 0.11591424201395227, 0.14950767369436097, 0.11840173806892072, 0.022413508173187324, 0.12820460231497993, 0.15730778386552577, 0.09557708217893242, 0.12871986519234238]
step_loss
0.9345117604095456
grad_input
[-0.0344857975614513, 0.04262989356206487, 0.07073479503408828, -0.07008299116738403, -0.011826687957036983, 0.03667376117411761, -0.039758773600011, -0.09362696305934023, 0.046644175057494866, -0.05487537093161911, -0.009547550355294157, 0.031224383236810753, -0.023112109232185405, 0.02893941421519875, 0.0005328332023979906, -0.08983148176452788]
grad_weight1
[-0.03315745221965597, 0.0021948455863671015, 0.06366552031331142, -0.09499039484877858, 0.02519721877764563, 0.03287330668333943, -0.02400946008411785, 0.17293643806911044, -0.05296289828160414, 0.1050900912348939, -0.022043574510810942, -0.08508412669281243, 0.02726941516515244, -0.08088238251727872, 0.06293318615942615, -0.005804603197774885]
grad_bias1
[-0.05001061200667265, 0.08444499361514032, 0.017712840586593143, 0.012295132848618296, -0.005686847690613822, 0.0004891557638303455, -0.001914471962975604, 0.10141802401907639, -0.00039149162330592217, 0.00034568020652511234, 0.07508037986477878, 0.009862363934927435, 0.011280934618056696, 0.04452662784470944, -0.0016522725883105168, 0.07497156268878485]
grad_weight2
[-0.05034759911253384, -0.06369577661567644, -0.057737144459089264, 0.0092251540331104, -0.13920398703035575, -0.22317806025756345, -0.07787479451662706, -0.1817021014096824, -0.07258744050517874, -0.10957308118579487, -0.07228030539017458, 0.00034363509128485653, -0.07109313782275706, -0.07805631968871178, -0.054006974604593756, -0.0836919676727217]
grad_bias2
[-0.09939261414982777, -0.1797118795183574, -0.05529395823238975, -0.134851124046769, -0.12871943560412166, -0.07787393107863837, -0.14844494527953522, -0.09516552951089328, -0.11577240907503147, -0.14901613775108052, -0.11812602660756275, -0.02260099900741394, -0.1276348134444615, -0.15685981608110186, -0.09508855046119129, -0.128350753588791]
grad_target
[0.09939261414982777, 0.1797118795183574, 0.05529395823238975, 0.134851124046769, 0.12871943560412166, 0.07787393107863837, 0.14844494527953522, 0.09516552951089328, 0.11577240907503147, 0.14901613775108052, 0.11812602660756275, 0.02260099900741394, 0.1276348134444615, 0.15685981608110186, 0.09508855046119129, 0.128350753588791]
step_loss
0.9294420322800885
grad_input
[-0.03403953980820912, 0.04238283930849994, 0.0694509807456646, -0.06925855192826755, -0.011699892257356587, 0.03634631670054016, -0.039228343649603314, -0.09283172611545482, 0.04597146054923893, -0.0540204196827206, -0.00931924866544911, 0.030580502129358023, -0.02257252360564508, 0.028227962957883337, 0.0002798600363559771, -0.08837224846587252]
grad_weight1
[-0.03326162797495549, 0.002282041849457399, 0.06292725642893476, -0.09369886393067041, 0.025083716787232358, 0.03216105495588956, -0.0237391963092639, 0.17086263339610208, -0.052521590241046155, 0.10312858570834368, -0.021794212354287395, -0.08413691998537728, 0.026882604417164477, -0.0792936592585125, 0.062224953947841735, -0.005654142781067385]
grad_bias1
[-0.04997059927089847, 0.0829116804985502, 0.017474114934648382, 0.012343507113910008, -0.005907244589849739, 0.0004750889877459993, -0.0019359870058869937, 0.10043869439586112, -0.0006773898877009007, 0.00042485955835197943, 0.07422902795245026, 0.0098487333755648, 0.011294503615617254, 0.04364573832840632, -0.0016172051028228768, 0.07398805899130702]
grad_weight2
[-0.05031401782494388, -0.06352273060580452, -0.057554825882818024, 0.00899619306848506, -0.13822827738020202, -0.2216695278605984, -0.07740930949226363, -0.18047357529776015, -0.07228956180192758, -0.10882549058533976, -0.07189085022794421, 0.00023456941724664046, -0.07009136328793435, -0.07730205574496454, -0.05309586032552665, -0.0828793636433156]
grad_bias2
[-0.0992562247003898, -0.17906173349132465, -0.05551023765519078, -0.1343534860632773, -0.12840980483866105, -0.07794279790506736, -0.1480171044281311, -0.09516858497419704, -0.11563060656531897, -0.14852849591377318, -0.11785181009534665, -0.022785178514788312, -0.12707199761723104, -0.1564162440549539, -0.09460553189583672, -0.12798505345714328]
grad_target
[0.0992562247003898, 0.17906173349132465, 0.05551023765519078, 0.1343534860632773, 0.12840980483866105, 0.07794279790506736, 0.1480171044281311, 0.09516858497419704, 0.11563060656531897, 0.14852849591377318, 0.11785181009534665, 0.022785178514788312, 0.12707199761723104, 0.1564162440549539, 0.09460553189583672, 0.12798505345714328]
step_loss
0.9244363538806428
grad_input
[-0.03360042432704421, 0.04214129102665032, 0.06818940017816842, -0.06844921054991351, -0.011577045371797476, 0.03602735837811537, -0.03870799777122389, -0.09204967681645453, 0.0453071855741031, -0.05317534953267528, -0.00909414740256662, 0.02994555328571811, -0.022042279899277737, 0.02753091845194436, 0.00002951984434525559, -0.08693754557149266]
grad_weight1
[-0.033365154792119725, 0.0023690028323223866, 0.06219718449771778, -0.09242936750947939, 0.024971979657912646, 0.03145778153143235, -0.023471916404213155, 0.16882361829716572, -0.05208604771116631, 0.10119557537753841, -0.021547922381826855, -0.08320474348827214, 0.026500301802338463, -0.07772743206413146, 0.06152488707341654, -0.005507023724271566]
grad_bias1
[-0.04993138615728416, 0.08140064909014019, 0.017237780612001277, 0.012391105176336546, -0.00612461023317384, 0.0004610246771505525, -0.0019573720169761425, 0.09947532481092759, -0.000960370892097953, 0.0005030896857874341, 0.07338730527955618, 0.009834785994428129, 0.01130782909142068, 0.04277674957993188, -0.0015824796547081708, 0.07302126707708478]
grad_weight2
[-0.05028136061908296, -0.0633522298769938, -0.05737559311735887, 0.008770149488075413, -0.1372703649305959, -0.22018877679747406, -0.07695074353037892, -0.17926634593365542, -0.07199455126090842, -0.1080873730129695, -0.07150581172231636, 0.00012829145001662205, -0.06910948182739896, -0.07656041146698554, -0.0522037197191637, -0.08207977610164054]
grad_bias2
[-0.09912062153550673, -0.1784184829349162, -0.05572151273600855, -0.13386049374470405, -0.12810359044406497, -0.07801025400532949, -0.1475940901418695, -0.09517074544003894, -0.11548883177513883, -0.14804468974532223, -0.11757906752850607, -0.022966089558247124, -0.1265159980110379, -0.1559769698817688, -0.09412789337302467, -0.12762268284063616]
grad_target
[0.09912062153550673, 0.1784184829349162, 0.05572151273600855, 0.13386049374470405, 0.12810359044406497, 0.07801025400532949, 0.1475940901418695, 0.09517074544003894, 0.11548883177513883, 0.14804468974532223, 0.11757906752850607, 0.022966089558247124, 0.1265159980110379, 0.1559769698817688, 0.09412789337302467, 0.12762268284063616]
step_loss
0.9194931560591046
grad_input
[-0.03316830044324127, 0.04190510016658145, 0.0669495295168201, -0.06765457014091034, -0.011458027156431728, 0.03571664018508647, -0.03819748198674005, -0.09128052020370635, 0.0446512039888939, -0.0523400038197438, -0.008872184688828442, 0.029319371486962214, -0.021521133349080707, 0.026847881627074306, -0.00021824142645652383, -0.08552677089563282]
grad_weight1
[-0.033468035944880944, 0.002455744214747854, 0.061475183859655745, -0.0911814002588641, 0.02486196741172445, 0.03076328783419714, -0.023207576239293908, 0.16681858904960617, -0.051656169848301715, 0.0992904747224817, -0.02130466167036706, -0.08228730101590592, 0.026122437084202414, -0.07618323537117255, 0.06083286701023244, -0.00536313377237296]
grad_bias1
[-0.049892963289173115, 0.07991144590009822, 0.017003801337136068, 0.012437916806965245, -0.0063390082729008305, 0.0004469676989617624, -0.0019786282531847497, 0.09852755976413283, -0.0012404771963387337, 0.0005803884220821413, 0.07255507060919617, 0.009820533518697046, 0.011320915080019563, 0.04191940394574894, -0.0015480916259738877, 0.07207078691086836]
grad_weight2
[-0.050249614775123075, -0.06318423750570445, -0.05719939092463227, 0.008546970200262776, -0.13632985111911247, -0.21873518882518528, -0.07649895447144571, -0.17807994716589684, -0.0717023762864487, -0.10735857072363243, -0.07112512708131036, 0.00002473777549106236, -0.06814697394319183, -0.07583108968483318, -0.05133003945604352, -0.08129290833857772]
grad_bias2
[-0.09898576936865197, -0.1777819892397557, -0.055927852190056, -0.1333720524871862, -0.127800716637882, -0.07807631668585191, -0.14717580001038866, -0.09517201907078032, -0.11534708206769166, -0.14756466190235498, -0.11730777825316026, -0.023143774282232812, -0.12596666218083466, -0.15554189839295476, -0.09365550556353348, -0.12726356215062126]
grad_target
[0.09898576936865197, 0.1777819892397557, 0.055927852190056, 0.1333720524871862, 0.127800716637882, 0.07807631668585191, 0.14717580001038866, 0.09517201907078032, 0.11534708206769166, 0.14756466190235498, 0.11730777825316026, 0.023143774282232812, 0.12596666218083466, 0.15554189839295476, 0.09365550556353348, 0.12726356215062126]
step_loss
0.9146109186930056
grad_input
[-0.03274302133795582, 0.041674122677604196, 0.06573085982067987, -0.06687424568609586, -0.011342721776799477, 0.03541392454391687, -0.03769655009398935, -0.09052396971368322, 0.04400337276367421, -0.05151422909197535, -0.008653300010137194, 0.028701795271750142, -0.02100884737840944, 0.026178466921740803, -0.0004634761443164624, -0.08413934065806228]
grad_weight1
[-0.033570274692128164, 0.002542280310824069, 0.0607611362018543, -0.08995447133669435, 0.02475364111210044, 0.030077381769526578, -0.02294613258961417, 0.16484676501335233, -0.05123185808247958, 0.09741271299308271, -0.02106438783889084, -0.08138430405654642, 0.025748941487516473, -0.07466061578640881, 0.060148777277529465, -0.005222364473036912]
grad_bias1
[-0.04985532132914166, 0.07844362882697871, 0.01677214170986866, 0.01248393248282851, -0.006550500666341429, 0.00043292277998038223, -0.0019997569413324296, 0.09759505370705895, -0.0015177504938823259, 0.0006567732690372952, 0.07173218530174552, 0.00980598724579151, 0.011333765498195864, 0.04107345142111026, -0.0015140365101834782, 0.0711362301859323]
grad_weight2
[-0.050218767691720186, -0.0630187170954139, -0.057026165188836186, 0.008326603441740365, -0.1354063488486531, -0.21730816309262818, -0.07605380390945811, -0.17691392576479562, -0.07141300461373071, -0.10663892917625037, -0.07074873451017746, -0.00007615339354220471, -0.06720333679665136, -0.07511380221656284, -0.05047432284735198, -0.08051847241152915]
grad_bias2
[-0.09885163413171856, -0.17715211729463898, -0.05612932354978935, -0.13288807009493464, -0.12750110985273522, -0.07814100311356763, -0.14676213447412384, -0.09517241410230816, -0.11520535487718093, -0.14708835611107443, -0.11703792195836343, -0.02331827412816634, -0.1254238419102622, -0.1551109370594726, -0.09318824279262825, -0.12690761408228413]
grad_target
[0.09885163413171856, 0.17715211729463898, 0.05612932354978935, 0.13288807009493464, 0.12750110985273522, 0.07814100311356763, 0.14676213447412384, 0.09517241410230816, 0.11520535487718093, 0.14708835611107443, 0.11703792195836343, 0.02331827412816634, 0.1254238419102622, 0.1551109370594726, 0.09318824279262825, 0.12690761408228413]
step_loss
0.9097881688649954
grad_input
[-0.03232444393148524, 0.04144821884854993, 0.06453289653005416, -0.06610786364234979, -0.011231017531581674, 0.03511898198611451, -0.03720496338482333, -0.08977974688980797, 0.04336355190426935, -0.05069787502771464, -0.0084374341842616, 0.02809266683666257, -0.020505193272781802, 0.02552230174736706, -0.000706235065258947, -0.08277468881429612]
grad_weight1
[-0.033671874274657475, 0.0026286241558649073, 0.06005492550234902, -0.08874810389037402, 0.024646962829373287, 0.029399877462588698, -0.02268754311151817, 0.16290738784351588, -0.050813016052095074, 0.0955617337744182, -0.020827059046960656, -0.08049547152276304, 0.02537974766052558, -0.07315913170742099, 0.05947250340111593, -0.005084611037995148]
grad_bias1
[-0.04981845098072909, 0.07699676682490195, 0.016542767183212546, 0.012529143357972988, -0.006759147730318064, 0.0004188945114990156, -0.0020207592793441346, 0.0966774707081895, -0.0017922316327097173, 0.0007322614016324187, 0.07091851325881565, 0.009791158060288265, 0.011346384148359282, 0.0402386493701435, -0.001480309908704591, 0.07021721992031833]
grad_weight2
[-0.05018880688576623, -0.06285563277051948, -0.056855862887318566, 0.008108998738331324, -0.13449948207824425, -0.21590711554479003, -0.07561515705334222, -0.17576784098079715, -0.07112640430877902, -0.1059282969568336, -0.07037657319490388, -0.0001744422634137599, -0.06627808357807195, -0.0744082695389179, -0.04963608921619066, -0.07975618882865565]
grad_bias2
[-0.09871818292953405, -0.1765287353786937, -0.0563259931864703, -0.1324084567052172, -0.12720469865860357, -0.07820433031150197, -0.1463529967280786, -0.0951719388335227, -0.11506364770698227, -0.1466157171436926, -0.11676947866931028, -0.02348962984951357, -0.12488739306902846, -0.15468399589874957, -0.09272598291879619, -0.12655476353388356]
grad_target
[0.09871818292953405, 0.1765287353786937, 0.0563259931864703, 0.1324084567052172, 0.12720469865860357, 0.07820433031150197, 0.1463529967280786, 0.0951719388335227, 0.11506364770698227, 0.1466157171436926, 0.11676947866931028, 0.02348962984951357, 0.12488739306902846, 0.15468399589874957, 0.09272598291879619, 0.12655476353388356]
step_loss
0.9050234791170361
grad_input
[-0.031912428770703244, 0.04122725315454093, 0.0633551589926305, -0.06535506154991676, -0.011122806684387618, 0.03483159083215639, -0.03672249037495614, -0.08904758110584149, 0.042731604377028665, -0.049890794358491336, -0.008224529329707473, 0.027491831939578867, -0.020009949869587613, 0.02487902597683634, -0.0009465674013882305, -0.08143226641416779]
grad_weight1
[-0.03377283791214534, 0.0027147875880226477, 0.05935643797555637, -0.08756183458169314, 0.02454189560762067, 0.028730595009481483, -0.02243176631980224, 0.16099972073394841, -0.05039954954080665, 0.09373699456691918, -0.020592633992853486, -0.07962052951165163, 0.02501478963835697, -0.0716783529577184, 0.05880393287549804, -0.004949772209946558]
grad_bias1
[-0.04978234298999077, 0.07557043958201805, 0.0163156440363338, 0.012573541235608842, -0.006965008193620232, 0.00040488735371672734, -0.00204163643741726, 0.09577448413121671, -0.0020639606356298618, 0.0008068696726747564, 0.07011392086859983, 0.00977605645010654, 0.01135877472184127, 0.03941476225819113, -0.0014469075271140962, 0.06931339006898385]
grad_weight2
[-0.050159719992071194, -0.06269494917014214, -0.05668843206236372, 0.007894106867158702, -0.1336088854309677, -0.21453147835060868, -0.07518288259471131, -0.1746412641204486, -0.07084254376817702, -0.10522652570367373, -0.07000858328589056, -0.000270187504125035, -0.06537074290377749, -0.07371422047214922, -0.04881487329596816, -0.07900578624646802]
grad_bias2
[-0.09858538399622356, -0.17591171505735925, -0.056517926331423204, -0.13193312471603688, -0.12691141368826436, -0.07826631515481944, -0.14594829262938705, -0.09517060161648667, -0.11492195812785501, -0.14614669079544962, -0.11650242874069389, -0.023657881526457952, -0.12435717547591324, -0.15426098738548022, -0.09226860721714045, -0.12620493752934428]
grad_target
[0.09858538399622356, 0.17591171505735925, 0.056517926331423204, 0.13193312471603688, 0.12691141368826436, 0.07826631515481944, 0.14594829262938705, 0.09517060161648667, 0.11492195812785501, 0.14614669079544962, 0.11650242874069389, 0.023657881526457952, 0.12435717547591324, 0.15426098738548022, 0.09226860721714045, 0.12620493752934428]
step_loss
0.9003154657794517
grad_input
[-0.031506839920483795, 0.04101109410995667, 0.06219718000753789, -0.06461548765859518, -0.011017985303242274, 0.034551536885752895, -0.03624890654505794, -0.08832720930028892, 0.04210739603576692, -0.04909284279420654, -0.008014528835303309, 0.02689913980599569, -0.019522903261936522, 0.024248291456082947, -0.0011845208854721345, -0.08011154098738973]
grad_weight1
[-0.033873168800331324, 0.002800781324924992, 0.05866556201929975, -0.0863952131303367, 0.024438403432790377, 0.028069360240070458, -0.02217876156566087, 0.15912304769041785, -0.04999136641656181, 0.09193796638089237, -0.020361071911326394, -0.07875921107439347, 0.02465400280752303, -0.07021786043530213, 0.058142955126719624, -0.004817750134734303]
grad_bias1
[-0.049746988146886134, 0.07416423720980081, 0.016090739348547364, 0.012617118541319526, -0.007168139247488737, 0.00039090563997015883, -0.0020623895591316463, 0.09488577632589364, -0.0023329767200067214, 0.0008806146174624057, 0.06931827695256607, 0.009760692521997535, 0.011370940802087833, 0.03860156139579004, -0.001413825171752407, 0.06842438515115253]
grad_weight2
[-0.05013149476298055, -0.06253663144184703, -0.056523821793858536, 0.007681879820114083, -0.13273420381820006, -0.21318069935343037, -0.07475685258162494, -0.17353377813917994, -0.07056139171853369, -0.10453347003455403, -0.0696447058818172, -0.0003634462924957584, -0.06448085823926433, -0.07303139187826793, -0.04801022465460033, -0.07826700118012293]
grad_bias2
[-0.0984532066533384, -0.17530093108203515, -0.056705187096982954, -0.13146198871639775, -0.12662118756575158, -0.07832697436729948, -0.14554793060849602, -0.09516841084719692, -0.11478028377619567, -0.1456812238622029, -0.11623675285021276, -0.023823068580191648, -0.1238330527671463, -0.15384182636612767, -0.09181600026723002, -0.12585806514404327]
grad_target
[0.0984532066533384, 0.17530093108203515, 0.056705187096982954, 0.13146198871639775, 0.12662118756575158, 0.07832697436729948, 0.14554793060849602, 0.09516841084719692, 0.11478028377619567, 0.1456812238622029, 0.11623675285021276, 0.023823068580191648, 0.1238330527671463, 0.15384182636612767, 0.09181600026723002, 0.12585806514404327]
step_loss
0.8956627873711895
grad_input
[-0.031107544858948215, 0.040799614127311694, 0.0610585053865657, -0.06388880056815627, -0.010916453107381617, 0.034278613141733826, -0.035783994092561305, -0.0876183757213233, 0.041490795550811, -0.048303878950533084, -0.007807377330489047, 0.026314443038184178, -0.019043846515920382, 0.023629761537601428, -0.0014201418320215035, -0.0788119959548098]
grad_weight1
[-0.03397287010839779, 0.0028866150356400763, 0.05798218816335564, -0.0852478018752205, 0.024336451202048286, 0.027416004491937644, -0.02192848901533471, 0.15727667283209257, -0.04958837657266856, 0.09016413334481174, -0.020132332571040905, -0.07791125599472232, 0.02429732387149014, -0.06877724577409076, 0.05748946147590069, -0.0046884502385720825]
grad_bias1
[-0.049712377286511664, 0.07277775994275368, 0.015868020974308904, 0.012659868297293618, -0.0073685965942140155, 0.00037695358079123967, -0.002083019762505601, 0.09401103833087197, -0.002599318316926633, 0.0009535124584538686, 0.06853145271345867, 0.009745076016370794, 0.011382885867754364, 0.03779882469370886, -0.0013810587464198646, 0.06754985989219787]
grad_weight2
[-0.050104119067931184, -0.062380645235293214, -0.05636198217280469, 0.00747227076857373, -0.13187509207938414, -0.21185424154304927, -0.07433694229803199, -0.17244497725013558, -0.07028291721571828, -0.10384898747591757, -0.06928488301369609, -0.00045427435395649016, -0.06360798734714299, -0.07235952837207466, -0.04722170714327602, -0.0775395777258113]
grad_bias2
[-0.09832162126967181, -0.17469626129325264, -0.05688783849713036, -0.13099496541905356, -0.12633395483769083, -0.07838632451821193, -0.14515182158380652, -0.09516537495694256, -0.11463862235233267, -0.14521926411857022, -0.11597243199222312, -0.023985229786837675, -0.12331489226991835, -0.1534264299769494, -0.09136804984521396, -0.12551407743364054]
grad_target
[0.09832162126967181, 0.17469626129325264, 0.05688783849713036, 0.13099496541905356, 0.12633395483769083, 0.07838632451821193, 0.14515182158380652, 0.09516537495694256, 0.11463862235233267, 0.14521926411857022, 0.11597243199222312, 0.023985229786837675, 0.12331489226991835, 0.1534264299769494, 0.09136804984521396, 0.12551407743364054]
step_loss
0.8910641430678529
grad_input
[-0.0307144143763778, 0.04059268938177608, 0.05993869353181196, -0.06317466888239064, -0.010818113320986445, 0.03401261950687769, -0.035327541693678445, -0.08692083168175287, 0.0408816743400832, -0.04752376427845272, -0.007603020656296466, 0.025737597527089956, -0.018572579400607643, 0.023023110634770947, -0.0016534751950834266, -0.07753313006414132]
grad_weight1
[-0.034071944976534194, 0.0029722974082556225, 0.05730620901946913, -0.0841191753528659, 0.024236004694294978, 0.026770364394857, -0.021680909629434135, 0.15545991972008652, -0.04919049187083246, 0.08841499232684152, -0.01990637627167428, -0.07707641057589704, 0.023944690817276924, -0.06735611101766019, 0.05684334510346719, -0.004561781110103271]
grad_bias1
[-0.049678501290188866, 0.07141061784812945, 0.015647457519158473, 0.01270178409754242, -0.007566434493929398, 0.00036303526780085495, -0.0021035281410008793, 0.09314996958799704, -0.0028630230898237337, 0.0010255791099373272, 0.06775332168457412, 0.009729216321488588, 0.011394613295705455, 0.03700633642849432, -0.001348604249208513, 0.06668947887942256]
grad_weight2
[-0.05007758089295093, -0.062226956695826764, -0.05620286427564665, 0.007265234029313972, -0.13103121463659512, -0.21055158254836134, -0.07392303014859704, -0.171374466548333, -0.0700070896438808, -0.10317293839393618, -0.06892905762912127, -0.0005427260030331643, -0.0627517017586755, -0.07169838204434456, -0.04644889836861127, -0.07682326729465946]
grad_bias2
[-0.09819059922268764, -0.17409758652722981, -0.05706594246781356, -0.13053197359564053, -0.12604965190738068, -0.07844438201956465, -0.14475987887962027, -0.09516150240421505, -0.11449697161886147, -0.14476076029661272, -0.1157094474715334, -0.024144403291013278, -0.12280256488079656, -0.1530147175653813, -0.09092464682001639, -0.12517290736581105]
grad_target
[0.09819059922268764, 0.17409758652722981, 0.05706594246781356, 0.13053197359564053, 0.12604965190738068, 0.07844438201956465, 0.14475987887962027, 0.09516150240421505, 0.11449697161886147, 0.14476076029661272, 0.1157094474715334, 0.024144403291013278, 0.12280256488079656, 0.1530147175653813, 0.09092464682001639, 0.12517290736581105]
step_loss
0.8865182712342384
grad_input
[-0.030327322477642256, 0.040390199681082636, 0.058837315029067354, -0.062472770876205515, -0.010722872533505193, 0.0337533625330428, -0.034879344275152026, -0.08623433532358023, 0.04027990650215219, -0.046752362995853676, -0.007401405837008967, 0.025168462366881306, -0.01810890813012558, 0.022428023795953662, -0.0018845646229509565, -0.07627445684901063]
grad_weight1
[-0.034170396513675774, 0.0030578362133401316, 0.056637519232788, -0.08300891989206358, 0.02413703054180014, 0.026132281665245782, -0.021435985142912443, 0.1536721307118789, -0.04879762608608283, 0.0866900525690776, -0.01968316384074214, -0.07625442743579679, 0.023596042883045856, -0.06595406830477515, 0.05620450101406009, -0.004437654387086418]
grad_bias1
[-0.049645351086416996, 0.07006243054528333, 0.015429018316574797, 0.01274286008406644, -0.007761705809676224, 0.000349154677447174, -0.002123915764479292, 0.09230227766755465, -0.0031241279525817526, 0.001096830182693533, 0.06698375968027485, 0.009713122487057801, 0.011406126363922823, 0.036223887018009035, -0.0013164577694627674, 0.06584291623112822]
grad_weight2
[-0.050051868340104305, -0.062075532458027965, -0.056046420139384226, 0.007060725031579023, -0.1302022451632064, -0.2092722141497177, -0.07351499754862746, -0.1703218616494629, -0.06973387871427462, -0.10250518592742486, -0.06857717357671722, -0.0006288541825706755, -0.061911586267771226, -0.07104771219658203, -0.04569138918707742, -0.07611782835759566]
grad_bias2
[-0.09806011286149072, -0.17350479052567824, -0.057239559886952646, -0.13007293401409944, -0.125768216971495, -0.07850116312369784, -0.1443720181472456, -0.09515680166713819, -0.11435532939901982, -0.14430566206504286, -0.11544778089733736, -0.024300626619046764, -0.12229594494882783, -0.15260661061462175, -0.09048568505343832, -0.12483448975474368]
grad_target
[0.09806011286149072, 0.17350479052567824, 0.057239559886952646, 0.13007293401409944, 0.125768216971495, 0.07850116312369784, 0.1443720181472456, 0.09515680166713819, 0.11435532939901982, 0.14430566206504286, 0.11544778089733736, 0.024300626619046764, 0.12229594494882783, 0.15260661061462175, 0.09048568505343832, 0.12483448975474368]
step_loss
0.882023948018303
grad_input
[-0.02994614628800045, 0.04019202834057863, 0.05775395225627282, -0.06178279417522495, -0.010630640566236188, 0.033500655161994755, -0.03443920279528864, -0.0855586513917268, 0.03968536875118691, -0.04598954202111646, -0.007202481052488753, 0.02460689977205572, -0.017652645117221713, 0.021844196297383205, -0.0021134525099808545, -0.07503550411022612]
grad_weight1
[-0.03426822779540541, 0.003143238363538539, 0.055976015434667396, -0.08191663322411541, 0.0240394962029052, 0.025501602910070136, -0.021193678045664324, 0.15191266634048392, -0.04840969485351469, 0.08498883533401497, -0.01946265663015634, -0.07544506530977668, 0.023251320526654157, -0.06457073956621481, 0.055572826002114176, -0.00431598464751063]
grad_bias1
[-0.04961291765169879, 0.0687328269342941, 0.015212673405700572, 0.012783090923937122, -0.007954462050814213, 0.00033531567459686246, -0.0021441836801135783, 0.0914676780039926, -0.0033826690871287322, 0.0011672809886466946, 0.06622264474770717, 0.009696803237247786, 0.011417428254323988, 0.03545127280646939, -0.0012846154848629634, 0.06500985527840042]
grad_weight2
[-0.050026969626888795, -0.061926339639223685, -0.055892602737441774, 0.0068587002852566244, -0.12938786626599258, -0.20801564181010282, -0.07311272881883503, -0.16928678834267677, -0.06946325446389646, -0.10184559592254734, -0.06822917559079121, -0.0007127105017389647, -0.06108723844636332, -0.07040728508678973, -0.044948783220647284, -0.07542302620066253]
grad_bias2
[-0.09793013547127163, -0.1729177598487332, -0.05740875059412777, -0.12961776937829592, -0.1254895899592885, -0.07855668392120088, -0.1439881572891241, -0.09515128123638761, -0.1142136935751022, -0.1438539200089431, -0.11518741417728268, -0.02445393669185765, -0.1217949101631235, -0.15220203267126678, -0.09005106130400077, -0.1244987611982787]
grad_target
[0.09793013547127163, 0.1729177598487332, 0.05740875059412777, 0.12961776937829592, 0.1254895899592885, 0.07855668392120088, 0.1439881572891241, 0.09515128123638761, 0.1142136935751022, 0.1438539200089431, 0.11518741417728268, 0.02445393669185765, 0.1217949101631235, 0.15220203267126678, 0.09005106130400077, 0.1244987611982787]
step_loss
0.8775799860036354
grad_input
[-0.02957076596213797, 0.03999806206319152, 0.056688199006420664, -0.061104435447369446, -0.010541330344857448, 0.03325431648135657, -0.03400692403384601, -0.08489355101651465, 0.0390979403537511, -0.04523517090861969, -0.007006195611158891, 0.024052774997018658, -0.017203608737730695, 0.02127133325391344, -0.002340180045693495, -0.07381581341823076]
grad_weight1
[-0.03436544186200917, 0.0032285099695360704, 0.05532159619679957, -0.08084192410797464, 0.02394336993574835, 0.024878179439718037, -0.02095395156372633, 0.150180904717294, -0.04802661561677668, 0.08331087356277293, -0.019244816512540452, -0.07464808886093895, 0.022910465395131217, -0.06320575623242089, 0.05494821861809631, -0.004196689304952546]
grad_bias1
[-0.0495811920112479, 0.0674214449335053, 0.014998393509901323, 0.01282247178725943, -0.008144753414846783, 0.0003215220159867373, -0.002164332913255001, 0.09064589364165991, -0.0036386819605408786, 0.0012369465454983054, 0.06546985711969074, 0.009680266983160305, 0.011428522055494795, 0.034688295858523, -0.001253073658625991, 0.06418998825905844]
grad_weight2
[-0.05000287308558511, -0.06177934583297524, -0.05574136595626626, 0.006659117350119122, -0.128587769180047, -0.20678138422431244, -0.07271611108468137, -0.16826888225674402, -0.06919518725395794, -0.1011940368692606, -0.06788500927619218, -0.0007943452728642903, -0.06027826818014759, -0.06977687368572813, -0.04422069639265883, -0.07473863269028533]
grad_bias2
[-0.09780064123916171, -0.17233638379088656, -0.05757357340994952, -0.12916640426975284, -0.12521371247419272, -0.0786109603391292, -0.1436082163858462, -0.09514494960857153, -0.1140720620869129, -0.14340548560998165, -0.11492832951167195, -0.024604369837510687, -0.12129934144472984, -0.15180090927585438, -0.08962067513436976, -0.1241656600175631]
grad_target
[0.09780064123916171, 0.17233638379088656, 0.05757357340994952, 0.12916640426975284, 0.12521371247419272, 0.0786109603391292, 0.1436082163858462, 0.09514494960857153, 0.1140720620869129, 0.14340548560998165, 0.11492832951167195, 0.024604369837510687, 0.12129934144472984, 0.15180090927585438, 0.08962067513436976, 0.1241656600175631]
step_loss
0.8731852329176746
grad_input
[-0.029201064596311326, 0.03980819082409032, 0.055639660124298725, -0.06043740010591653, -0.010454857777609477, 0.03301417149113982, -0.0335823203903686, -0.08423881150452033, 0.03851750306737809, -0.04448912178609884, -0.006812499923628002, 0.023505956258050877, -0.016761623105403193, 0.02070914924674884, -0.0025647872613229795, -0.07261493963575497]
grad_weight1
[-0.034462041716676314, 0.00331365639261319, 0.054674161986623934, -0.07978441196964176, 0.023848620772967503, 0.024261867089374334, -0.020716769641056784, 0.1484762409575799, -0.047648307578238215, 0.0816557115446288, -0.019029605877323906, -0.0738632684974937, 0.022573420295050863, -0.061858758951517406, 0.05433057913539279, -0.004079688507996067]
grad_bias1
[-0.04955016523958572, 0.06612793122565229, 0.014786150016122051, 0.01286099832598331, -0.00833262882772782, 0.00030777735354302197, -0.0021843644682598188, 0.08983665499013213, -0.003892201341671676, 0.001305841581339144, 0.06472527916874739, 0.009663521834777497, 0.011439410765338236, 0.03393476376192572, -0.0012218286368175658, 0.06338301602324978]
grad_weight2
[-0.04997956716256437, -0.06163451910255105, -0.055592664572628056, 0.006461934806089104, -0.1278016534759191, -0.2055689728853411, -0.07232503418007272, -0.16726778853898913, -0.06892964776820265, -0.10055037983944837, -0.06754462109337908, -0.0008738075471264144, -0.05948429722371737, -0.06915625744316824, -0.04350675648294905, -0.07406442604803057]
grad_bias2
[-0.09767160522143696, -0.17176055429980547, -0.05773408615511219, -0.1287187650914117, -0.12494052773769641, -0.07866400813950052, -0.14323211762593, -0.09513781528004556, -0.11393043293025717, -0.14296031122711234, -0.11467050938779272, -0.024751961803453404, -0.1208091228425977, -0.15140316789618388, -0.08919442882221451, -0.12383512619910826]
grad_target
[0.09767160522143696, 0.17176055429980547, 0.05773408615511219, 0.1287187650914117, 0.12494052773769641, 0.07866400813950052, 0.14323211762593, 0.09513781528004556, 0.11393043293025717, 0.14296031122711234, 0.11467050938779272, 0.024751961803453404, 0.1208091228425977, 0.15140316789618388, 0.08919442882221451, 0.12383512619910826]
step_loss
0.8688385703930511
grad_input
[-0.02883692814347591, 0.039622307759834725, 0.054607951156505116, -0.0597814020235664, -0.010371141638852539, 0.032780050880343706, -0.03316520969058556, -0.08359421613743234, 0.037943941080867766, -0.04375126929379439, -0.006621345476944666, 0.022966314657584017, -0.016326517856584545, 0.02015736796732561, -0.0027873130739698437, -0.07143245045973756]
grad_weight1
[-0.03455803032383539, 0.003398682293997604, 0.05403361512397511, -0.07874372655520165, 0.023755218497339307, 0.023652526048463733, -0.020482096921873742, 0.14679808662767382, -0.0472746916507717, 0.08002290459743219, -0.01881698762663381, -0.07309038019689817, 0.022240129163767917, -0.060529397317274664, 0.05371980951783512, -0.003964905043543982]
grad_bias1
[-0.04951982846103507, 0.06485194101225643, 0.014575914955007598, 0.01289866665353209, -0.00851813598271328, 0.0002940852375748992, -0.0022042793292770067, 0.08903969958870897, -0.004143261317321447, 0.0013739805392353692, 0.06398879536223806, 0.00964657561241138, 0.0114500972936424, 0.03319048943840601, -0.0011908768457709606, 0.06258864775019118]
grad_weight2
[-0.04995704041755533, -0.06149182797439222, -0.055446454231599135, 0.006267112224490438, -0.12702922677841127, -0.20437795166723208, -0.07193939055518074, -0.16628316154644962, -0.06866660701108043, -0.0999144984266935, -0.06720795834370046, -0.000951145149160882, -0.058704958774180374, -0.06854522206366782, -0.04280660270135815, -0.07340019063441441]
grad_bias2
[-0.09754300331201265, -0.17119016589792613, -0.057890345669130025, -0.12827478001334391, -0.12466998053540823, -0.07871584291805031, -0.14285978523824414, -0.09512988674113687, -0.11378880415546959, -0.14251835007774505, -0.11441393657437382, -0.02489674776844719, -0.12032414143347445, -0.15100873786328284, -0.0887722272743538, -0.12350710133914108]
grad_target
[0.09754300331201265, 0.17119016589792613, 0.057890345669130025, 0.12827478001334391, 0.12466998053540823, 0.07871584291805031, 0.14285978523824414, 0.09512988674113687, 0.11378880415546959, 0.14251835007774505, 0.11441393657437382, 0.02489674776844719, 0.12032414143347445, 0.15100873786328284, 0.0887722272743538, 0.12350710133914108]
step_loss
0.864538912779581
grad_input
[-0.028478245331278844, 0.039440309061814546, 0.05359269801418591, -0.05913616325705873, -0.01029010345773481, 0.03255179081313678, -0.0327554150005062, -0.08295955397856423, 0.037377140956250596, -0.043021490525329366, -0.006432684809469413, 0.022433724110707952, -0.01589812794425822, 0.01961572187655719, -0.003007795328500429, -0.07026792598163019]
grad_weight1
[-0.034653410607617605, 0.003483591681206908, 0.053399859738928274, -0.07771950759691773, 0.023663133618314347, 0.023050020697750504, -0.020249898733530714, 0.14514586921291084, -0.04690569041108917, 0.07841201875848758, -0.018606925171003576, -0.07232920533648007, 0.021910537041490374, -0.059217329606608235, 0.05311581338785437, -0.0038522642438579835]
grad_bias1
[-0.049490172850117364, 0.06359313777597869, 0.014367660981754316, 0.012935473325218457, -0.008701321377817832, 0.0002804491198485083, -0.00222407846099906, 0.08825477187969365, -0.004391895307961379, 0.0014413775817846918, 0.06326029221857847, 0.009629435857678016, 0.0114605844645701, 0.0324552909623248, -0.0011602147896072905, 0.06180660067558234]
grad_weight2
[-0.04993528152287489, -0.061351241431579356, -0.05530269142518481, 0.006074610140247823, -0.1262702044965015, -0.20320787642367646, -0.07155907518818147, -0.16531466454872265, -0.06840603630579185, -0.09928626868764272, -0.06687496915488757, -0.0010264047106038603, -0.057939897062390694, -0.06794355929142637, -0.04211988527875275, -0.07274571674134411]
grad_bias2
[-0.0974148122121734, -0.17062511560671528, -0.05804240782875861, -0.1278343789203358, -0.12440201716520594, -0.07876648010322851, -0.1424911454269613, -0.09512117247075332, -0.11364717386597886, -0.14207955621937457, -0.11415859411616494, -0.025038762354200134, -0.11984428722554903, -0.15061755030990143, -0.08835397794405433, -0.1231815285901452]
grad_target
[0.0974148122121734, 0.17062511560671528, 0.05804240782875861, 0.1278343789203358, 0.12440201716520594, 0.07876648010322851, 0.1424911454269613, 0.09512117247075332, 0.11364717386597886, 0.14207955621937457, 0.11415859411616494, 0.025038762354200134, 0.11984428722554903, 0.15061755030990143, 0.08835397794405433, 0.1231815285901452]
step_loss
0.8602852060045517
grad_input
[-0.02812490758280556, 0.03926209387379222, 0.052593536647977265, -0.058501413781907805, -0.010211667411722254, 0.032329232724161515, -0.032352764447865404, -0.08233461968668992, 0.0368169915723642, -0.04229966497025635, -0.006246471486351253, 0.021908061273834573, -0.015476293440995713, 0.019083951878700916, -0.003226270837328106, -0.06912095826524726]
grad_weight1
[-0.034748185450440755, 0.0035683879515656554, 0.05277280173080194, -0.07671140449182798, 0.023572337349410492, 0.02245421945370528, -0.020020141069910118, 0.14351903160544882, -0.04654122805457465, 0.07682263048551552, -0.018399382424914835, -0.07157953053026511, 0.021584590044158573, -0.05792222252622589, 0.052518495995252816, -0.00374169389717122]
grad_bias1
[-0.04946118963186031, 0.062351193050642004, 0.014161361357662083, 0.012971415319417357, -0.008882230351934212, 0.0002668723565473003, -0.0022437628093779204, 0.08748162299007932, -0.004638136083027086, 0.0015080465956392886, 0.0625396582645033, 0.009612109844017972, 0.01147087501907258, 0.03172899138675992, -0.0011298390478526898, 0.06103659982924168]
grad_weight2
[-0.049914279262624525, -0.06121272890730775, -0.055161333471585784, 0.005884390024998394, -0.12552430956388752, -0.2020583146016845, -0.07118398550071438, -0.1643619694419946, -0.06814790729221293, -0.0986655690849168, -0.0665456024667612, -0.001099631702616212, -0.05718876696097454, -0.06735106670379651, -0.04144626507475875, -0.07210080039279597]
grad_bias2
[-0.09728700940148532, -0.17006530287349841, -0.05819032756610118, -0.12739749336127545, -0.12413658538738005, -0.07881593495541986, -0.14212612630893418, -0.0951116809313558, -0.113505540216909, -0.1416438845316554, -0.1139044653286364, -0.02517803963671178, -0.11936945306569047, -0.150229538111419, -0.08793959075135059, -0.12285835260949353]
grad_target
[0.09728700940148532, 0.17006530287349841, 0.05819032756610118, 0.12739749336127545, 0.12413658538738005, 0.07881593495541986, 0.14212612630893418, 0.0951116809313558, 0.113505540216909, 0.1416438845316554, 0.1139044653286364, 0.02517803963671178, 0.11936945306569047, 0.150229538111419, 0.08793959075135059, 0.12285835260949353]
step_loss
0.8560764264790794
grad_input
[-0.027776808939971788, 0.03908756419336948, 0.05161011273465246, -0.057876891236842254, -0.010135760224754233, 0.032112223122526644, -0.0319570910505894, -0.08171921333688559, 0.03626338406999165, -0.04158567445821901, -0.006062660075596519, 0.021389205475447537, -0.01506085935037926, 0.018561807009141642, -0.0034427754182013055, -0.06799115094136518]
grad_weight1
[-0.03484235769170571, 0.0036530739330662768, 0.052152348728281124, -0.07571907599231215, 0.023482801586428022, 0.0218649946197733, -0.0197927905753161, 0.14191703161112607, -0.04618123035155631, 0.0752543263673142, -0.018194323802189293, -0.07084114747174143, 0.021262235337104834, -0.05664375096805047, 0.05192776418658328, -0.0036331241617251556]
grad_bias1
[-0.0494328700820217, 0.06112578619863939, 0.01395698993235727, 0.013006490019468811, -0.009060907119670076, 0.0002533582111242156, -0.002263333302307819, 0.08672001052128717, -0.004882015775794453, 0.0015740011959922092, 0.061826783993351744, 0.009594604586783672, 0.011480971617229756, 0.031011418576664757, -0.0010997462731479346, 0.060278377782533615]
grad_weight2
[-0.049894022531855126, -0.06107626027837763, -0.055022338495068476, 0.0056964142610817555, -0.12479127218967176, -0.20092884486968332, -0.0708140212768767, -0.16342475647377186, -0.0678921919247109, -0.09805228043152205, -0.06621980801715406, -0.0011708704674210334, -0.0564512336083707, -0.06676754751305276, -0.04078541320143708, -0.0714652431533551]
grad_bias2
[-0.09715957310984052, -0.1695106295007563, -0.0583341588864035, -0.12696405650027123, -0.12387363437668529, -0.0788642225663722, -0.14176465785339054, -0.09510142056427236, -0.11336390141371525, -0.14121129069891086, -0.11365153379279662, -0.02531461315733713, -0.11889953455012622, -0.14984463582905477, -0.08752897800626158, -0.12253751951007916]
grad_target
[0.09715957310984052, 0.1695106295007563, 0.0583341588864035, 0.12696405650027123, 0.12387363437668529, 0.0788642225663722, 0.14176465785339054, 0.09510142056427236, 0.11336390141371525, 0.14121129069891086, 0.11365153379279662, 0.02531461315733713, 0.11889953455012622, 0.14984463582905477, 0.08752897800626158, 0.12253751951007916]
step_loss
0.8519115800484212
grad_input
[-0.027433845989459037, 0.038916624777208864, 0.050642081375000446, -0.05726234067755462, -0.010062311069801592, 0.03190061340407499, -0.03156823255196933, -0.08111314024807773, 0.03571621179851141, -0.040879403104673896, -0.005881206124717275, 0.02087703864886848, -0.01465167542648727, 0.01804904413542604, -0.0036573439301161234, -0.0668781188183159]
grad_weight1
[-0.03493593012659938, 0.0037376519227345327, 0.051538410050623984, -0.07474218990812642, 0.02339449888645255, 0.02128222224419745, -0.019567814528848416, 0.14033934147455773, -0.04582562460496518, 0.07370670284376253, -0.0179917142112456, -0.07011385278230889, 0.020943421109467363, -0.055381597773066185, 0.05134352637512553, -0.0035264874830880817]
grad_bias1
[-0.04940520552723551, 0.059916604195459314, 0.013754521126658413, 0.013040695196282653, -0.009237394804954691, 0.00023990985705080016, -0.0022827908502766796, 0.08596969834661791, -0.005123565897851324, 0.00163925473102452, 0.06112156182434623, 0.009576926852913191, 0.011490876840519526, 0.03030240504876885, -0.0010699331890463867, 0.05953167440517757]
grad_weight2
[-0.04987450033570322, -0.06094180585870568, -0.05488566540642275, 0.0055106461163754485, -0.12407082961873311, -0.19981905675942724, -0.07044908458557722, -0.16250271397785507, -0.06763886246986084, -0.09744628583671967, -0.06589753632804883, -0.0012401642488885298, -0.05572697204814737, -0.06619281037603898, -0.040137010662174205, -0.07083885194426104]
grad_bias2
[-0.09703248229058535, -0.16896099957779626, -0.05847395488553811, -0.12653400306943616, -0.12361311467621641, -0.07891135785881732, -0.14140667182385025, -0.09509039978533426, -0.1132222557108548, -0.14078173119306459, -0.11339978335012427, -0.02544851593357876, -0.1184344299384154, -0.14946277965527896, -0.08712205433478598, -0.1222189768128558]
grad_target
[0.09703248229058535, 0.16896099957779626, 0.05847395488553811, 0.12653400306943616, 0.12361311467621641, 0.07891135785881732, 0.14140667182385025, 0.09509039978533426, 0.1132222557108548, 0.14078173119306459, 0.11339978335012427, 0.02544851593357876, 0.1184344299384154, 0.14946277965527896, 0.08712205433478598, 0.1222189768128558]
step_loss
0.8477897009842374
grad_input
[-0.02709591779109579, 0.03874918304984833, 0.049689106802483195, -0.05665751433938404, -0.009991251475615786, 0.03169425967153605, -0.031186031262244812, -0.08051621081701069, 0.035175370264010665, -0.04018073725812021, -0.005702066137946864, 0.020371445266973306, -0.014248596001054051, 0.017545427670916595, -0.0038700103074631766, -0.06578148750785733]
grad_weight1
[-0.035028905504997265, 0.0038221237226504223, 0.05093089666991713, -0.07378042281942446, 0.023307402447612376, 0.020705781984068583, -0.019345180829240253, 0.13878544742170937, -0.04547433960932893, 0.07217936593482115, -0.017791519050234614, -0.06939744786517181, 0.020628096549333577, -0.054135453503251454, 0.05076569251144871, -0.0034217185146197086]
grad_bias1
[-0.04937818734508557, 0.058723341421070864, 0.01355392991605816, 0.013074028991618877, -0.009411735473465322, 0.00022653038046812135, -0.0023021363469878206, 0.08523045641609371, -0.005362817353177711, 0.001703820286310576, 0.06042388606283768, 0.009559083170209195, 0.011500593194018017, 0.029601787817905737, -0.001040396587896162, 0.05879623663104761]
grad_weight2
[-0.049855701788500476, -0.06080933639286326, -0.054751273883986144, 0.005327049719944068, -0.12336272590135261, -0.19872855032113657, -0.07008907970608441, -0.1615955381191208, -0.06738789150407196, -0.09684747065331073, -0.06557873869193119, -0.001307555222200418, -0.05501566688289422, -0.06562666921133484, -0.03950074800509607, -0.070221438866621]
grad_bias2
[-0.09690571659468684, -0.16841631941470953, -0.05860976776718092, -0.12610726932327415, -0.12335497815303018, -0.0789573555862702, -0.14105210172216986, -0.0950786269808156, -0.11308060141049149, -0.1403551632569837, -0.11314919809761251, -0.025579780469615204, -0.11797404007057828, -0.14908390736132693, -0.08671873660756219, -0.12190267340120342]
grad_target
[0.09690571659468684, 0.16841631941470953, 0.05860976776718092, 0.12610726932327415, 0.12335497815303018, 0.0789573555862702, 0.14105210172216986, 0.0950786269808156, 0.11308060141049149, 0.1403551632569837, 0.11314919809761251, 0.025579780469615204, 0.11797404007057828, 0.14908390736132693, 0.08671873660756219, 0.12190267340120342]
step_loss
0.8437098510169044
grad_input
[-0.026762925808590965, 0.03858514901595581, 0.048750862102238404, -0.05606217140857185, -0.009922515237468585, 0.03149302256219292, -0.030810333906314796, -0.07992824035836059, 0.03464075707881659, -0.03948956544878859, -0.0055251975540103054, 0.019872312278795004, -0.013851479817936375, 0.01705072930046721, -0.004080807592511278, -0.06470089306563963]
grad_weight1
[-0.035121286530460115, 0.003906490673764865, 0.050329721174345844, -0.07283345980030585, 0.02322148608955952, 0.020135556975294306, -0.019124857980143302, 0.1372548492192187, -0.045127305611052035, 0.07067193097819953, -0.01759370420206784, -0.06869173876444555, 0.020316211819588887, -0.052905016221276586, 0.0501941740545507, -0.00331875404095237]
grad_bias1
[-0.04935180696411188, 0.057545699457919965, 0.013355191814795222, 0.0131064899020185, -0.00958397016392104, 0.00021322278274389046, -0.0023213706699533373, 0.08450206056838228, -0.005599800451846379, 0.0017677106891792302, 0.05973365286149194, 0.009541079836240732, 0.011510123108533473, 0.028909408249470022, -0.0010111333288028268, 0.05807181823258966]
grad_weight2
[-0.049837616112859154, -0.06067882304964683, -0.05461912435521572, 0.005145590038472576, -0.1226667116716828, -0.1976569357913063, -0.06973391305661283, -0.1607029326476957, -0.06713925191113214, -0.09625572242629628, -0.06526336715835929, -0.0013730845226246312, -0.05431701194202444, -0.06506894302360089, -0.038876324990348696, -0.06961282103147048]
grad_bias2
[-0.0967792563458938, -0.16787649747852734, -0.058741648859682874, -0.12568379299460733, -0.12309917795543775, -0.07900223033299386, -0.14070088273462672, -0.09506611050365849, -0.11293893686123338, -0.13993154488822207, -0.11289976238292278, -0.025708438766572583, -0.11751826828724982, -0.1487079582467229, -0.08631894387108524, -0.12158855947703912]
grad_target
[0.0967792563458938, 0.16787649747852734, 0.058741648859682874, 0.12568379299460733, 0.12309917795543775, 0.07900223033299386, 0.14070088273462672, 0.09506611050365849, 0.11293893686123338, 0.13993154488822207, 0.11289976238292278, 0.025708438766572583, 0.11751826828724982, 0.1487079582467229, 0.08631894387108524, 0.12158855947703912]
step_loss
0.8396711184060659
grad_input
[-0.026434773842529995, 0.038424435175876716, 0.04782702894001487, -0.055476077801745946, -0.009856038331692884, 0.03129676708271266, -0.030440991477307434, -0.07934904895073731, 0.03411227191240041, -0.038805778338740646, -0.0053505587244370625, 0.019379529047951143, -0.013460189874538675, 0.016564727717554257, -0.004289767966324472, -0.06363598164562044]
grad_weight1
[-0.03521307585931878, 0.003990753687645544, 0.049734797732447225, -0.0719009941524562, 0.02313672423464426, 0.019571433708193343, -0.018906815075844567, 0.13574705974977552, -0.04478445426993488, 0.06918402237537463, -0.017398236029349808, -0.06799653602925963, 0.020007718034447463, -0.05168999127765948, 0.04962888394356317, -0.003217532904364783]
grad_bias1
[-0.049326055863754506, 0.05638338689530015, 0.013158282860492941, 0.01313807676336029, -0.009754138918289267, 0.0001999899829402621, -0.0023404946810607263, 0.08378429234951133, -0.005834544923356181, 0.00183093851302891, 0.059050760182391936, 0.009522922926884586, 0.01151946894267545, 0.028225111917720737, -0.000982140335669013, 0.05735817960350113]
grad_weight2
[-0.04982023263873535, -0.06055023741568484, -0.05448917797878864, 0.004966232853454206, -0.12198254393467073, -0.19660383327265543, -0.06938349312580076, -0.1598246086621269, -0.06689291687967885, -0.0956709308428734, -0.06495137452074745, -0.0014367922734305223, -0.053630709962856085, -0.06451945573477937, -0.038263450270622515, -0.06901282039637685]
grad_bias2
[-0.09665308251685056, -0.16734144433149495, -0.05886964863263949, -0.12526351325198606, -0.12284566847189674, -0.07904599651411678, -0.1403529516799569, -0.09505285866996752, -0.11279726045690305, -0.13951083482315393, -0.11265146079964553, -0.025834522332547766, -0.11706702035273148, -0.1483348730907248, -0.08592259728137742, -0.12127658651859696]
grad_target
[0.09665308251685056, 0.16734144433149495, 0.05886964863263949, 0.12526351325198606, 0.12284566847189674, 0.07904599651411678, 0.1403529516799569, 0.09505285866996752, 0.11279726045690305, 0.13951083482315393, 0.11265146079964553, 0.025834522332547766, 0.11706702035273148, 0.1483348730907248, 0.08592259728137742, 0.12127658651859696]
step_loss
0.8356726170477169
grad_input
[-0.026111367965548835, 0.03826695644433576, 0.046917297300645776, -0.054899005953305303, -0.009791758833844463, 0.031105362450807014, -0.03007785909575288, -0.07877846128832561, 0.03358981644361165, -0.038129268673333265, -0.005178108892404292, 0.018892987292836658, -0.01307459326986719, 0.016087208372325724, -0.004496922778201854, -0.06258640916781384]
grad_weight1
[-0.03530427609984212, 0.0040749132762756615, 0.04914604205831418, -0.07098272714846099, 0.023053091889755115, 0.019013301908439462, -0.01869102178739921, 0.13426160460289618, -0.044445718621887474, 0.067715273345657, -0.01720508136922705, -0.06731165458264893, 0.019702567236643483, -0.05049009110508687, 0.04906973657001239, -0.003117995933930022]
grad_bias1
[-0.04930092557423962, 0.05523611913986966, 0.012963179599340255, 0.013168788736019581, -0.009922280810948649, 0.00018683482019607946, -0.0023595092271140095, 0.08307693883809222, -0.006067079929608727, 0.001893516081594773, 0.05837510776003103, 0.009504618304522464, 0.011528632984861847, 0.02754874846966342, -0.0009534145953074773, 0.05665508754933289]
grad_weight2
[-0.04980354080247265, -0.06042355148908597, -0.05436139662721351, 0.004788944739105945, -0.12130998586106445, -0.19556887242571058, -0.0690377304069396, -0.15896028438117338, -0.0666488599006037, -0.09509298768372822, -0.06464271430336437, -0.0014987176129727803, -0.052956472284372634, -0.06397803602184297, -0.03766184108432746, -0.0684212636082964]
grad_bias2
[-0.09652717670612411, -0.16681107257138378, -0.05899381671316138, -0.1248463706585258, -0.1225944052914343, -0.0790886683758921, -0.1400082469592669, -0.0950388797557577, -0.11265557063533985, -0.1390929925214866, -0.11240427818266517, -0.025958062192389428, -0.1166202043808217, -0.14796459410560664, -0.08552962004001399, -0.12096670723980464]
grad_target
[0.09652717670612411, 0.16681107257138378, 0.05899381671316138, 0.1248463706585258, 0.1225944052914343, 0.0790886683758921, 0.1400082469592669, 0.0950388797557577, 0.11265557063533985, 0.1390929925214866, 0.11240427818266517, 0.025958062192389428, 0.1166202043808217, 0.14796459410560664, 0.08552962004001399, 0.12096670723980464]
step_loss
0.8317134856161829
grad_input
[-0.025792616459603623, 0.03811263007215997, 0.04602136523568236, -0.054330734610390494, -0.009729616840314443, 0.030918681943407526, -0.029720795874116253, -0.07821630653793053, 0.03307329431420142, -0.03745993123400397, -0.005007808172098281, 0.01841258102852525, -0.012694561058900575, 0.015617963230059725, -0.00470230257372457, -0.061551840998788535]
grad_weight1
[-0.03539488981148302, 0.004158969580022761, 0.0485633713777215, -0.07007836778439608, 0.022970564628796864, 0.018461054423093308, -0.01847744834916541, 0.1327980216804627, -0.0441110330427937, 0.0662653256880139, -0.01701420752816438, -0.06663691359503537, 0.019400712375260303, -0.04930503501962104, 0.048516647750626425, -0.0030200858773245833]
grad_bias1
[-0.04927640767641162, 0.054103618232096314, 0.012769859071793543, 0.013198625290606758, -0.01008843397684953, 0.00017376005602749847, -0.0023784151403507584, 0.08237979247678709, -0.006297434077540304, 0.0019554554731663885, 0.05770659706517492, 0.009486171625908963, 0.01153761745526534, 0.02688017149425652, -0.0009249531556244273, 0.05596231508568989]
grad_weight2
[-0.04978753014582703, -0.060298737673131965, -0.05423574286993525, 0.004613693040984541, -0.12064880659015015, -0.1945516921715416, -0.06869653733482373, -0.15810968492385835, -0.06640705476439741, -0.09452178677558962, -0.06433734074854464, -0.0015588987209722242, -0.05229401855309375, -0.06344451716080123, -0.0370712229608558, -0.06783798185241027]
grad_bias2
[-0.09640152111610599, -0.16628529677376644, -0.0591142019018492, -0.12443230713211714, -0.12234534516553677, -0.07913025999608697, -0.13966670850774132, -0.09502418199394114, -0.11251386587723279, -0.1386779781511432, -0.1121581996036273, -0.026079088897244626, -0.11617773076331017, -0.14759706489169805, -0.08513993733240952, -0.12065887555118768]
grad_target
[0.09640152111610599, 0.16628529677376644, 0.0591142019018492, 0.12443230713211714, 0.12234534516553677, 0.07913025999608697, 0.13966670850774132, 0.09502418199394114, 0.11251386587723279, 0.1386779781511432, 0.1121581996036273, 0.026079088897244626, 0.11617773076331017, 0.14759706489169805, 0.08513993733240952, 0.12065887555118768]
step_loss
0.8277928867394515
grad_input
[-0.02547842975525829, 0.03796137557089664, 0.045138938619827484, -0.0537710486351394, -0.009669554393230617, 0.03073660275105544, -0.029369664786459526, -0.07766241820120255, 0.03256261108359411, -0.036797662792333874, -0.004839617528582359, 0.017938206510323268, -0.012319968112980745, 0.015156790539549155, -0.004905937121489096, -0.06053195164435929]
grad_weight1
[-0.03548491950419772, 0.004242922393887471, 0.0479867043951435, -0.06918763254131571, 0.02288911857578111, 0.017914587111474378, -0.01826606554572666, 0.1313558608164252, -0.043780333213486004, 0.06483382955037116, -0.01682558227665799, -0.06597213636211181, 0.019102107284178178, -0.048134549028524834, 0.04796953470067711, -0.0029237473351902965]
grad_bias1
[-0.04925249380151593, 0.05298561266842026, 0.012578298798777815, 0.013227586194263204, -0.010252635638711738, 0.00016076837655045804, -0.0023972132389360732, 0.08169265090976473, -0.006525635431418687, 0.0020167685247545982, 0.05704513126956741, 0.009467588349725066, 0.011546424507701524, 0.026219238396700772, -0.0008967531238699797, 0.055279641243721075]
grad_weight2
[-0.049772190314976324, -0.06017576877001933, -0.05411217995691737, 0.004440445855277829, -0.11999878103988484, -0.19355194040518897, -0.06835982822509641, -0.15727254209744043, -0.06616747555844261, -0.09395722394500725, -0.06403520880411229, -0.0016173728440198303, -0.051643076440515044, -0.06291873687668662, -0.036491329437397566, -0.06726281070667811]
grad_bias2
[-0.09627609853175356, -0.16576403343618218, -0.059230852188476374, -0.12402126590695783, -0.1220984459714441, -0.07917078528449263, -0.13932827774807338, -0.0950087735715387, -0.11237214470498469, -0.13826575257350493, -0.1119132103665053, -0.026197632533877205, -0.11573951210102713, -0.14723223039410513, -0.0847534762682754, -0.12035304652223588]
grad_target
[0.09627609853175356, 0.16576403343618218, 0.059230852188476374, 0.12402126590695783, 0.1220984459714441, 0.07917078528449263, 0.13932827774807338, 0.0950087735715387, 0.11237214470498469, 0.13826575257350493, 0.1119132103665053, 0.026197632533877205, 0.11573951210102713, 0.14723223039410513, 0.0847534762682754, 0.12035304652223588]
step_loss
0.8239100062063864
grad_input
[-0.025168720372915267, 0.037813114640205814, 0.04426973091582429, -0.05321973881394133, -0.009611515408494437, 0.030559005838221857, -0.029024332543012003, -0.07711663398182746, 0.03205767418487019, -0.03614236206534884, -0.004673498758159589, 0.017469762178924174, -0.011950692985943197, 0.01470349461095475, -0.005107855438600588, -0.05952642445394319]
grad_weight1
[-0.03557436763783423, 0.0043267711921350024, 0.04741596126163705, -0.06831024515527567, 0.02280873038850443, 0.01737379874063929, -0.018056844699188692, 0.1299346834100923, -0.043453556085789796, 0.06342044320612587, -0.016639173843895943, -0.06531715018694821, 0.018806706661119735, -0.04697836564444981, 0.04742831600784903, -0.0028289266979457245]
grad_bias1
[-0.049229175630935616, 0.0518818372289331, 0.012388476768367093, 0.013255671497493751, -0.010414922133297448, 0.0001478623946283442, -0.0024159043274348483, 0.0810153168259025, -0.006751711524815748, 0.002077466836206325, 0.056390615211460035, 0.009448873743830924, 0.011555056231460425, 0.02556581027758293, -0.0008688116649528272, 0.054606850882603544]
grad_weight2
[-0.04975751105951463, -0.060054617974652495, -0.05399067180268535, 0.0042691720087470394, -0.11935968972410668, -0.19256927371934568, -0.06802751921597482, -0.1564485941929783, -0.06593009666425918, -0.09339919697331908, -0.06373627411101526, -0.0016741763203294863, -0.05100338137160324, -0.062400537199258754, -0.03592190178679968, -0.06669559000186132]
grad_bias2
[-0.09615089230013542, -0.16524720092412326, -0.059343814767383346, -0.12361319149635751, -0.12185366667679011, -0.0792102579835452, -0.13899289754554797, -0.09499266262710344, -0.11223040568160539, -0.13785627732900396, -0.11166929600326443, -0.026313722733764422, -0.11530546313734366, -0.14687003686104055, -0.08437016582416249, -0.12004917634516975]
grad_target
[0.09615089230013542, 0.16524720092412326, 0.059343814767383346, 0.12361319149635751, 0.12185366667679011, 0.0792102579835452, 0.13899289754554797, 0.09499266262710344, 0.11223040568160539, 0.13785627732900396, 0.11166929600326443, 0.026313722733764422, 0.11530546313734366, 0.14687003686104055, 0.08437016582416249, 0.12004917634516975]
step_loss
0.8200640522044208
grad_input
[-0.024863402865917778, 0.0376677710979122, 0.043413462947470234, -0.05267660167341428, -0.00955544560680812, 0.030385775809287936, -0.028684669469440104, -0.07657879565747758, 0.03155839288192158, -0.035493929672017414, -0.004509414469218476, 0.01700714860711109, -0.011586617785720673, 0.01425788560269156, -0.0053080858149949055, -0.058534951336077085]
grad_weight1
[-0.035663236621585735, 0.004410515151405947, 0.04685106354356133, -0.06744593639554589, 0.022729377242791032, 0.01683859088524521, -0.017849757656837516, 0.12853406207246057, -0.04313063984960016, 0.062024832837613786, -0.016454950912373704, -0.06467178626614911, 0.01851446604727435, -0.04583622370574368, 0.046892911606623414, -0.002735572084947832]
grad_bias1
[-0.04920644489588591, 0.050792032810379965, 0.012200371422924626, 0.013282881521515124, -0.010575328936795286, 0.00013504465194807372, -0.002434489197263258, 0.08034759780750247, -0.006975689372265514, 0.0021375617742663286, 0.05574295536194147, 0.009430032892230978, 0.011563514653083373, 0.02491975181665693, -0.0008411259998163264, 0.053943734508737934]
grad_weight2
[-0.049743482231434176, -0.05993525886849153, -0.053871182970815966, 0.004099841039296254, -0.11873131857651947, -0.19160335713787463, -0.06769952821224212, -0.1556375857881775, -0.06569489275470891, -0.09284760555277435, -0.06344049299116844, -0.0017293446037646223, -0.05037467626385765, -0.061889764324175756, -0.03536268875598403, -0.06613616368677935]
grad_bias2
[-0.09602588631074829, -0.16473471941877538, -0.05945313605258687, -0.12320802965676794, -0.12161096730553261, -0.07924869166904858, -0.13866051216471023, -0.09497585724834345, -0.11208864740963478, -0.13744951462305727, -0.11142644226962076, -0.02642738868197872, -0.11487550069402352, -0.14651043180369414, -0.08398993678800581, -0.11974722230004729]
grad_target
[0.09602588631074829, 0.16473471941877538, 0.05945313605258687, 0.12320802965676794, 0.12161096730553261, 0.07924869166904858, 0.13866051216471023, 0.09497585724834345, 0.11208864740963478, 0.13744951462305727, 0.11142644226962076, 0.02642738868197872, 0.11487550069402352, 0.14651043180369414, 0.08398993678800581, 0.11974722230004729]
step_loss
0.8162542545864075
grad_input
[-0.02456239376545504, 0.037525270812607196, 0.0425698626804408, -0.052141439302842874, -0.0095012924475538, 0.0302168007799287, -0.02835054939061665, -0.07604874895632895, 0.031064678227745304, -0.03485226809091023, -0.004347328063550614, 0.016550268447959416, -0.01122762805116718, 0.013819779316936537, -0.005506655836655607, -0.05755723248461796]
grad_weight1
[-0.03575152881350473, 0.004494153172398176, 0.046291934192110404, -0.06659444385068303, 0.0226510368172769, 0.016308867831587012, -0.01764477677914687, 0.12715358028506024, -0.042811523900954315, 0.06064667232628491, -0.016272882612474237, -0.0640358795798989, 0.018225341807483173, -0.04470786820264299, 0.04636324275316964, -0.0026436332859100485]
grad_bias1
[-0.04918429337706956, 0.049715946264298275, 0.01201396164668462, 0.013309216846101117, -0.010733890689350236, 0.000122317621027475, -0.0024529686271205714, 0.07968930618430052, -0.007197595480617063, 0.0021970644765850708, 0.05510205979204836, 0.009411070701764016, 0.011571801738086774, 0.024280931161055022, -0.0008136934038733504, 0.05329008810138688]
grad_weight2
[-0.049730093784095944, -0.05981766541345776, -0.05375367865885833, 0.003932423177147209, -0.11811345878116182, -0.1906538638587611, -0.06737577483140249, -0.15483926755722155, -0.0654618387911648, -0.09230235124378061, -0.06314782243550529, -0.0017829122871618978, -0.04975671127647354, -0.06138626847939545, -0.034813446314464896, -0.06558437969857497]
grad_bias2
[-0.09590106497657384, -0.16422651086644827, -0.05955886169260863, -0.12280572735299371, -0.12137030890511982, -0.07928609975099109, -0.13833106722755573, -0.0949583654699325, -0.11194686853009393, -0.13704542731233324, -0.11118463514089306, -0.026538659125859454, -0.11444954360933185, -0.1461533639575781, -0.08361272170559447, -0.11944714272115461]
grad_target
[0.09590106497657384, 0.16422651086644827, 0.05955886169260863, 0.12280572735299371, 0.12137030890511982, 0.07928609975099109, 0.13833106722755573, 0.0949583654699325, 0.11194686853009393, 0.13704542731233324, 0.11118463514089306, 0.026538659125859454, 0.11444954360933185, 0.1461533639575781, 0.08361272170559447, 0.11944714272115461]
step_loss
0.8124798641653552
grad_input
[-0.024265611527205116, 0.037385541638696305, 0.04173866501062156, -0.051614059182825106, -0.009449005065393742, 0.030051972253656738, -0.0280218495186997, -0.07552634343795833, 0.030576443023839307, -0.034217281618981646, -0.004187203718128775, 0.01609902638449022, -0.010873612633862988, 0.01338899700336524, -0.00570359240778562, -0.0565929761151702]
grad_weight1
[-0.035839246520074794, 0.004577683900204545, 0.04573849751363147, -0.06575551172214739, 0.022573687278714588, 0.01578453648561083, -0.017441874928122512, 0.12579283207081554, -0.04249614881106478, 0.05928564304935151, -0.01609293851701899, -0.06340926878573915, 0.017939291110966656, -0.04359305010912857, 0.04583923200073212, -0.002553061704485351]
grad_bias1
[-0.049162712904296454, 0.04865333024011511, 0.011829226753757662, 0.013334678297905122, -0.010890641218772455, 0.00010968370715684195, -0.0024713433834022453, 0.07904025889255699, -0.0074174558600917165, 0.0022559858556719784, 0.0544678381406345, 0.00939199190853018, 0.011579919392634825, 0.023649219817734064, -0.000786511205497321, 0.05264571294449809]
grad_weight2
[-0.04971733577119023, -0.05970181194589807, -0.05363812468367198, 0.003766889326597073, -0.11750590660908818, -0.18972047500612169, -0.06705618035189864, -0.15405339608730637, -0.06523091002064885, -0.0917633374332405, -0.06285822009223377, -0.0018349131249753691, -0.04914924356916577, -0.060889903796581005, -0.03427393741252645, -0.06504008983777451]
grad_bias2
[-0.09577641321584518, -0.1637224989296355, -0.05966103658502657, -0.12240623272453965, -0.12113165351484219, -0.07932249547444803, -0.13800450967318129, -0.09494019527149755, -0.11180506772146434, -0.13664397889134133, -0.11094386080794533, -0.026647562383482037, -0.11402751267831025, -0.145798783245285, -0.08323845482888974, -0.11914889696462683]
grad_target
[0.09577641321584518, 0.1637224989296355, 0.05966103658502657, 0.12240623272453965, 0.12113165351484219, 0.07932249547444803, 0.13800450967318129, 0.09494019527149755, 0.11180506772146434, 0.13664397889134133, 0.11094386080794533, 0.026647562383482037, 0.11402751267831025, 0.145798783245285, 0.08323845482888974, 0.11914889696462683]
step_loss
0.8087401520358507
grad_input
[-0.02397297647965203, 0.0372485133537925, 0.040919611559659105, -0.0510942740198875, -0.009398534209467114, 0.029891185003294227, -0.027698450345339916, -0.0750114323784433, 0.03009360178066832, -0.03358887633144067, -0.0040290063673346175, 0.015653329080729878, -0.010524463584672968, 0.01296536517074579, -0.005898921771991215, -0.05564189821130573]
grad_weight1
[-0.03592639199583617, 0.004661105743386906, 0.04519067914070666, -0.06492889062516288, 0.02249730726777781, 0.015265506284714942, -0.017241025455972555, 0.12445142167644183, -0.042184456296279545, 0.05794143368268066, -0.01591508863579825, -0.06279179611592933, 0.01765627191257757, -0.042491526220229954, 0.04532080317550565, -0.0024638103039285285]
grad_bias1
[-0.049141695356070256, 0.04760394303303086, 0.011646146476543127, 0.013359266939242546, -0.011045613563456454, 0.00009714525027728442, -0.0024896142205952103, 0.07840027733902734, -0.007635296035053431, 0.0023143366027934854, 0.05384020158298084, 0.009372801084066103, 0.011587869465162472, 0.023024492549970053, -0.0007595767845671371, 0.0520104154644661]
grad_weight2
[-0.04970519834568912, -0.05958767317061164, -0.053524487467169, 0.003603211048339038, -0.11690846326099799, -0.1888028793909035, -0.06674066766329832, -0.15327973370160494, -0.0650020819729446, -0.09123046929395014, -0.06257164425529697, -0.0018853800552631975, -0.048552037070231764, -0.060400528187295244, -0.03374393174864374, -0.06450314964793938]
grad_bias2
[-0.09565191643449442, -0.16322260893964385, -0.05975970489075366, -0.12200949505305383, -0.12089496413532076, -0.07935789192056306, -0.13768078771883802, -0.09492135457577261, -0.1116632436986945, -0.13624513347933734, -0.11070410567321778, -0.026754126351928822, -0.11360933059513181, -0.14544664074059913, -0.08286707206612103, -0.1188524453772473]
grad_target
[0.09565191643449442, 0.16322260893964385, 0.05975970489075366, 0.12200949505305383, 0.12089496413532076, 0.07935789192056306, 0.13768078771883802, 0.09492135457577261, 0.1116632436986945, 0.13624513347933734, 0.11070410567321778, 0.026754126351928822, 0.11360933059513181, 0.14544664074059913, 0.08286707206612103, 0.1188524453772473]
step_loss
0.80503440892102
grad_input
[-0.023684410774017603, 0.03711411759836035, 0.040112450477455555, -0.050581901586837986, -0.009349832185065266, 0.02973433695715335, -0.027380235537843783, -0.07450387265949546, 0.029616070679167064, -0.03296696004267648, -0.003872701685625209, 0.015213085134131025, -0.01018007604484224, 0.012548715406036573, -0.0060926695325319875, -0.054703722280163666]
grad_weight1
[-0.036012967443061865, 0.00474441689186236, 0.044648406003974024, -0.06411433739653326, 0.02242187588534636, 0.01475168911315942, -0.017042202194092478, 0.1231289632659229, -0.041876389188937636, 0.05661374000971482, -0.015739303410087002, -0.06218330727825, 0.017376242934563472, -0.041403058994574624, 0.04480788135298833, -0.0023758335547540595]
grad_bias1
[-0.049121232659145045, 0.04656754843652515, 0.011464700954532276, 0.013382984057314713, -0.011198839994541064, 0.00008470452679848666, -0.002507781881656229, 0.07776918726961993, -0.00785114105450051, 0.002372127191815464, 0.05321906280012601, 0.009353502641279187, 0.011595653747950458, 0.02240662727772405, -0.0007328875710635458, 0.05138400707359785]
grad_weight2
[-0.049693671758791684, -0.05947522415494, -0.05341273402244685, 0.003441360542325845, -0.11632093471556604, -0.18790077327992827, -0.06642916121836011, -0.15251804828840776, -0.0647753304576874, -0.0907036537450277, -0.06228805385303482, -0.001934345221037496, -0.047964862253454435, -0.059918003223779756, -0.03322320554574973, -0.06397341829971578]
grad_bias2
[-0.09552756050925373, -0.16272676785073636, -0.05985491004804713, -0.1216154647308259, -0.12066020469908602, -0.07939230200760128, -0.13735985082233093, -0.09490185124690945, -0.11152139521223292, -0.1358488558075355, -0.1104653563468444, -0.026858378515367626, -0.11319492189745353, -0.14509688863390446, -0.08249851093359004, -0.11855774926637713]
grad_target
[0.09552756050925373, 0.16272676785073636, 0.05985491004804713, 0.1216154647308259, 0.12066020469908602, 0.07939230200760128, 0.13735985082233093, 0.09490185124690945, 0.11152139521223292, 0.1358488558075355, 0.1104653563468444, 0.026858378515367626, 0.11319492189745353, 0.14509688863390446, 0.08249851093359004, 0.11855774926637713]
step_loss
0.8013619445439429
grad_input
[-0.023399838335749414, 0.03698228781751994, 0.039316936251340376, -0.050076764568636106, -0.00930285279767306, 0.029581329089715648, -0.02706709183912813, -0.07400352466146531, 0.02914376753324929, -0.03235144226820542, -0.003718256070627466, 0.014778205029311698, -0.009840348141424052, 0.012138884200651845, -0.006284860671686921, -0.05377817911703573]
grad_weight1
[-0.03609897501148176, 0.004827615333671903, 0.04411160630466551, -0.06331161490913852, 0.022347372679253012, 0.014242999220915716, -0.01684537944235448, 0.12182508062463096, -0.04157189140908817, 0.05530226473620939, -0.01556555370715227, -0.061583651360111125, 0.017099163648821455, -0.040327416401986144, 0.044300392834803, -0.0022890873843112412]
grad_bias1
[-0.04910131678805432, 0.045543915599325115, 0.011284870723486856, 0.013405831153858431, -0.011350352037338878, 0.00007236375135808192, -0.002525847098374144, 0.07714681864255622, -0.008065015502287885, 0.0024293678829896675, 0.05260433594889858, 0.009334100840151158, 0.011603273978654032, 0.02179550498171132, -0.0007064410437149169, 0.05076630401905673]
grad_weight2
[-0.049682746358863175, -0.05936444032292236, -0.053302831940299555, 0.0032813106311566503, -0.11574313158323479, -0.18701386017294794, -0.0661215869868941, -0.15176811313618965, -0.06455063156143716, -0.09018279941334377, -0.06200740843704555, -0.001981839990999058, -0.0473874959234641, -0.05944219402412421, -0.032711541335970096, -0.06345075847909776]
grad_bias2
[-0.09540333177138367, -0.16223490419573453, -0.05994669478625361, -0.12122409323030255, -0.12042734004220251, -0.07942573849206809, -0.13704164964571217, -0.09488169308893546, -0.11137952104708727, -0.13545511120661974, -0.11022759964285513, -0.026960345952943776, -0.11278421291268739, -0.14474948019883588, -0.0821327105091176, -0.11826477087096747]
grad_target
[0.09540333177138367, 0.16223490419573453, 0.05994669478625361, 0.12122409323030255, 0.12042734004220251, 0.07942573849206809, 0.13704164964571217, 0.09488169308893546, 0.11137952104708727, 0.13545511120661974, 0.11022759964285513, 0.026960345952943776, 0.11278421291268739, 0.14474948019883588, 0.0821327105091176, 0.11826477087096747]
step_loss
0.797722087022474
grad_input
[-0.023119184817510036, 0.03685295920492389, 0.03853282952166756, -0.04957869041356901, -0.009257551299269792, 0.029432065316611657, -0.026758908971309267, -0.0735102521600642, 0.02867661175329349, -0.03174223418760928, -0.0035656366266505236, 0.014348601093072162, -0.009505180886844908, 0.011735712783576093, -0.006475519569284266, -0.05286500657856172]
grad_weight1
[-0.036184416798050845, 0.004910698870699271, 0.043580209487840735, -0.06252049189284947, 0.02227377763147382, 0.013739353145794955, -0.016650531958691008, 0.12053940687367203, -0.04127090793704416, 0.05400671731058753, -0.01539381081475825, -0.060992680735838356, 0.01682499425963153, -0.0392643717759444, 0.04379826512597881, -0.002203529128199714]
grad_bias1
[-0.04908193976461499, 0.04453281888668473, 0.011106636704978499, 0.013427809935204267, -0.01150018049206311, 0.00006012507852507499, -0.0025438105917167785, 0.07653300550585791, -0.008276943507086769, 0.0024860687266839666, 0.05199593663263367, 0.009314599793220966, 0.011610731841786508, 0.021191009611013157, -0.0006802347286902335, 0.05015712723707013]
grad_weight2
[-0.04967241259037005, -0.05925529744951759, -0.053194749376095196, 0.003123034743969468, -0.11517486896524334, -0.18614185058739552, -0.06581787241133744, -0.1510297067743692, -0.06432796164473736, -0.0896678165959251, -0.061729668171243854, -0.00202789497967548, -0.04681972100919651, -0.058972969141639665, -0.03220872775346556, -0.06293503627972756]
grad_bias2
[-0.0952792169910035, -0.16174694804302736, -0.06003510113929335, -0.1208353330745833, -0.12019633587689726, -0.07945821396988742, -0.13672613602021638, -0.09486088784435065, -0.11123762002190919, -0.13506386559454614, -0.10999082257546022, -0.027060055346489725, -0.11237713170611457, -0.14440436976012166, -0.08176961138707055, -0.1179734733336108]
grad_target
[0.0952792169910035, 0.16174694804302736, 0.06003510113929335, 0.1208353330745833, 0.12019633587689726, 0.07945821396988742, 0.13672613602021638, 0.09486088784435065, 0.11123762002190919, 0.13506386559454614, 0.10999082257546022, 0.027060055346489725, 0.11237713170611457, 0.14440436976012166, 0.08176961138707055, 0.1179734733336108]
step_loss
0.7941141822864916
grad_input
[-0.022842377553614384, 0.036726068648624946, 0.037759896903594624, -0.049087511189531294, -0.009213884336788197, 0.029286452393711415, -0.026455579542776927, -0.07302392222665588, 0.028214524310575015, -0.03113924860843293, -0.0034148111486053253, 0.013924187450648499, -0.009174478082422055, 0.01133904696102367, -0.006664670020439042, -0.05196394936417775]
grad_weight1
[-0.03626929484676017, 0.004993665133401565, 0.04305414621629476, -0.0617407427616087, 0.022201071145745703, 0.013240669638703836, -0.016457634948962605, 0.11927158419405724, -0.040973384786741944, 0.05272681374971819, -0.015224046435674137, -0.060410250977012386, 0.016553695686852204, -0.03821370367072832, 0.04330142691268267, -0.0021191174834533574]
grad_bias1
[-0.04906309365740868, 0.04353403774582775, 0.010929980196274459, 0.013448922302728258, -0.01164835545387813, 0.000047990604449349866, -0.0025616730721632957, 0.07592758587899204, -0.00848694875209063, 0.0025422395670562674, 0.051393781872555076, 0.00929500347085625, 0.0116180289701596, 0.02059302799407995, -0.0006542661983373963, 0.04955630221219487]
grad_weight2
[-0.049662660992810755, -0.059147771654893905, -0.053088455037007876, 0.002966506900821118, -0.11461596631767754, -0.1852844618505285, -0.0655179463639682, -0.15030261281953608, -0.06410729733916325, -0.08915861722330437, -0.06145479382111408, -0.0020725400669827313, -0.0462613263651027, -0.05851020045826075, -0.03171455933503834, -0.06242612109906663]
grad_bias2
[-0.09515520336199973, -0.16126283095493787, -0.06012017045888794, -0.12044913780886157, -0.11996715876515149, -0.07948974087763416, -0.13641326291239048, -0.09483944319285481, -0.11109569098810369, -0.13467508546462886, -0.1097550123554157, -0.02715753298805841, -0.11197360803077089, -0.14406151266256906, -0.08140915563490758, -0.11768382067358842]
grad_target
[0.09515520336199973, 0.16126283095493787, 0.06012017045888794, 0.12044913780886157, 0.11996715876515149, 0.07948974087763416, 0.13641326291239048, 0.09483944319285481, 0.11109569098810369, 0.13467508546462886, 0.1097550123554157, 0.02715753298805841, 0.11197360803077089, 0.14406151266256906, 0.08140915563490758, 0.11768382067358842]
final_weight1
[0.23105734538893014, -0.4000367345436155, 0.6181643456368116, -0.06421854769726479, -0.6285987582393334, 0.24718802434818588, -0.7693332612028753, 0.2620031371762153, -0.2352697991838237, 0.7389721217783728, -0.07171181580130026, -0.38687614484231114, 0.36298488457270006, -0.5740806777241788, 0.5195114475754534, -0.8881187346260996]
final_bias1
[0.15119316765443938, -0.22809814490691607, -0.023466126647924565, 0.08870404790839638, 0.19949113862582155, -0.20065278671720804, 0.10146903404846205, -0.23147534813092827, -0.006460225813207884, 0.10168399919826968, -0.19611364991536145, 0.19028252448375932, -0.21086597231253862, -0.06952491531574505, 0.10248380275454269, -0.2062683577305936]
final_weight2
[-0.4484626842884686, 0.46834920221785853, -0.23687020460145305, 0.784674665125766, 0.07100117052449154, -0.4276903533460175, 0.6914455018353318, -0.17959115038259968, 0.3794099281860614, -0.6709395040594537, -0.11815561898815202, 0.4954753378717387, -0.49327743907835603, 0.3019744979199028, -0.8124464829033681, 0.2087198863673124]
final_bias2
[0.20263413225067264, -0.003883406561799298, 0.1481767418454755, 0.146910039273797, 0.1368302439987584, 0.17580898452101532, 0.05963447376367299, 0.29459003724524463, 0.01816129577217289, 0.15986041979885643, 0.3237014008943215, -0.08273300598344986, 0.24286000660030552, 0.06792956692451409, 0.10787349353178555, 0.2373885695270384]
[1.576448169383708, 1.557455989930129, 1.5390224987753252, 1.5211237478848525, 1.5037370655343802, 1.4868409751744296, 1.4704151202881421, 1.4544401947375944, 1.438897878141848, 1.4237707758725726, 1.409042363291362, 1.3946969338871666, 1.3807195510031565, 1.3670960028700798, 1.3538127606882182, 1.3408569395225889, 1.3282162617964481, 1.3158790231865485, 1.303834060740297, 1.2920707230500548, 1.2805788423335263, 1.269348708281618, 1.2583710435464601, 1.2476369807525487, 1.237138040923352, 1.2268661132242307, 1.2168134359303298, 1.2069725785351841, 1.197336424922291, 1.1878981575278296, 1.1786512424281552, 1.1695894152906676, 1.1607066681312257, 1.151997236825469, 1.1434555893252583, 1.1350764145349803, 1.1268546118057168, 1.1187852810082741, 1.110863713148823, 1.1030853814934496, 1.0954459331702429, 1.0879411812197406, 1.0805670970665178, 1.0733198033865796, 1.0661955673469128, 1.0591907941951295, 1.052302021178616, 1.045525911773938, 1.038859250208524, 1.0322989362578108, 1.025841980302114, 1.0194854986285018, 1.0132267089638773, 1.0070629262263442, 1.0009915584827422, 0.9950101031009922, 0.989116143086585, 0.9833073435932081, 0.9775814485981097, 0.9719362777333678, 0.9663697232647634, 0.9608797472104477, 0.9554643785920622, 0.9501217108113923, 0.9448498991460526, 0.9396471583580632, 0.9345117604095456, 0.9294420322800885, 0.9244363538806428, 0.9194931560591046, 0.9146109186930056, 0.9097881688649954, 0.9050234791170361, 0.9003154657794517, 0.8956627873711895, 0.8910641430678529, 0.8865182712342384, 0.882023948018303, 0.8775799860036354, 0.8731852329176746, 0.8688385703930511, 0.864538912779581, 0.8602852060045517, 0.8560764264790794, 0.8519115800484212, 0.8477897009842374, 0.8437098510169044, 0.8396711184060659, 0.8356726170477169, 0.8317134856161829, 0.8277928867394515, 0.8239100062063864, 0.8200640522044208, 0.8162542545864075, 0.8124798641653552, 0.8087401520358507, 0.80503440892102, 0.8013619445439429, 0.797722087022474, 0.7941141822864916]
