initial_input
[0.5, -0.3, 1.2, -0.7, -0.4, 0.8, -1.0, 0.3, 0.7, -0.2, -0.6, 1.0, -0.9, 1.3, 0.1, -0.5]
initial_wq
[0.2, -0.4, 0.7, -0.2, -0.6, 0.3, -0.8, 0.5, -0.3, 0.9, -0.1, -0.5, 0.4, -0.7, 0.6, -0.9, 0.1, -0.2, -0.8, 0.6, -0.4, 0.5, -0.3, 0.7, 0.0, -0.6, 0.3, -0.9, 0.8, -0.1, -0.7, 0.2, 0.5, -0.5, 0.0, 0.4, -0.4, -0.2, 0.9, -0.8, 0.2, 0.1, -0.7, -0.3, 0.6, -0.5, 0.3, -0.1, -0.9, 0.4, 0.5, -0.6, 0.1, 0.8, -0.4, -0.3, -0.2, 0.7, -0.8, 0.3, -0.9, -0.5, 0.0, 0.6]
initial_bq
[0.1, -0.1, 0.0, 0.2, -0.2, 0.1, -0.1, 0.0]
initial_wk
[-0.5, 0.4, -0.3, 0.8, -0.1, -0.7, 0.6, -0.4, 0.3, -0.8, -0.2, 0.5, -0.6, 0.2, -0.9, 0.1, -0.3, 0.6, -0.7, 0.0, 0.4, -0.5, 0.8, -0.2, 0.1, -0.4, 0.9, -0.6, -0.3, 0.7, -0.8, 0.5, 0.2, -0.9, 0.1, -0.5, 0.6, -0.2, 0.0, -0.7, -0.4, 0.8, -0.3, 0.4, -0.1, 0.5, -0.6, 0.0, 0.7, -0.2, 0.3, -0.8, 0.9, -0.4, -0.5, 0.1, -0.6, 0.0, -0.7, 0.2, 0.5, -0.3, 0.8, -0.9]
initial_bk
[0.0, 0.1, -0.1, 0.0, 0.2, -0.2, 0.1, -0.1]
initial_wv
[0.4, -0.6, 0.2, -0.8, 0.5, -0.3, 0.9, -0.1, -0.7, 0.1, -0.4, 0.6, -0.9, 0.0, -0.5, 0.3, 0.8, -0.2, -0.6, 0.1, 0.4, -0.7, 0.5, -0.3, -0.1, 0.9, -0.5, 0.2, -0.4, 0.8, -0.6, 0.0, 0.3, -0.8, 0.7, -0.1, -0.5, 0.6, -0.2, 0.4, -0.9, 0.5, -0.3, 0.1, 0.0, -0.6, 0.8, -0.7, 0.2, -0.4, 0.9, -0.8, -0.3, 0.7, -0.1, 0.6, -0.5, -0.6, 0.4, -0.2, 0.3, -0.9, 0.1, -0.8]
initial_bv
[-0.1, 0.0, 0.1, -0.1, 0.0, 0.2, -0.2, 0.1]
initial_wo
[-0.3, 0.5, -0.7, 0.1, -0.9, 0.4, -0.2, 0.6, 0.0, -0.4, 0.8, -0.6, 0.2, -0.5, 0.9, -0.1, 0.7, -0.3, -0.1, 0.5, -0.8, 0.6, -0.4, 0.2, -0.9, 0.3, -0.6, 0.4, -0.7, 0.1, 0.8, -0.5, 0.2, 0.6, -0.2, -0.8, 0.4, -0.3, -0.5, 0.7, -0.1, -0.9, 0.5, -0.4, 0.6, 0.0, -0.7, 0.3, 0.8, -0.2, 0.1, -0.5, -0.6, 0.9, -0.3, -0.4, -0.8, 0.4, -0.9, 0.7, -0.1, 0.2, 0.5, -0.6]
initial_bo
[0.1, 0.0, -0.1, 0.1, 0.0, -0.1, 0.2, -0.2]
initial_wf1
[0.6, -0.3, 0.9, -0.5, 0.1, -0.8, 0.4, -0.2, -0.7, 0.2, -0.4, 0.8, -0.6, 0.0, -0.9, 0.5, 0.3, -0.1, 0.5, -0.7, 0.2, -0.5, 0.8, -0.4, -0.6, 0.9, -0.2, 0.0, -0.3, 0.7, -0.8, 0.1, 0.4, -0.6, 0.3, -0.9, 0.5, -0.1, -0.4, 0.7, -0.2, 0.8, -0.5, 0.6, -0.7, -0.3, 0.9, -0.1, 0.0, -0.4, 0.7, -0.2, -0.8, 0.6, -0.5, 0.3, 0.1, -0.9, -0.6, 0.4, -0.2, 0.8, -0.3, 0.5]
initial_bf1
[0.0, 0.1, -0.1, 0.0, 0.1, -0.1, 0.0, 0.1]
initial_wf2
[-0.4, 0.7, -0.2, 0.5, -0.9, 0.3, -0.6, 0.1, 0.8, -0.5, 0.0, -0.3, 0.6, -0.1, 0.7, -0.4, -0.2, 0.9, -0.8, 0.4, -0.5, 0.1, -0.7, 0.6, 0.3, -0.6, 0.2, -0.1, 0.8, -0.4, 0.5, -0.9, 0.1, -0.3, 0.6, -0.7, -0.2, 0.9, -0.5, 0.4, -0.8, 0.5, -0.1, 0.3, -0.6, 0.0, -0.4, 0.7, 0.2, -0.9, 0.8, -0.5, 0.4, -0.7, -0.3, 0.6, -0.1, 0.4, -0.6, 0.9, -0.3, 0.2, -0.8, 0.5]
initial_bf2
[-0.1, 0.1, 0.0, -0.1, 0.1, 0.0, -0.1, 0.1]
initial_ln1_s
[1.0, 0.9, 1.1, 0.8, 1.0, 1.2, 0.9, 1.1]
initial_ln1_o
[0.0, 0.1, -0.1, 0.0, 0.1, -0.1, 0.0, 0.1]
initial_ln2_s
[0.9, 1.0, 1.1, 0.8, 1.2, 0.9, 1.0, 1.1]
initial_ln2_o
[-0.1, 0.0, 0.1, -0.1, 0.0, 0.1, -0.1, 0.0]
initial_ln3_s
[1.1, 0.9, 1.0, 1.2, 0.8, 1.0, 1.1, 0.9]
initial_ln3_o
[0.1, -0.1, 0.0, 0.1, -0.1, 0.0, 0.1, -0.1]
initial_dk_scale
[0.35355339, 0.35355339, 0.35355339, 0.35355339]
initial_target
[1.0, 0.5, 0.0, 0.8, 1.0, 0.2, 0.7, 0.5, 1.0, 0.8, 0.3, 0.6, 0.9, 0.2, 0.5, 0.7]
step_loss
1.6336153358585264
intermediate_ln1
[0.6255371983627559, -0.33787603885392914, 1.6584545687308583, -0.8340495978170079, -0.5255371983627559, 1.1510743967255117, -1.3136281165617876, 0.4822727323327952, 0.7791175930572981, -0.27298182646360025, -1.1393760230785661, 0.9415718996947775, -1.2427345752689607, 1.7897745874155742, -0.01491927305854399, -0.7934986865061358]
intermediate_scores
[2.394442704621819, 1.955729228707693, -7.009752374463934, -1.2394304049175782]
intermediate_attn
[0.6079524351504656, 0.3920475648495344, 0.0031090568279809, 0.9968909431720192]
intermediate_context
[-0.7992378817007241, 0.9994949757281973, -1.6221818316112102, 0.06048866429798633, 1.5431933338019004, -2.381104128724593, 2.2981102348576803, -2.002865656425131, -2.185649180203502, 2.9416797016668816, -1.162182008264954, -0.3367782623599279, 0.19757358047298593, 0.387056202203296, 1.1116728449577922, -0.8480183803003241]
intermediate_ln2
[1.1077935357940976, 0.34694694883179344, 1.3417540947818034, -1.8301688381788226, -0.28757820903582765, 0.007504912970658126, -0.1851598318997666, -0.2502669611185666, 0.597496252765824, -1.206424932659448, 1.7475532391119486, -1.0790443820424584, 0.9455430801553172, -0.3699274624036827, 0.6531365085024842, -0.9476374033714547]
intermediate_ln3
[0.4889262226886105, 0.14193988694110388, 1.2447082409651913, -1.0986725257206482, -0.6060853670673434, -0.20553974372261577, -1.6229036277537743, 1.2825949564715053, -0.014727640521100038, 0.2789486164634092, 0.8411084312631657, -0.35601734390749606, -0.7435471355927475, 0.3085618282583746, -1.9883780965139706, 1.3548927430138165]
grad_input
[0.04356992605301383, -0.0552834249304292, 0.02444172957205236, 0.013855363905952323, 0.008155230754911008, -0.030821458798059424, 0.0006043260848966094, -0.0045216926423375025, 0.013796944682473642, -0.014090407461781524, -0.01553335901481538, 0.0061782538158603705, 0.025428952673948565, -0.017873152481254505, 0.01405720308655353, -0.011964435300984693]
grad_wq
[0.003428450087684565, -0.0022742547931930207, 0.006927997392146088, -0.002438941478962217, -0.002560490025958133, 0.004407232154947309, -0.008709380663778589, 0.004866117468735903, -0.0018194518609064923, 0.0012069293732799003, -0.0036766344631280704, 0.0012943273196480364, 0.0013588321904689957, -0.00233888390983733, 0.0046220007440029316, -0.002582410785469691, 0.008387702226935023, -0.005563963746185309, 0.016949343775790212, -0.005966869679083325, -0.006264238166955021, 0.010782292293960995, -0.021307497475670303, 0.01190495509199864, -0.004137514657533074, 0.002744611209479776, -0.00836083070315727, 0.0029433580364259357, 0.0030900449888199505, -0.005318726297270007, 0.010510635777916699, -0.005872517270849337, -0.0030091916394143544, 0.0019961406275558155, -0.006080786156175349, 0.0021406881009811076, 0.0022473727141586316, -0.0038682803641403763, 0.007644327555493018, -0.0042710494914095605, 0.006386811399827861, -0.004236677235423337, 0.01290606880382485, -0.004543469743749142, -0.004769900820688143, 0.008210170732838494, -0.016224582620780813, 0.009065021723333134, -0.0068446590407726365, 0.004540389456788648, -0.013831258665523509, 0.004869174821549869, 0.005111837931646432, -0.008798728475734307, 0.017387664855906506, -0.009714860672899275, 0.0023378878573011414, -0.001550832746410416, 0.004724257482030611, -0.0016631339300566378, -0.0017460188678059456, 0.0030053272691267586, -0.005938997149645737, 0.0033182448778310224]
grad_bq
[0.0054270352878563275, -0.003600011871419867, 0.010966613297481578, -0.00386070123024123, -0.0040531054469757945, 0.006976389859835325, -0.01378643847477493, 0.0077027783815628295]
grad_wk
[0.0005550576970734349, -0.00011712738291143663, -0.0010397711650501143, 0.0008076243631543055, -0.0005694708301331205, -0.00012256185790042234, -0.00014096003653738182, 0.0009358459649781862, 0.0002345353529948906, -0.00004949127314392854, -0.00043934729401054256, 0.0003412554516375062, -0.0002406255113112949, -0.00005178756867609398, -0.0000595615772950777, 0.00039543450149825445, -0.010111690415825558, 0.0021337526557344685, 0.01894189411249263, -0.01471279035594418, 0.01037425976706611, 0.0022327544873474853, 0.0025679208809906524, -0.01704865048201823, 0.006417305940926199, -0.0013541695830285084, -0.012021326269072652, 0.009337358352173575, -0.006583943544366273, -0.0014170003280420678, -0.001629711081701895, 0.010819793874602867, -0.0025920360809363243, 0.0005469672867754523, 0.0048555751770261914, -0.0037714844784185087, 0.0026593432476093035, 0.0005723454687674657, 0.0006582621997702982, -0.0043702601012687164, 0.0023083379728897476, -0.000487101768095824, -0.004324132925380276, 0.0033586958529346154, -0.002368278376428703, -0.0005097023104285176, -0.0005862154632117738, 0.0038919355395390393, 0.004693687246198449, -0.0009904543370007105, -0.008792528564314181, 0.006829445286577106, -0.004815567798754881, -0.001036409426138432, -0.001191988381041475, 0.007913714724405038, -0.004610788682639583, 0.0009729612153883774, 0.008637237436081831, -0.006708825574511786, 0.004730516615687571, 0.0010181046588671717, 0.001170935822704269, -0.007773944955211495]
grad_bk
[-0.0000000000000000013010426069826053, -0.0000000000000000002168404344971009, 0.000000000000000003469446951953614, -0.000000000000000003469446951953614, 0.0000000000000000026020852139652106, 0.00000000000000000010842021724855044, -0.0000000000000000005421010862427522, -0.0000000000000000026020852139652106]
grad_wv
[-0.006916297198730499, -0.016678487043428655, -0.011548873699276818, -0.025312269000801392, 0.015839126939426774, 0.03672324016341068, -0.003734446985273115, -0.011370574775357257, 0.002551773503061893, 0.006903221071758291, 0.004982359611758517, 0.010213672841996146, -0.006911679576826592, -0.014707327156117497, 0.0016258753052264263, 0.004534494239525648, 0.0073290023783397626, 0.001422435958531476, -0.0034000859019566333, 0.007861468308685567, 0.006363555799128296, -0.013806283083955657, -0.0014198075145687027, 0.004693605481929269, -0.0066373393834021875, -0.005964022474415171, -0.0014201932274357796, -0.012575086543233216, 0.0008970991058806169, 0.019727505585858764, -0.0002612849001558605, -0.006366972808620686, 0.010520713969499423, 0.022388092777713867, 0.01469771844834404, 0.03502404021104513, -0.01984567922490879, -0.0512537389290752, 0.004693868254840911, 0.015946489379196786, -0.015578526521935839, -0.03576165733688626, -0.024275651738268723, -0.05490762422618616, 0.03310481377857974, 0.07992715575611013, -0.007814188574428085, -0.024794282219894236, 0.001541381373936803, 0.011937578579752906, 0.01048420819457856, 0.015232522644712698, -0.015239076906587727, -0.02088503846476617, 0.0035522252473531957, 0.006254773227555297, 0.005832337381213712, 0.006995245232432287, 0.0029363070370686415, 0.013097071501222052, -0.003287440330489039, -0.020045682888008995, 0.0008101308809815824, 0.006388891722130191]
grad_bv
[-0.009090459416595654, -0.02316634584622835, -0.01637724816502243, -0.034721780406457056, 0.022591435084963994, 0.05019072194105144, -0.0053202920424091395, -0.015508415231914333]
grad_wo
[0.03275976217546757, 0.00084156869738928, -0.024754439035715885, 0.0025674009488436352, -0.03452433037323962, -0.025625200449602627, 0.050985557497900486, -0.0022503194610428347, -0.04293630254436931, -0.0017016574312408196, 0.03267007620427674, -0.0030607911525135545, 0.04537441555084369, 0.03375272146483949, -0.06697974176178016, 0.0028812796699439094, 0.03556927497119211, -0.008491456228748267, -0.023328720319200677, 0.0075659022017405065, -0.035515147421685156, -0.025194954558211545, 0.05290800762592103, -0.0035129062710080065, 0.002263800358176057, 0.0015008306101565363, -0.0022549454884701198, -0.0005555371078424566, -0.002687922448417175, -0.0021738757849877567, 0.0038990869951033313, 0.000008562866281584217, -0.02526120519315943, 0.01090679956309996, 0.01472815485512027, -0.007850635570628263, 0.024201389933048097, 0.016530942161191626, -0.03630484238828548, 0.0030493966396132203, 0.03244237416834967, -0.0189844333091636, -0.01703711427948051, 0.012610999637145645, -0.030038770340260007, -0.019839662501427578, 0.04532888952070501, -0.004482282895868639, -0.04533944695362445, 0.013695657529594191, 0.028653105745302696, -0.011103108440328784, 0.04466892696833987, 0.031313111472445566, -0.06669266693980812, 0.004804420618079041, 0.03837329582536032, -0.012312583816309144, -0.02397860521598849, 0.009763577871212441, -0.03765473654149156, -0.026300522257624796, 0.05625783882446455, -0.004148264689623333]
grad_bo
[-0.02460507559754159, 0.004351167981817722, 0.01671223261379521, -0.004460057489726671, 0.02488660161589371, 0.01785411492013679, -0.036995860505921296, 0.0022568764615461313]
grad_wf1
[-0.014161511534119629, -0.0004783119248654324, -0.06640545379485634, -0.0017261867312302036, 0.07065562594031391, 0.0003124346885090042, -0.0057099529908523705, 0.005250491498951409, 0.0025143587013482563, -0.0003404517057899872, 0.020174879179889794, -0.0005356123434387535, -0.02476677848201098, -0.0003658798691648831, -0.003609872034595301, -0.00044631180818088833, -0.022258324402432583, -0.00043925472841817314, -0.11053299617103875, -0.0020944280336433205, 0.1200325185403129, 0.0007191305103998437, -0.005577514295291047, 0.007895444179894674, 0.02385446656623564, 0.0007776350216706355, 0.1124102953931404, 0.002852137161303006, -0.11982266853170523, -0.0005467599644437439, 0.009313159981820102, -0.008812176345296806, -0.0018126122553129603, 0.0002747463666931381, -0.015121959197790835, 0.000444155255785952, 0.018696712582279635, 0.00028515503656969, 0.002920996223781845, 0.00028826363389620156, 0.001769052799291316, -0.00005440353499204119, 0.010545473340282397, -0.0000103504800933971, -0.012106181809409967, -0.00012233052211560515, -0.0005275257410659612, -0.0005254918901616447, -0.0013881878950755386, 0.0001829640453113066, -0.011040063598943751, 0.00028581405016947037, 0.013530158760490405, 0.00019835461474692725, 0.001938669052335924, 0.0002521229714259036, 0.007251952071110545, -0.000003120556402414577, 0.03889503618957701, 0.0003928913032839667, -0.04330922547945694, -0.00034100924152171455, 0.00022769984697998554, -0.0024053605478959474]
grad_bf1
[-0.015080728111430687, -0.00036874987407613426, -0.07348737591430114, -0.00155987587962268, 0.07928185049450198, 0.0004353207358181523, -0.004552216957404865, 0.00543068052173462]
grad_wf2
[-0.07039712839579307, -0.022137193237042996, 0.09348853454809758, -0.048540343184869876, 0.038968490899828886, 0.11424106425536927, -0.018259530331475933, -0.08736389455411386, 0.0028564924960824793, 0.0004463717840330786, -0.003950505902004829, 0.002640490036044454, -0.0015276365764219837, -0.004748917936478453, 0.0005093295869380465, 0.003774376511807208, -0.08123284316725465, -0.029721711074864415, 0.10642693194267808, -0.04981040763964531, 0.04546191651833138, 0.13077732642742293, -0.02321078658870841, -0.09869042641795958, 0.002658592382428582, -0.0003556786795228647, -0.003944789879872498, 0.0036023805636705374, -0.0013303661047946783, -0.004613383319449758, 0.00007885287770002198, 0.0039043921598406585, -0.040865671235087726, -0.016616721032120765, 0.052961520788775904, -0.022586642881939907, 0.023067835335442818, 0.06537226886341585, -0.01252972920338945, -0.048802860635096715, 0.00022772237657207566, 0.00012067252501893506, -0.00028536901046348744, 0.00008418037048291442, -0.0001318737328056457, -0.00035724009627290847, 0.00008421020104267758, 0.0002576973664254388, -0.09287586283709641, -0.020313486307653943, 0.12643091126559108, -0.07724173164800899, 0.05035724739032947, 0.1529508391704458, -0.01953281880711277, -0.11977509822649426, 0.005010866718421315, 0.0011606662570613697, -0.006798752207965789, 0.004071304405462895, -0.0027245619650767662, -0.008235815197177317, 0.001087001846703761, 0.006429290142570531]
grad_bf2
[-0.03209934097032904, -0.007288380321955087, 0.04360344870171843, -0.02629847497235564, 0.01743599176448802, 0.052795014483620756, -0.006888049990605705, -0.041260208694581725]
grad_ln1_s
[0.03936854276535666, 0.027626600057576903, 0.021750166003983315, -0.013502763567878766, -0.00954371549507651, -0.05085529863869648, -0.0371622942420017, 0.0061001850774751575]
grad_ln1_o
[0.05814617963561167, -0.05830366278991734, -0.015579172236869738, 0.03178734290997924, 0.006118641076816105, -0.042094819822962565, 0.04992433642801549, -0.016436671582173823]
grad_ln2_s
[-0.11304004954750399, 0.019864559039496875, 0.018456776441755, 0.04309353741515939, 0.0071681092769179, -0.01019041440360947, -0.03525094645639163, 0.005893541344298326]
grad_ln2_o
[-0.10172294768453749, -0.009415345730916024, 0.013288994370655723, -0.022179426824486058, 0.036202382283576855, 0.031055967755288273, -0.1171287133239494, -0.01039503958448177]
grad_ln3_s
[-0.009358259745041942, -0.03945565613460341, 0.25055368361120706, 0.28248407102298223, 0.29226818029003976, 0.014606571400078752, 1.0453197045209401, 0.28261257486678665]
grad_ln3_o
[-0.19072517722905313, -0.10988893707441512, 0.22322708402854402, -0.35683623370354023, -0.4062040628325179, -0.037122239433041056, -0.6014102155334673, 0.17968596243567161]
grad_dk_scale
[-0.04463180363583465, 0.03645429591280596, 0.00549490743784088, -0.0009715828729525909]
grad_target
[0.06388422216391204, 0.044757514132344994, -0.15558853012064539, 0.23733406571509671, 0.2007606708834238, 0.050692467965340215, 0.29036295346921775, -0.0978243695589418, 0.1268409550651411, 0.06513142294207012, -0.06763855390789864, 0.1195021679884435, 0.2054433919490941, -0.01357022853229916, 0.3110472620642496, -0.08186159287672981]
update_wq
[0.19996571549912318, -0.3999772574520681, 0.6999307200260785, -0.19997561058521038, -0.5999743950997404, 0.29995592767845053, -0.7999129061933623, 0.4999513388253126, -0.2999818054813909, 0.8999879307062673, -0.09996323365536873, -0.5000129432731965, 0.39998641167809534, -0.6999766111609016, 0.5999537799925599, -0.8999741758921453, 0.09991612297773066, -0.19994436036253815, -0.8001694934377579, 0.6000596686967908, -0.3999373576183305, 0.4998921770770604, -0.2997869250252433, 0.6998809504490799, 0.00004137514657533074, -0.6000274461120948, 0.30008360830703157, -0.9000294335803642, 0.7999690995501119, -0.09994681273702731, -0.7001051063577791, 0.2000587251727085, 0.5000300919163941, -0.5000199614062756, 0.000060807861561753495, 0.3999785931189902, -0.4000224737271416, -0.1999613171963586, 0.8999235567244451, -0.7999572895050859, 0.19993613188600173, 0.10004236677235424, -0.7001290606880382, -0.2999545653025625, 0.6000476990082069, -0.5000821017073284, 0.3001622458262078, -0.10009065021723333, -0.8999315534095923, 0.39995459610543216, 0.5001383125866552, -0.6000486917482155, 0.09994888162068354, 0.8000879872847574, -0.4001738766485591, -0.299902851393271, -0.20002337887857302, 0.7000155083274641, -0.8000472425748204, 0.30001663133930057, -0.8999825398113219, -0.5000300532726912, 0.000059389971496457374, 0.5999668175512217]
update_bq
[0.09994572964712144, -0.0999639998812858, -0.00010966613297481577, 0.20003860701230242, -0.19995946894553027, 0.09993023610140166, -0.09986213561525226, -0.0000770277838156283]
update_wk
[-0.5000055505769707, 0.4000011712738291, -0.2999896022883495, 0.7999919237563685, -0.09999430529169867, -0.699998774381421, 0.6000014096003653, -0.4000093584596498, 0.29999765464647005, -0.7999995050872686, -0.19999560652705992, 0.49999658744548364, -0.5999975937448868, 0.20000051787568676, -0.8999994043842271, 0.09999604565498502, -0.29989888309584173, 0.5999786624734427, -0.7001894189411249, 0.0001471279035594418, 0.39989625740232937, -0.5000223275448735, 0.7999743207911901, -0.19982951349517983, 0.09993582694059075, -0.39998645830416973, 0.9001202132626908, -0.6000933735835217, -0.29993416056455635, 0.7000141700032804, -0.7999837028891831, 0.499891802061254, 0.20002592036080938, -0.9000054696728678, 0.09995144424822974, -0.4999622851552158, 0.5999734065675238, -0.20000572345468767, -0.000006582621997702983, -0.6999562973989872, -0.4000230833797289, 0.800004871017681, -0.29995675867074617, 0.3999664130414707, -0.09997631721623572, 0.5000050970231043, -0.5999941378453678, -0.000038919355395390395, 0.699953063127538, -0.19999009545663, 0.30008792528564315, -0.8000682944528659, 0.9000481556779876, -0.39998963590573866, -0.49998808011618956, 0.09992086285275595, -0.5999538921131736, -0.000009729612153883774, -0.7000863723743608, 0.20006708825574512, 0.49995269483384314, -0.30001018104658866, 0.799988290641773, -0.8999222605504479]
update_bk
[0.000000000000000000013010426069826053, 0.1, -0.1, 0.00000000000000000003469446951953614, 0.2, -0.2, 0.1, -0.1]
update_wv
[0.4000691629719873, -0.5998332151295657, 0.20011548873699278, -0.799746877309992, 0.49984160873060574, -0.3003672324016341, 0.9000373444698527, -0.09988629425224643, -0.7000255177350305, 0.09993096778928243, -0.4000498235961176, 0.59989786327158, -0.8999308832042318, 0.00014707327156117497, -0.5000162587530522, 0.2999546550576047, 0.7999267099762166, -0.20001422435958532, -0.5999659991409804, 0.09992138531691315, 0.39993636444200875, -0.6998619371691605, 0.5000141980751457, -0.3000469360548193, -0.09993362660616599, 0.9000596402247442, -0.49998579806772564, 0.20012575086543236, -0.4000089709910588, 0.7998027249441415, -0.5999973871509984, 0.00006366972808620686, 0.299894792860305, -0.8002238809277772, 0.6998530228155165, -0.10035024040211046, -0.4998015432077509, 0.6005125373892908, -0.20004693868254841, 0.39984053510620804, -0.8998442147347807, 0.5003576165733689, -0.2997572434826173, 0.10054907624226186, -0.0003310481377857974, -0.6007992715575611, 0.8000781418857443, -0.699752057177801, 0.19998458618626064, -0.40011937578579754, 0.8998951579180542, -0.8001523252264472, -0.2998476092309341, 0.7002088503846476, -0.10003552225247354, 0.5999374522677244, -0.5000583233738122, -0.6000699524523243, 0.3999706369296293, -0.20013097071501224, 0.3000328744033049, -0.89979954317112, 0.09999189869119018, -0.8000638889172214]
update_bv
[-0.09990909540583405, 0.0002316634584622835, 0.10016377248165023, -0.09965278219593543, -0.00022591435084963994, 0.1994980927805895, -0.1999467970795759, 0.10015508415231915]
update_wo
[-0.30032759762175465, 0.4999915843130261, -0.6997524556096428, 0.09997432599051156, -0.8996547566962676, 0.40025625200449605, -0.20050985557497902, 0.6000225031946104, 0.0004293630254436931, -0.3999829834256876, 0.7996732992379573, -0.5999693920884749, 0.19954625584449157, -0.5003375272146484, 0.9006697974176179, -0.10002881279669945, 0.699644307250288, -0.2999150854377125, -0.099766712796808, 0.4999243409779826, -0.7996448485257832, 0.6002519495455821, -0.40052908007625926, 0.2000351290627101, -0.9000226380035817, 0.2999849916938984, -0.5999774505451153, 0.40000555537107846, -0.6999731207755158, 0.10002173875784988, 0.799961009130049, -0.5000000856286628, 0.2002526120519316, 0.5998909320043689, -0.20014728154855121, -0.7999214936442938, 0.39975798610066954, -0.3001653094216119, -0.49963695157611715, 0.6999695060336039, -0.1003244237416835, -0.8998101556669084, 0.5001703711427948, -0.4001261099963715, 0.6003003877034025, 0.00019839662501427578, -0.700453288895207, 0.30004482282895867, 0.8004533944695363, -0.20013695657529595, 0.09971346894254698, -0.4998889689155967, -0.6004466892696834, 0.8996868688852756, -0.2993330733306019, -0.4000480442061808, -0.8003837329582536, 0.4001231258381631, -0.8997602139478401, 0.6999023642212878, -0.0996234526345851, 0.20026300522257626, 0.49943742161175536, -0.5999585173531038]
update_bo
[0.10024605075597542, -0.00004351167981817722, -0.10016712232613796, 0.10004460057489727, -0.0002488660161589371, -0.10017854114920137, 0.2003699586050592, -0.20002256876461547]
update_wf1
[0.6001416151153411, -0.2999952168807513, 0.9006640545379486, -0.4999827381326877, 0.09929344374059687, -0.8000031243468851, 0.40005709952990853, -0.20005250491498952, -0.7000251435870134, 0.20000340451705792, -0.40020174879179893, 0.8000053561234345, -0.5997523322151799, 0.0000036587986916488307, -0.8999639012796541, 0.5000044631180818, 0.3002225832440243, -0.09999560745271582, 0.5011053299617104, -0.6999790557196636, 0.19879967481459687, -0.500007191305104, 0.800055775142953, -0.400078954441799, -0.6002385446656623, 0.8999922236497833, -0.2011241029539314, -0.000028521371613030058, -0.29880177331468294, 0.7000054675996444, -0.8000931315998182, 0.10008812176345297, 0.40001812612255316, -0.6000027474636669, 0.3001512195919779, -0.9000044415525579, 0.4998130328741772, -0.1000028515503657, -0.40002920996223784, 0.699997117363661, -0.20001769052799293, 0.8000005440353499, -0.5001054547334028, 0.6000001035048009, -0.6998789381819058, -0.2999987766947788, 0.9000052752574107, -0.09999474508109839, 0.000013881878950755386, -0.4000018296404531, 0.7001104006359894, -0.2000028581405017, -0.8001353015876049, 0.5999980164538525, -0.5000193866905234, 0.2999974787702857, 0.0999274804792889, -0.899999968794436, -0.6003889503618958, 0.39999607108696716, -0.19956690774520544, 0.8000034100924153, -0.30000227699846976, 0.500024053605479]
update_bf1
[0.0001508072811143069, 0.10000368749874076, -0.099265126240857, 0.000015598758796226802, 0.09920718149505499, -0.10000435320735819, 0.00004552216957404865, 0.09994569319478266]
update_wf2
[-0.3992960287160421, 0.7002213719323704, -0.20093488534548098, 0.5004854034318487, -0.9003896849089983, 0.2988575893574463, -0.5998174046966852, 0.10087363894554115, 0.7999714350750392, -0.5000044637178404, 0.00003950505902004829, -0.3000264049003604, 0.6000152763657642, -0.09995251082063522, 0.6999949067041306, -0.4000377437651181, -0.19918767156832745, 0.9002972171107486, -0.8010642693194269, 0.40049810407639647, -0.5004546191651833, 0.09869222673572578, -0.6997678921341128, 0.6009869042641796, 0.2999734140761757, -0.5999964432132048, 0.20003944789879874, -0.10003602380563671, 0.800013303661048, -0.3999538661668055, 0.499999211471223, -0.9000390439215984, 0.10040865671235089, -0.2998338327896788, 0.5994703847921122, -0.6997741335711806, -0.20023067835335445, 0.8993462773113658, -0.4998747027079661, 0.40048802860635097, -0.8000022772237657, 0.49999879327474983, -0.09999714630989537, 0.29999915819629513, -0.599998681262672, 0.0000035724009627290847, -0.4000008421020104, 0.6999974230263357, 0.20092875862837098, -0.8997968651369235, 0.7987356908873441, -0.4992275826835199, 0.3994964275260967, -0.7015295083917044, -0.2998046718119289, 0.6011977509822649, -0.10005010866718422, 0.3999883933374294, -0.5999320124779203, 0.8999592869559454, -0.2999727543803492, 0.20008235815197178, -0.800010870018467, 0.4999357070985743]
update_bf2
[-0.09967900659029671, 0.10007288380321956, -0.0004360344870171843, -0.09973701525027645, 0.09982564008235513, -0.0005279501448362076, -0.09993111950009395, 0.10041260208694583]
update_ln1_s
[0.9996063145723464, 0.8997237339994243, 1.0997824983399602, 0.8001350276356788, 1.0000954371549509, 1.2005085529863868, 0.90037162294242, 1.0999389981492254]
update_ln1_o
[-0.0005814617963561167, 0.10058303662789918, -0.09984420827763131, -0.0003178734290997924, 0.09993881358923185, -0.09957905180177037, -0.0004992433642801549, 0.10016436671582174]
update_ln2_s
[0.9011304004954751, 0.999801354409605, 1.0998154322355826, 0.7995690646258484, 1.1999283189072307, 0.9001019041440361, 1.000352509464564, 1.099941064586557]
update_ln2_o
[-0.09898277052315463, 0.00009415345730916024, 0.09986711005629345, -0.09977820573175515, -0.00036202382283576854, 0.09968944032244713, -0.09882871286676051, 0.0001039503958448177]
update_ln3_s
[1.1000935825974505, 0.900394556561346, 0.9974944631638879, 1.1971751592897701, 0.7970773181970996, 0.9998539342859992, 1.0895468029547908, 0.8971738742513321]
update_ln3_o
[0.10190725177229054, -0.09890111062925586, -0.0022322708402854404, 0.10356836233703541, -0.09593795937167482, 0.00037122239433041055, 0.10601410215533467, -0.10179685962435672]
step_loss
1.6076678982896333
intermediate_ln1
[0.6247094716869491, -0.3371585908238054, 1.6582626633734054, -0.8345082459276478, -0.5256580842640517, 1.1520255429409472, -1.3146697758659813, 0.48241589964482334, 0.7782294040181268, -0.27228429850516267, -1.1390147168012652, 0.9414129490499743, -1.2429239084474468, 1.7909964110388275, -0.015424676805216125, -0.793284769723458]
intermediate_scores
[2.4092887706333608, 1.9495517773882134, -7.005644270384548, -1.24416292174195]
intermediate_attn
[0.6129517817723321, 0.3870482182276679, 0.0031365780820427494, 0.9968634219179574]
intermediate_context
[-0.789400414952065, 0.9857161066403186, -1.6265634899464825, 0.06722955205696077, 1.5526343901380486, -2.407870613323974, 2.308254835911157, -2.012817503979929, -2.1867376805976275, 2.9442416297380345, -1.1627810548120148, -0.3328216927674957, 0.1959097653571502, 0.3820273610543148, 1.11221942984347, -0.8482246924869737]
intermediate_ln2
[1.11495737717392, 0.3615526624671588, 1.327766371687714, -1.8286620930322437, -0.3053275210472719, 0.01065115606155946, -0.1820853369641202, -0.24908757162704262, 0.5995739655347502, -1.205103951252826, 1.745656073780014, -1.0774621669544961, 0.9415760694416259, -0.3713699551811628, 0.6600469723999207, -0.9498994065432794]
intermediate_ln3
[0.5006712786478384, 0.15318709868765137, 1.2298586291161135, -1.089882873009714, -0.6053585265910243, -0.2207280903134375, -1.5953908396837169, 1.2808018830284607, -0.010250686896431313, 0.2885403397530879, 0.8251109353462321, -0.34116379525556617, -0.741946119674483, 0.3004463908644773, -1.961644611994157, 1.3532309905807636]
grad_input
[0.03346325590360495, -0.04447905406557879, 0.02220206027654858, 0.007460412476181247, 0.011308706426541616, -0.024383922511438397, -0.0029436367069973247, -0.0026278217988618797, 0.013733257295686042, -0.01884481641385609, -0.015964705731762216, 0.007802445844981399, 0.0272736176266448, -0.018746961741860146, 0.0160410307785145, -0.011293867658348292]
grad_wq
[0.0025365125218987108, -0.0016823728519034583, 0.005127751497425556, -0.0018062862555600437, -0.001893420100243396, 0.003261323396472982, -0.006444927275896077, 0.003599945742332563, -0.0013360765106328698, 0.000886169033327722, -0.0027009795019440432, 0.0009514388818101588, 0.0009973355537790454, -0.001717861649010602, 0.0033947855063676635, -0.0018962267697708657, 0.006019531502624582, -0.003992527651159629, 0.012168937235633356, -0.004286593077791111, -0.004493374995281346, 0.007739618375950454, -0.015294796471314256, 0.00854322090532751, -0.002947304069997716, 0.0019548353539989905, -0.00595819761496242, 0.002098816696795965, 0.0022000619825387454, -0.0037894990215969508, 0.007488691747860528, -0.00418296170294695, -0.00226526714167642, 0.0015024660468116286, -0.004579408490010216, 0.0016131286038828766, 0.0016909446736184165, -0.0029125693899120448, 0.005755730303926527, -0.003214980699491902, 0.004756808858204636, -0.0031550114638294433, 0.009616248110365135, -0.0033873905161996296, -0.0035507956011975707, 0.006116071530449242, -0.012086392987139118, 0.0067511016201746215, -0.004976764812318673, 0.0033008999318031754, -0.010060905672012664, 0.0035440242459031926, 0.003714985220248207, -0.006398880108428845, 0.012645270625600028, -0.007063274138022388, 0.001648335916534074, -0.0010932788909390118, 0.003332235457659387, -0.0011738031982403761, -0.0012304265519582386, 0.0021193494782415934, -0.004188193441425405, 0.0023394009741449355]
grad_bq
[0.004005593725832816, -0.002656758869477821, 0.00809761002494189, -0.0028524396508452497, -0.0029900391219923753, 0.0051501959568664825, -0.010177659300673852, 0.0056849394411945635]
grad_wk
[0.0004037310960260834, -0.00008797063175461367, -0.0007509086506811932, 0.0005753120949577497, -0.0004013778568495326, -0.00009149339180739295, -0.00010928262577676882, 0.000680849991927837, 0.00017060826398246896, -0.00003717453748998777, -0.00031731819164570953, 0.0002431147829210533, -0.00016961383463432692, -0.000038663181745898014, -0.000046180537617085746, 0.00028771287695853387, -0.0073563598253205695, 0.0016029075481614535, 0.013682261001763257, -0.01048272680510793, 0.007313481596944997, 0.0016670955455230384, 0.0019912320992431422, -0.012405726427781023, 0.004670368203117867, -0.0010176457681832672, -0.008686524075324182, 0.006655220124501448, -0.004643145892196911, -0.001058397116542752, -0.001264183278436568, 0.007876084316248446, -0.0018862861189577564, 0.00041101065334821484, 0.0035083464670596634, -0.002687935681618153, 0.0018752914682186798, 0.0004274694633169858, 0.0005105831630879735, -0.003181022966789283, 0.0016803838106793953, -0.0003661457511465522, -0.003125384079462304, 0.0023945272979235543, -0.0016705893087105043, -0.0003808079582934998, -0.0004548491730048752, 0.0028337903995951305, 0.0034167918125368466, -0.0007444988441104292, -0.0063549688266886385, 0.004868888413732876, -0.003396876258767243, -0.0007743120980914693, -0.0009248630702017128, 0.005762059699841701, -0.0033548739999067654, 0.0007310073168351069, 0.006239806478301726, -0.004780656254134465, 0.0033353193482916904, 0.0007602803062711666, 0.000908103050443088, -0.005657641827043871]
grad_bk
[0.0, -0.0000000000000000008673617379884035, 0.000000000000000001734723475976807, -0.000000000000000004336808689942018, 0.000000000000000003903127820947816, -0.0000000000000000004336808689942018, -0.0000000000000000022768245622195593, -0.0000000000000000008673617379884035]
grad_wv
[-0.005777321204317595, -0.016938551236859445, -0.010995893892244745, -0.025039115594755735, 0.015991073629215445, 0.03676505665000169, -0.003331697343923353, -0.01160323284757283, 0.0020411965188425083, 0.007041467383620948, 0.0047409307238057185, 0.010090292918608065, -0.00698848155264319, -0.014717291846348544, 0.00144025886852504, 0.0046235228173884466, 0.008025126946813798, 0.0006014775668409088, -0.0032945292072602116, 0.007801408194632417, 0.006827229335645984, -0.013588083929883966, -0.0010802718345285039, 0.0047511240793230505, -0.006722605789772753, -0.005537747733426763, -0.001317078978815736, -0.012458816431547191, 0.0006568262647364993, 0.019611974547131254, -0.00034835163550716794, -0.006475621630446635, 0.009148055123980557, 0.022613975627025096, 0.014003968878819818, 0.034697134702216186, -0.019992022707966975, -0.05133742851367215, 0.004228072212597142, 0.016287244105357507, -0.013247964440172543, -0.036295861141014026, -0.023152771302757003, -0.05442127014088744, 0.03344444990345236, 0.08014389701670238, -0.007006055881013447, -0.02534518268781785, 0.0003324580272456168, 0.012580997208967291, 0.010032532193661726, 0.015098518927601301, -0.015620774139313844, -0.02108934741134585, 0.00308133750469957, 0.006421696347802015, 0.005701776762743316, 0.0067424214687989625, 0.002773771932628909, 0.012974074925416138, -0.0031480334154671856, -0.019977969227682194, 0.000804743352212083, 0.0065064260547265974]
grad_bv
[-0.00745668847044743, -0.02362039054793653, -0.015616070051318001, -0.034386386848170816, 0.022866216569176537, 0.050326122416496255, -0.004737877577114323, -0.015847694927581042]
grad_wo
[0.03317246510861726, 0.0009624841354211365, -0.025128929109889772, 0.002895513231013525, -0.03348137804420367, -0.026089354783295344, 0.0508387384646756, -0.003169539002338741, -0.04345399795466395, -0.0018947169619765933, 0.033161588405716216, -0.0034765115066361625, 0.04402969591869265, 0.03432391837178474, -0.06676310552052767, 0.00407312924761077, 0.03656412709504338, -0.008856474947655386, -0.023878512130755137, 0.00814215285503112, -0.03422878242494464, -0.026435439677140255, 0.05341904521409593, -0.004726115983675015, 0.0021104483594344718, 0.0016010673083776557, -0.0021917827824566665, -0.0005844466590756871, -0.002545569828606761, -0.0020202491719959782, 0.003640812574853315, -0.000010279800530350072, -0.026211010288862763, 0.011417651200486463, 0.015165037423931675, -0.008367012298853322, 0.02316926303917224, 0.017763773328938668, -0.036955572591597825, 0.004017870186784867, 0.034127196794748786, -0.019930692550403646, -0.017794468846869714, 0.013422220408975465, -0.028800260013978823, -0.021943239486476838, 0.04678001461968058, -0.005860770925675806, -0.04677351404651767, 0.014312297444483198, 0.029396961012194245, -0.01190462517362459, 0.042981262191977496, 0.03311848813666469, -0.06754731858238328, 0.006416449017205912, 0.039630246732618606, -0.012874860172879414, -0.02461922250788728, 0.01046010707471309, -0.0362152360004621, -0.027885455364212823, 0.05703394953108472, -0.005529529292974799]
grad_bo
[-0.025190615574620046, 0.004520365550557209, 0.01705996198084779, -0.004820150385294545, 0.024008336764250307, 0.01858264773086991, -0.03722005835865155, 0.003059512292040928]
grad_wf1
[-0.015521679871650223, -0.0005393415428373215, -0.06856107402821024, -0.001591194313217325, 0.07137980586974133, 0.00030338141416321395, -0.0044545055200829915, 0.005463773746616949, 0.0017099775783313816, -0.00044018031413938776, 0.018811744157411256, -0.0005111787886695854, -0.024306269281475713, -0.00033292915653034927, -0.0034569177368172894, -0.0003479276109114645, -0.023454960972869268, -0.0004467331105330829, -0.11190239161292656, -0.0018984437403145873, 0.11998310757084446, 0.0006792193199253825, -0.0038212902581933814, 0.008069129079189661, 0.025910739722989375, 0.000866748950250749, 0.1152076748909952, 0.0026100701224628865, -0.1202615743038581, -0.0005265781054654038, 0.0071706213111479905, -0.009103741817956212, -0.0010772854392644303, 0.0003572986291001128, -0.013653880516511441, 0.000431946630866016, 0.01794538223426986, 0.00025769598272960495, 0.0028098733554088083, 0.00017852912688465163, 0.001668667136765446, -0.00007663235083317564, 0.010404273007095887, -0.00001390579978256035, -0.012104107720149877, -0.00011331596692091891, -0.0005847955145691727, -0.0005189468618024704, -0.0011171817973973067, 0.0002317551527992207, -0.01103219247517802, 0.0002572576850836531, 0.014042643491521633, 0.00018404417067818525, 0.0018173748779412343, 0.00025569565484407416, 0.007399073511398364, -0.00003417426072046864, 0.03924652096122382, 0.00035828322470974033, -0.04361255080027944, -0.000319237375506096, -0.00017812366164458773, -0.0024564551446099787]
grad_bf1
[-0.016148526208627906, -0.0003961129119905337, -0.07504847302069277, -0.001428721859248978, 0.07969323881162296, 0.00041455625020031094, -0.003330546981717762, 0.005600536786647137]
grad_wf2
[-0.07126908381276054, -0.02289392382424484, 0.09435593450887078, -0.049980102023103386, 0.036892241616754896, 0.1130802147457218, -0.015645627007207903, -0.08453965420403076, 0.002928408254627938, 0.0004833943188364487, -0.004075690103146914, 0.0027857948726542343, -0.0014788661916923015, -0.004779789335020548, 0.00039564601272950174, 0.0037411021710116402, -0.08280469465888592, -0.030609838085246102, 0.10788628423348706, -0.051649428464483386, 0.043188228975778356, 0.1302136687240513, -0.0203460461727848, -0.0958781745519165, 0.002721679871565344, -0.0003102449598568885, -0.004117907522633098, 0.003805107915930376, -0.0013129886889749348, -0.0046638955625398475, -0.000042886871340239215, 0.003921135817849288, -0.04092592683020241, -0.01689357433555091, 0.052555787909673926, -0.022702170348555987, 0.021488476928436414, 0.06384290522339983, -0.011010017143567846, -0.04635548140363302, 0.00023554951645683722, 0.0001231699870957885, -0.0002912172928517151, 0.00008913469426525092, -0.00012577671034665354, -0.00035988266225182825, 0.00007739111358282017, 0.00025163135404949994, -0.09391949473251748, -0.021433054085771328, 0.1281390623468952, -0.07985223862341591, 0.04790996155177585, 0.15156718259901142, -0.01589476951971567, -0.11651664953626206, 0.005085696998872388, 0.0012204408398459865, -0.006912671125383582, 0.004228140997500138, -0.002599146738021993, -0.0081898355064926, 0.0008930505063038874, 0.0062743240273757765]
grad_bf2
[-0.032582044199317574, -0.007678799082394206, 0.04434759517555669, -0.027312291713212075, 0.016640363815911142, 0.05250988706321521, -0.00564569078142686, -0.04027902027833233]
grad_ln1_s
[0.03524227211074861, 0.025042516444216723, 0.020782775564600297, -0.005795273566488636, -0.014694204050532095, -0.04838890377766919, -0.03171618055223355, 0.005657153421164398]
grad_ln1_o
[0.0516163825885121, -0.05347611537880563, -0.01545686040757754, 0.026305210754502338, 0.011241597373231478, -0.03910229693032896, 0.048053868291542415, -0.014148242845469982]
grad_ln2_s
[-0.1161857935444927, 0.020585135409635528, 0.018924150684136096, 0.04490292036474383, 0.006910816165534054, -0.010252800616921073, -0.03541952323272072, 0.00523882675671288]
grad_ln2_o
[-0.1039051811007571, -0.009560642506258333, 0.013662366619988495, -0.02317871928422258, 0.03422123303822186, 0.03264038507041227, -0.1179150928903767, -0.008822321434011389]
grad_ln3_s
[-0.009749931555529648, -0.039647634717030075, 0.24433025219952936, 0.2792040114197893, 0.2945939497348207, 0.015397768994385583, 1.0319921809260781, 0.2828332728901467]
grad_ln3_o
[-0.18869742603106543, -0.10728407019488685, 0.21937119555779294, -0.35388083353318295, -0.4059130807831949, -0.04003521243113139, -0.594629431459733, 0.1792541092011592]
grad_dk_scale
[-0.03262685968915799, 0.02640104958480001, 0.005583589011541875, -0.000991613925898795]
grad_target
[0.06241609016900797, 0.04335161266402643, -0.1537323286395108, 0.23623535912623056, 0.20066981582388382, 0.05259101128919343, 0.28692385496046025, -0.097600235378561, 0.12628133586205745, 0.06393245753086042, -0.06563886691828213, 0.11764547440695239, 0.20524326495931106, -0.012555798858062045, 0.30770557649927277, -0.0816538738225982]
update_wq
[0.1999403503739042, -0.39996043372354906, 0.6998794425111042, -0.19995754772265478, -0.599955460898738, 0.2999233144444858, -0.7998484569206034, 0.4999153393678893, -0.2999684447162846, 0.8999790690159339, -0.0999362238603493, -0.5000224576620146, 0.3999764383225575, -0.6999594325444115, 0.5999198321374962, -0.8999552136244476, 0.09985592766270442, -0.19990443508602657, -0.8002911828101142, 0.6001025346275688, -0.3998924238683777, 0.4998147808933009, -0.29963397706053013, 0.6997955182400266, 0.0000708481872753079, -0.6000469944656348, 0.3001431902831812, -0.9000504217473322, 0.7999470989302865, -0.09990891774681133, -0.7001799932752577, 0.20010055478973798, 0.5000527445878109, -0.5000349860667437, 0.00010660194646185564, 0.39996246183295137, -0.40003938317387777, -0.19993219150245947, 0.8998659994214059, -0.799925139698091, 0.19988856379741968, 0.10007391688699253, -0.7002252231691418, -0.29992069139740046, 0.6000832069642188, -0.5001432624226329, 0.3002831097560792, -0.10015816123343507, -0.8998817857614692, 0.39992158710611414, 0.5002389216433754, -0.6000841319906746, 0.09991173176848106, 0.8001519760858417, -0.4003003293548151, -0.29983221865189075, -0.20003986223773837, 0.7000264411163735, -0.800080564929397, 0.30002836937128297, -0.8999702355458024, -0.5000512467674737, 0.00010127190591071142, 0.5999434235414802]
update_bq
[0.09990567370986311, -0.09993743229259103, -0.00019064223322423467, 0.20006713140881086, -0.19992956855431035, 0.09987873414183299, -0.09976035902224552, -0.00013387717822757394]
update_wk
[-0.5000095878879309, 0.4000020509801467, -0.29998209320184266, 0.799986170635419, -0.09999029151313017, -0.6999978594475029, 0.6000025024266231, -0.4000161669595691, 0.2999959485638302, -0.7999991333418937, -0.19999243334514347, 0.4999941562976544, -0.5999958976065405, 0.2000009045075042, -0.8999989425788509, 0.09999316852621543, -0.2998253194975885, 0.5999626333979611, -0.7003262415511425, 0.0002519551716105211, 0.39982312258635994, -0.5000389985003287, 0.7999544084701977, -0.19970545623090202, 0.09988912325855957, -0.3999762818464879, 0.900207078503444, -0.6001599257847666, -0.2998877291056344, 0.7000247539744457, -0.7999710610563987, 0.4998130412180915, 0.20004478322199895, -0.9000095797794012, 0.09991636078355914, -0.4999354057983996, 0.5999546536528416, -0.20000999814932086, -0.000011688453628582716, -0.6999244871693193, -0.40003988721783573, 0.8000085324751925, -0.29992550482995156, 0.39994246776849146, -0.09995961132314861, 0.5000089051026871, -0.5999895893536378, -0.0000672572593913417, 0.6999188952094126, -0.1999826504681889, 0.30015147497391004, -0.8001169833370032, 0.9000821244405752, -0.39998189278475776, -0.49997883148548755, 0.09986324225575753, -0.5999203433731746, -0.000017039685322234845, -0.7001487704391438, 0.20011489481828648, 0.4999193416403602, -0.3000177838496514, 0.7999792096112686, -0.8998656841321775]
update_bk
[0.000000000000000000013010426069826053, 0.1, -0.1, 0.00000000000000000007806255641895632, 0.2, -0.2, 0.1, -0.1]
update_wv
[0.4001269361840305, -0.5996638296171971, 0.20022544767591524, -0.7994964861540445, 0.49968169799431356, -0.3007348829681341, 0.900070661443292, -0.0997702619237707, -0.700045929700219, 0.09986055311544621, -0.4000972329033557, 0.5997969603423939, -0.8998609983887054, 0.0002942461900246604, -0.5000306613417375, 0.29990841982943084, 0.7998464587067485, -0.20002023913525374, -0.5999330538489077, 0.09984337123496682, 0.39986809214865227, -0.6997260563298616, 0.500025000793491, -0.3000944472956125, -0.09986640054826826, 0.9001150177020785, -0.4999726272779375, 0.20025033902974781, -0.4000155392537062, 0.7996066051986702, -0.5999939036346433, 0.0001284259443906732, 0.2998033123090652, -0.8004500206840475, 0.6997129831267284, -0.10069721174913263, -0.49960162298067123, 0.6010259116744275, -0.2000892194046744, 0.3996776626651545, -0.8997117350903789, 0.500720575184779, -0.2995257157695897, 0.10109328894367074, -0.000665492636820321, -0.6016007105277281, 0.8001482024445544, -0.6994986053509228, 0.19998126160598817, -0.4002451857578872, 0.8997948325961176, -0.8003033104157232, -0.299691401489541, 0.700419743858761, -0.10006633562752054, 0.5998732353042464, -0.5001153411414396, -0.6001373766670123, 0.399942899210303, -0.20026071146426638, 0.30006435473745957, -0.8995997634788432, 0.09998385125766807, -0.8001289531777687]
update_bv
[-0.09983452852112958, 0.0004678673639416488, 0.10031993318216341, -0.09930891832745373, -0.0004545765165414053, 0.19899483155642453, -0.19989941830380475, 0.10031356110159496]
update_wo
[-0.3006593222728408, 0.4999819594716719, -0.699501166318544, 0.09994537085820143, -0.8993199429158255, 0.400517145552329, -0.20101824295962578, 0.6000541985846337, 0.0008639030049903326, -0.39996403625606786, 0.7993416833539001, -0.5999346269734085, 0.19910595888530463, -0.5006807663983662, 0.9013374284728232, -0.10006954408917555, 0.6992786659793376, -0.29982652068823595, -0.09952792767550045, 0.4998429194494323, -0.7993025607015337, 0.6005163039423536, -0.40106327052840024, 0.20008239022254684, -0.9000437424871761, 0.29996898102081465, -0.5999555327172907, 0.4000113998376692, -0.6999476650772297, 0.10004194124956983, 0.7999246010043004, -0.4999999828306575, 0.20051472215482022, 0.5997767554923641, -0.20029893192279052, -0.7998378235213053, 0.3995262934702778, -0.3003429471549013, -0.4992673958502012, 0.699929327331736, -0.10066569570963099, -0.8996108487414043, 0.5003483158312635, -0.40026033220046126, 0.6005883903035424, 0.00041782901987904414, -0.7009210890414038, 0.3001034305382154, 0.8009211296100015, -0.20028007954974078, 0.09941949933242504, -0.49976992266386044, -0.6008765018916031, 0.899355684003909, -0.29865760014477805, -0.40011220869635283, -0.8007800354255797, 0.4002518744398919, -0.8995140217227613, 0.6997977631505407, -0.09926130027458047, 0.20054185977621838, 0.49886708211644454, -0.599903222060174]
update_bo
[0.10049795691172163, -0.00008871533532374931, -0.10033772194594644, 0.10009280207875021, -0.0004889493838014401, -0.10036436762651006, 0.20074215918864574, -0.20005316388753588]
update_wf1
[0.6002968319140577, -0.29998982346532294, 0.9013496652782307, -0.4999668261895555, 0.09857964568189946, -0.8000061581610268, 0.4001016445851094, -0.2001071426524557, -0.7000422433627967, 0.20000780632019932, -0.400389866233373, 0.8000104679113211, -0.5995092695223652, 0.000006988090256952323, -0.8999293321022859, 0.5000079423941909, 0.300457132853753, -0.09999114012161049, 0.5022243538778397, -0.6999600712822605, 0.19759984373888842, -0.5000139834983032, 0.8000939880455349, -0.4001596457325909, -0.6004976520628922, 0.8999835561602808, -0.20227617970284137, -0.000054622072837658925, -0.29759915757164435, 0.7000107333806991, -0.8001648378129297, 0.10017915918163253, 0.4000288989769458, -0.6000063204499579, 0.300287758397143, -0.9000087610188665, 0.49963357905183453, -0.10000542851019299, -0.4000573086957919, 0.6999953320723922, -0.20003437719936057, 0.8000013103588582, -0.5002094974634738, 0.6000002425627987, -0.6997578971047044, -0.2999976435351096, 0.9000111232125564, -0.09998955561248037, 0.000025053696924728453, -0.40000414719198113, 0.7002207225607412, -0.20000543071735252, -0.8002757280225201, 0.5999961760121457, -0.5000375604393028, 0.29999492181373727, 0.09985348974417492, -0.8999996270518288, -0.600781415571508, 0.39999248825472006, -0.19913078223720265, 0.8000066024661703, -0.30000049576185334, 0.500048618156925]
update_bf1
[0.00031229254320058595, 0.10000764862786067, -0.09851464151065006, 0.00002988597738871658, 0.09841024910693875, -0.10000849876986019, 0.00007882763939122628, 0.0998896878269162]
update_wf2
[-0.3985833378779145, 0.7004503111706128, -0.2018784446905697, 0.5009852044520797, -0.9007586073251659, 0.2977267872099891, -0.5996609484266131, 0.10171903548758146, 0.7999421509924929, -0.5000092976610288, 0.00008026196005151743, -0.300054262849087, 0.6000300650276812, -0.09990471292728502, 0.6999909502440033, -0.4000751547868282, -0.1983596246217386, 0.9006033154916011, -0.8021431321617617, 0.4010145983610413, -0.5008865014549411, 0.09739009004848527, -0.699564431672385, 0.6019456860096987, 0.2999461972774601, -0.5999933407636062, 0.20008062697402507, -0.10007407488479601, 0.8000264335479377, -0.3999072272111801, 0.4999996403399364, -0.9000782552797769, 0.10081791598065291, -0.29966489704632326, 0.5989448269130155, -0.699547111867695, -0.2004455631226388, 0.8987078482591319, -0.4997646025365304, 0.4009515834203873, -0.8000046327189303, 0.49999756157487885, -0.09999423413696686, 0.2999982668493525, -0.5999974234955685, 0.000007171227585247367, -0.40000161601314627, 0.6999949067127952, 0.20186795357569615, -0.8995825345960657, 0.7974543002638751, -0.49842906029728573, 0.399017327910579, -0.7030451802176945, -0.29964572411673174, 0.6023629174776275, -0.10010096563717295, 0.399976188929031, -0.5998628857666665, 0.8999170055459704, -0.299946762912969, 0.2001642565070367, -0.8000198005235301, 0.49987296385830055]
update_bf2
[-0.09935318614830353, 0.10014967179404351, -0.0008795104387727512, -0.09946389233314433, 0.09965923644419601, -0.0010530490154683596, -0.09987466259227969, 0.10081539228972915]
update_ln1_s
[0.9992538918512389, 0.8994733088349821, 1.0995746705843141, 0.8001929803713437, 1.0002423791954562, 1.2009924420241636, 0.9006887847479423, 1.0998824266150138]
update_ln1_o
[-0.0010976256222412378, 0.10111779778168724, -0.09968963967355554, -0.0005809255366448158, 0.09982639761549952, -0.09918802883246708, -0.000979782047195579, 0.10030584914427644]
update_ln2_s
[0.90229225843092, 0.9995955030555087, 1.0996261907287412, 0.799120035422201, 1.1998592107455754, 0.9002044321502053, 1.0007067046968912, 1.09988867631899]
update_ln2_o
[-0.09794371871214706, 0.00018975988237174358, 0.09973048639009356, -0.09954641853891293, -0.0007042361532179871, 0.09936303647174301, -0.09764956193785675, 0.0001921736101849316]
update_ln3_s
[1.1001910819130059, 0.9007910329085164, 0.9950511606418926, 1.1943831191755723, 0.7941313786997514, 0.9996999565960554, 1.07922688114553, 0.8943455415224306]
update_ln3_o
[0.10379422603260119, -0.09782826992730699, -0.00442598279586337, 0.10710717067236725, -0.09187882856384287, 0.0007715745186417244, 0.111960396469932, -0.10358940071636831]
step_loss
1.5821891132497476
intermediate_ln1
[0.623972854339463, -0.33650199058220037, 1.6580849995534586, -0.8348317173550349, -0.5258624179501235, 1.1529210502319327, -1.3156132397324898, 0.4825377222960459, 0.7774386614500337, -0.2716457550900123, -1.1386637743915997, 0.9412181052766949, -1.243233628579526, 1.7921494683470636, -0.01591047306988747, -0.7930973358481744]
intermediate_scores
[2.4215097662752436, 1.9449551836469627, -7.001840823417906, -1.2487421382278456]
intermediate_attn
[0.6169339602368339, 0.3830660397631662, 0.0031628979600225515, 0.9968371020399776]
intermediate_context
[-0.7818568255150703, 0.9752599387570415, -1.6302017876183672, 0.07313873202636328, 1.5598926220279348, -2.4299075541922206, 2.3164088935963045, -2.020779510246512, -2.1877881699104056, 2.946787900678483, -1.1634104527970723, -0.3290132169257459, 0.1943971035130168, 0.37695665816321755, 1.1128363127876761, -0.8483974284759331]
intermediate_ln2
[1.1214656564000203, 0.37315209086800183, 1.316226622103362, -1.8269527148799032, -0.3201162133857238, 0.012667569080033733, -0.17813756516221335, -0.24868067636955807, 0.60175987716898, -1.2037251844767365, 1.7436939944134573, -1.0758796412406921, 0.9376934522149523, -0.3728498924949356, 0.6668978564969689, -0.9521646770030362]
intermediate_ln3
[0.5111621195909937, 0.16465463612071396, 1.2144407331803841, -1.079439385214459, -0.6047983924597334, -0.23435526067376797, -1.569621250441658, 1.2791303549947775, -0.005726327078626844, 0.2982674505768426, 0.8090224915757933, -0.32620358208378986, -0.7402408951431348, 0.2924267995254751, -1.935326955604743, 1.3513468879619734]
grad_input
[0.023831932754177856, -0.03420220390340607, 0.020100321665975963, 0.0013494455468108912, 0.01431281974553397, -0.01828606029249952, -0.006294743166009788, -0.0008115123505833036, 0.013631881222010242, -0.023317823400765214, -0.016398388538558295, 0.00938776941283499, 0.029030569559305806, -0.019598418669047823, 0.017943229687216712, -0.010678819272996427]
grad_wq
[0.0016906879713483114, -0.0011211340108162702, 0.003418805808764043, -0.0012048405222850125, -0.001261534994655717, 0.002174084527782937, -0.004296450157824237, 0.0023994222983922606, -0.0008783922825532126, 0.0005824820898344561, -0.0017762311490106108, 0.0006259715774984382, 0.0006554270345891622, -0.001129539633087888, 0.0022322088551902505, -0.0012466132516534263, 0.0037680915524474327, -0.0024987080211786553, 0.007619604271028444, -0.0026852674597595506, -0.002811624283745322, 0.004845453260611049, -0.009575638923069882, 0.005347670916541482, -0.0018140141697086897, 0.0012029144444324314, -0.0036681885041356826, 0.0012927268761019411, 0.0013535568920288899, -0.0023326717918253762, 0.004609852082596169, -0.0025744466880706553, -0.0015578126816772728, 0.0010330213555115415, -0.003150113524991378, 0.001110149168162257, 0.0011623878837246858, -0.0020032179241907316, 0.003958781664907242, -0.0022108458500203227, 0.0032043213157305914, -0.0021248590334407686, 0.00647958258000126, -0.00228350602419852, -0.0023909577298829635, 0.0041204914878641, -0.008142961360108936, 0.0045475688870289105, -0.0031976869988631592, 0.0021204596656066907, -0.006466167070204105, 0.0022787781891780894, 0.002386007423832567, -0.004111960306535361, 0.008126101944158045, -0.004538153472655543, 0.0009921945689796055, -0.0006579469987848245, 0.002006355172176698, -0.0007070708746714444, -0.0007403425064158393, 0.0012758799361709179, -0.0025214081987494923, 0.0014081213171788164]
grad_bq
[0.002653942303809841, -0.0017598900743183376, 0.005366639804714414, -0.001891287621148977, -0.001980283261483957, 0.003412749719713288, -0.006744314162811942, 0.0037664716673470404]
grad_wk
[0.0002598543057229358, -0.00006053491276009228, -0.0004757554709955557, 0.00035430244109509114, -0.00024180574532922834, -0.0000614282694059531, -0.00007983792829547876, 0.00043878049931455037, 0.00010981711407210897, -0.000025582679499674315, -0.0002010591769237612, 0.00014973187179454178, -0.00010218960599569279, -0.000025960221247203232, -0.00003374033327834775, 0.00018543317191449516, -0.004735564388042655, 0.0011031834793055737, 0.008670130208522295, -0.006456779763485759, 0.0044066488458579835, 0.0011194639404131527, 0.0014549601131269734, -0.007996301238652737, 0.00300727701029091, -0.0007005666154229276, -0.005505887179604954, 0.004100319149343896, -0.0027984021925739518, -0.0007109053738884195, -0.0009239591610548275, 0.005077978232769941, -0.0012146809859047668, 0.00028296859391465517, 0.002223904364219512, -0.0016561758992622497, 0.0011303135436482353, 0.00028714456216863394, 0.00037319994827388715, -0.002051065992616111, 0.0010823665539256432, -0.00025214500384762134, -0.0019816558675836483, 0.0014757697054457119, -0.0010071892038243703, -0.0002558660865193776, -0.00033254751381290226, 0.0018276446705456466, 0.0022007075480598363, -0.0005126705099676962, -0.004029175707278917, 0.0030005893273338646, -0.0020478541905618953, -0.0005202363523276503, -0.0006761478549778476, 0.0037160344682245707, -0.002159955162853365, 0.0005031769513507774, 0.003954564012220959, -0.002945024846618678, 0.0020099323218001697, 0.0005106026905323077, 0.0006636270464465733, -0.0036472214775011454]
grad_bk
[-0.0000000000000000006505213034913027, 0.00000000000000000037947076036992655, 0.0000000000000000008673617379884035, -0.0000000000000000008673617379884035, 0.0, 0.0000000000000000002168404344971009, 0.0000000000000000006505213034913027, -0.0000000000000000013010426069826053]
grad_wv
[-0.004676629047671303, -0.017172972972176466, -0.010450362602411865, -0.024747200589394412, 0.016106465637164544, 0.03678002290245971, -0.0029511793387605, -0.011811120303549727, 0.0015469324923694755, 0.007166965759492142, 0.004500653366556093, 0.009957377481856974, -0.007046984586995974, -0.0147142074893502, 0.0012632280535006704, 0.0047019248354735945, 0.008741085290964555, -0.00017142065009079568, -0.0031282997285357397, 0.007798405159147072, 0.007218469958558356, -0.01342982718690583, -0.0007150799173978135, 0.0048169702132574484, -0.00683136721629012, -0.005133165647115582, -0.001253983245347005, -0.01237166649165263, 0.0004506022510965199, 0.019524566292678847, -0.00045821596010772454, -0.006581686936859119, 0.007825682761382591, 0.022815123896107983, 0.013328910309087014, 0.03435418770170436, -0.020103130402752675, -0.05139577959665641, 0.0037949727768298884, 0.016597192078317086, -0.01099049033263903, -0.036776471152394435, -0.022044158986535087, -0.05388987095519582, 0.03370918980714901, 0.08029689807039334, -0.0062439490390576915, -0.02584160490513735, -0.0008624529464944827, 0.01317917827017785, 0.009551805984424974, 0.014916482778827077, -0.015935799222310115, -0.021237460212322992, 0.0026121484636906504, 0.006564519286128262, 0.005593835998713518, 0.006500473905634072, 0.002640020420664622, 0.012868142563123186, -0.0030259365889307877, -0.019925435318788643, 0.0008187912298412025, 0.006618037716850487]
grad_bv
[-0.005870256529388475, -0.024032750432315477, -0.01485687103872314, -0.03401503117236544, 0.023081902725027123, 0.05041295759477442, -0.004182655091966575, -0.01615034413514494]
grad_wo
[0.03357272560711194, 0.0010770096992245006, -0.025490308957659483, 0.003199344845944147, -0.032481555419741695, -0.02651373751483722, 0.050683682507407936, -0.004047160767450115, -0.04396056307392483, -0.002076115110301315, 0.03363825537128579, -0.0038625958082970577, 0.04274711538174056, 0.03484605406649671, -0.06654334074315156, 0.005211189916151687, 0.03750104988694686, -0.009185131299414919, -0.02440239764695303, 0.008670047722194825, -0.03292260707236307, -0.02760946518603334, 0.05384546294188397, -0.005896959346261286, 0.001963282816867029, 0.0016943826587191516, -0.0021298863485908134, -0.0006132593526806042, -0.002427077883913822, -0.0018656131923468753, 0.0033987122377207623, -0.000020540935774826784, -0.027096213868058758, 0.011879720998349975, 0.01557739685197937, -0.00883670047808038, 0.02209244731380846, 0.018936321381978722, -0.037508401877555934, 0.004955429677578544, 0.03570770206543185, -0.020792119260521845, -0.01851522525077106, 0.014165221153456985, -0.02745238022604073, -0.023962235538905932, 0.04805990341874064, -0.007210866361389897, -0.048119327335378104, 0.014868874480424853, 0.030103790281064045, -0.012637437867271978, 0.04124745206905726, 0.03483144938866273, -0.0682699043065471, 0.00797510328998828, 0.04080741646617736, -0.013383020114415571, -0.025226307235504487, 0.011096618088609676, -0.03472958499363435, -0.029389262825018376, 0.057689875488240866, -0.006865734874455109]
grad_bo
[-0.02574238872895271, 0.0046711774925722255, 0.017391123717389798, -0.005149925486268372, 0.023127956951867295, 0.019267978223895324, -0.03739739459687842, 0.003831472426374853]
grad_wf1
[-0.016855452711791608, -0.00059863745914153, -0.07058909529483563, -0.001471708564847553, 0.07196722930083542, 0.00029365878583646407, -0.003174921760485874, 0.005668967269458753, 0.0008920664816106519, -0.000540746294310738, 0.017531114321771176, -0.00048509962449388907, -0.02396225890522842, -0.000299684282727871, -0.003232504614890714, -0.0002551542728255996, -0.024586109996065378, -0.00045021177040048673, -0.11315814388907741, -0.0017306873635473475, 0.11986664892179234, 0.0006383063846455752, -0.0021183089495304622, 0.008235848578482875, 0.027901300652229344, 0.0009519760100093336, 0.11778713819282441, 0.0023978375132447127, -0.12050120530369385, -0.0005054431684202032, 0.005024061850588975, -0.009380945013043969, -0.00032566050485481526, 0.00044079134458468083, -0.012265403192635728, 0.0004164631892590703, 0.017316554009056833, 0.00023021515350066834, 0.0026259050604581953, 0.00007406832462429234, 0.0015674242970316688, -0.00009912369287766095, 0.010294638051372665, -0.000015382309758487584, -0.012142136157155219, -0.00010414381289245675, -0.0006243066560528643, -0.0005150350407793218, -0.0008530190823727163, 0.00028058910554377335, -0.011064520904817661, 0.00023127806673983918, 0.014587394143842216, 0.00016917865273872199, 0.001686147506825651, 0.0002625240993616711, 0.007528443756010405, -0.0000664369055863708, 0.0395732346427012, 0.0003290229221302907, -0.04389661720041141, -0.0002968620558731291, -0.0005649807854848453, -0.0025058612894842285]
grad_bf1
[-0.017175522521831563, -0.0004210577296402597, -0.07648304478840712, -0.001313823560074817, 0.07998606531166601, 0.0003930248630232862, -0.0021127618813961205, 0.0057618041509741]
grad_wf2
[-0.07212172110300738, -0.02357397495701772, 0.09521111695906526, -0.05133955301439995, 0.03489107818586881, 0.11189326100584926, -0.013143778630229511, -0.0818164284461286, 0.0029901974291127037, 0.0005199262989489612, -0.004189125615836436, 0.0029180774523538747, -0.0014269661542516427, -0.004790673717881771, 0.0002827612300344888, 0.003695803077519812, -0.08437481793149974, -0.031417864800307824, 0.10935931709716692, -0.05343660776229159, 0.04098363676070134, 0.12963175185734901, -0.01757697436960033, -0.09316844085151764, 0.0027653240449332906, -0.0002632897892263432, -0.004267132457999798, 0.003982874467427033, -0.0012877179915864994, -0.004676882190207742, -0.00016498004940514248, 0.0039118039660651915, -0.041001628165647466, -0.017107277620429864, 0.052170921316127314, -0.02279192179758624, 0.01999480789486075, 0.0623846158223038, -0.009595961345668083, -0.04405355610396013, 0.0002431788218216647, 0.00012547770795323806, -0.00029673850489932873, 0.0000937307510901916, -0.00011961897360356245, -0.00036204546649086706, 0.00007067710465020327, 0.00024533855947846025, -0.09485499069045586, -0.02246501229195769, 0.1297329868013204, -0.08226044896372575, 0.045522492810001376, 0.14999150467798145, -0.012392445366452731, -0.11327408697671099, 0.0051532248298828106, 0.001276318668601513, -0.007018553906534392, 0.004372601153887493, -0.0024755156320892635, -0.008130147186457295, 0.0007052604606516866, 0.006116811612057435]
grad_bf2
[-0.03302040646622462, -0.008043731863586395, 0.04504398069078808, -0.028250618657650897, 0.01585662886292988, 0.05214025374703981, -0.004441990527787002, -0.039284115785508784]
grad_ln1_s
[0.03128278664623108, 0.022567043408137796, 0.01994370324862615, 0.0016220259049848154, -0.019604273954529752, -0.046059129115401956, -0.02651503693711066, 0.005258804878741459]
grad_ln1_o
[0.04535989188128337, -0.048843387725713845, -0.015320452514942892, 0.021075457002987935, 0.01613572077189436, -0.03626815473185915, 0.046253212420042086, -0.011981951935298794]
grad_ln2_s
[-0.11909322923966076, 0.021259091475744705, 0.019403461918743134, 0.04657929144108471, 0.00675640633214426, -0.010305151299652704, -0.03561629250237591, 0.004606817228550167]
grad_ln2_o
[-0.10591332581390568, -0.009702492522060686, 0.014046217254540303, -0.0241058264358437, 0.03225697274611087, 0.03414193608220824, -0.11855635798974272, -0.0072943809401785735]
grad_ln3_s
[-0.010110647536202734, -0.0397923229179796, 0.2379657740626281, 0.275390728761644, 0.29696006836318867, 0.016140509954016134, 1.0195223622969982, 0.28302639526945234]
grad_ln3_o
[-0.18682052593594495, -0.10463473916278451, 0.21543290309452182, -0.35070537091230447, -0.4056299109503648, -0.04274105764354854, -0.5881185257557984, 0.17880965536959975]
grad_dk_scale
[-0.021049043562610024, 0.016906579092960502, 0.005668362123461928, -0.0010109231010547977]
grad_target
[0.06110473505111301, 0.041918170484893554, -0.1518050916475447, 0.23492992315182423, 0.20059979905747233, 0.0542944075842353, 0.2837026563052023, -0.09739129437435037, 0.12571579088483192, 0.06271656867789097, -0.06362781144697713, 0.11577544776048025, 0.20503011189289252, -0.011553349940686762, 0.30441586945059607, -0.08141836099524938]
update_wq
[0.19992344349419072, -0.3999492223834409, 0.6998452544530166, -0.19994549931743194, -0.5999428455487914, 0.29990157359920794, -0.7998054924190251, 0.49989134514490535, -0.29995966079345904, 0.8999732441950355, -0.0999184615488592, -0.5000287173777895, 0.3999698840522116, -0.6999481371480807, 0.5998975100489443, -0.8999427474919311, 0.09981824674717994, -0.19987944800581478, -0.8003673788528245, 0.6001293873021664, -0.39986430762554026, 0.4997663263606948, -0.2995382206712994, 0.6997420415308612, 0.0000889883289723948, -0.6000590236100791, 0.30017987216822256, -0.9000633490160932, 0.7999335633613662, -0.09988559102889308, -0.7002260917960836, 0.20012629925661868, 0.5000683227146276, -0.5000453162802988, 0.00013810308171176942, 0.39995136034126977, -0.400051007052715, -0.19991215932321757, 0.8998264116047568, -0.7999030312395907, 0.19985652058426237, 0.10009516547732694, -0.7002900189949418, -0.2998978563371585, 0.6001071165415176, -0.5001844673375115, 0.3003645393696803, -0.10020363692230536, -0.8998498088914805, 0.3999003825094581, 0.5003035833140774, -0.6001069197725664, 0.09988787169424274, 0.800193095688907, -0.40038159037425664, -0.2997868371171642, -0.20004978418342817, 0.7000330205863613, -0.8001006284811188, 0.3000354400800297, -0.8999628321207382, -0.5000640055668354, 0.00012648598789820635, 0.5999293423283084]
update_bq
[0.09987913428682502, -0.09991983339184785, -0.0002443086312713788, 0.20008604428502236, -0.1999097657216955, 0.09984460664463585, -0.09969291588061739, -0.00017154189490104434]
update_wk
[-0.5000121864309881, 0.4000026563292743, -0.2999773356471327, 0.799982627611008, -0.09998787345567688, -0.6999972451648089, 0.600003300805906, -0.4000205547645622, 0.29999485039268947, -0.7999988775150987, -0.19999042275337423, 0.49999265897893647, -0.5999948757104805, 0.2000011641097167, -0.8999986051755181, 0.09999131419449628, -0.2997779638537081, 0.5999516015631681, -0.7004129428532277, 0.0003165229692453787, 0.3997790560979014, -0.5000501931397329, 0.7999398588690665, -0.1996254932185155, 0.09985905048845667, -0.3999692761803337, 0.90026213737524, -0.6002009289762601, -0.29985974508370866, 0.7000318630281847, -0.7999618214647881, 0.4997622614357638, 0.200056930031858, -0.9000124094653403, 0.09989412173991695, -0.499918844039407, 0.5999433505174051, -0.20001286959494255, -0.000015420453111321587, -0.6999039765093932, -0.400050710883375, 0.800011053925231, -0.2999056882712757, 0.399927710071437, -0.09994953943111036, 0.5000114637635523, -0.5999862638784996, -0.00008553370609679816, 0.699896888133932, -0.19997752376308922, 0.3001917667309828, -0.8001469892302765, 0.9001026029824808, -0.3999766904212345, -0.4999720700069378, 0.09982608191107528, -0.5998987438215461, -0.00002207145483574262, -0.700188316079266, 0.20014434506675266, 0.4998992423171422, -0.30002288987655673, 0.7999725733408041, -0.8998292119174025]
update_bk
[0.00000000000000000001951563910473908, 0.1, -0.1, 0.00000000000000000008673617379884035, 0.2, -0.2, 0.1, -0.1]
update_wv
[0.40017370247450723, -0.5994920998874753, 0.20032995130193937, -0.7992490141481505, 0.4995206333379419, -0.3011026831971587, 0.9001001732366796, -0.0996521507207352, -0.7000613990251426, 0.0997888834578513, -0.40014223943702126, 0.5996973865675753, -0.8997905285428354, 0.0004413882649181624, -0.5000432936222725, 0.2998614005810761, 0.7997590478538389, -0.20001852492875283, -0.5999017708516223, 0.09976538718337535, 0.3997959074490667, -0.6995917580579926, 0.500032151592665, -0.3001426169977451, -0.09979808687610536, 0.9001663493585497, -0.49996008744548404, 0.20037405569466435, -0.40002004527621715, 0.7994113595357434, -0.5999893214750422, 0.00019424281375926442, 0.2997250554814514, -0.8006781719230085, 0.6995796940236375, -0.10104075362614967, -0.4994005916766437, 0.6015398694703941, -0.2001271691324427, 0.3995116907443713, -0.8996018301870525, 0.501088339896303, -0.29930527417972436, 0.1016321876532227, -0.0010025845348918111, -0.6024036795084321, 0.800210641934945, -0.6992401893018714, 0.19998988613545313, -0.400376977540589, 0.8996993145362734, -0.8004524752435115, -0.2995320434973179, 0.7006321184608842, -0.10009245711215745, 0.5998075901113852, -0.5001712795014268, -0.6002023814060686, 0.3999164990060964, -0.20038939288989763, 0.30009461410334887, -0.8994005091256553, 0.09997566334536966, -0.8001951335549372]
update_bv
[-0.09977582595583569, 0.0007081948682648036, 0.10046850189255065, -0.09896876801573007, -0.0006853955437916765, 0.19849070198047677, -0.1998575917528851, 0.10047506454294641]
update_wo
[-0.30099504952891193, 0.49997118937467966, -0.6992462632289674, 0.09991337740974199, -0.8989951273616281, 0.40078228292747736, -0.20152507978469986, 0.6000946701923082, 0.001303508635729581, -0.39994327510496486, 0.7990053008001873, -0.5998960010153255, 0.19867848773148722, -0.5010292269390312, 0.9020028618802547, -0.10012165598833707, 0.6989036554804682, -0.2997346693752418, -0.09928390369903092, 0.4997562189722104, -0.7989733346308101, 0.6007923985942139, -0.40160172515781906, 0.20014135981600945, -0.9000633753153447, 0.29995203719422747, -0.5999342338538048, 0.40001753243119603, -0.6999233942983906, 0.1000605973814933, 0.7998906138819232, -0.49999977742129975, 0.2007856842935008, 0.5996579582823806, -0.20045470589131031, -0.7997494565165245, 0.3993053689971397, -0.3005323103687211, -0.4988923118314256, 0.6998797730349602, -0.10102277273028532, -0.899402927548799, 0.5005334680837712, -0.4004019844119958, 0.6008629141058028, 0.0006574513752681035, -0.7014016880755912, 0.3001755392018293, 0.8014023228833553, -0.20042876829454503, 0.0991184614296144, -0.4996435482851877, -0.6012889764122937, 0.8990073695100224, -0.2979749011017126, -0.4001919597292527, -0.8011881095902416, 0.40038570464103607, -0.8992617586504063, 0.6996867969696545, -0.09891400442464413, 0.20083575240446858, 0.4982901833615621, -0.5998345647114295]
update_bo
[0.10075538079901115, -0.00013542711024947158, -0.10051163318312034, 0.10014430133361289, -0.000720228953320113, -0.10055704740874902, 0.20111613313461452, -0.20009147861179963]
update_wf1
[0.6004653864411756, -0.2999838370907315, 0.9020555562311791, -0.499952109103907, 0.0978599733888911, -0.8000090947488852, 0.40013339380271423, -0.20016383232515028, -0.7000511640276128, 0.20001321378314244, -0.40056517737659075, 0.800015318907566, -0.5992696469333129, 0.000009984933084231033, -0.899897007056137, 0.5000104939369191, 0.30070299395371364, -0.09998663800390649, 0.5033559353167305, -0.699942764408625, 0.1964011772496705, -0.5000203665621497, 0.8001151711350302, -0.4002420042183757, -0.6007766650694145, 0.8999740364001807, -0.2034540510847696, -0.00007860044797010605, -0.29639414551860743, 0.7000157878123833, -0.8002150784314356, 0.10027296863176297, 0.4000321555819944, -0.6000107283634037, 0.30041041242906935, -0.9000129256507591, 0.499460413511744, -0.100007730661728, -0.40008356774639653, 0.6999945913891459, -0.20005005144233087, 0.800002301595787, -0.5003124438439875, 0.6000003963858963, -0.6996364757431328, -0.2999966020969807, 0.9000173662791169, -0.09998440526207257, 0.00003358388774845562, -0.4000069530830366, 0.7003313677697893, -0.20000774349801992, -0.8004216019639585, 0.5999944842256183, -0.5000544219143711, 0.2999922965727437, 0.09977820530661481, -0.8999989626827729, -0.601177147917935, 0.39998919802549876, -0.19869181606519853, 0.800009571086729, -0.2999948459539985, 0.5000736767698198]
update_bf1
[0.00048404776841890157, 0.10001185920515707, -0.09774981106276599, 0.00004302421298946475, 0.0976103884538221, -0.10001242901849042, 0.00009995525820518748, 0.09983206978540646]
update_wf2
[-0.3978621206668844, 0.700686050920183, -0.20283055586016036, 0.5014985999822237, -0.9011075181070246, 0.2966078545999306, -0.5995295106403108, 0.10253719977204274, 0.7999122490182018, -0.5000144969240182, 0.0001221532162098818, -0.3000834436236105, 0.6000443346892237, -0.0998568061901062, 0.699988122631703, -0.4001121128176034, -0.1975158764424236, 0.9009174941396042, -0.8032367253327334, 0.4015489644386642, -0.5012963378225481, 0.09609377252991178, -0.699388661928689, 0.6028773704182139, 0.29991854403701074, -0.599990707865714, 0.20012329829860506, -0.10011390362947029, 0.8000393107278535, -0.39986045838927803, 0.5000012901404304, -0.9001173733194375, 0.10122793226230939, -0.29949382427011895, 0.5984231176998542, -0.6993191926497192, -0.2006455112015874, 0.8980840021009088, -0.4996686429230737, 0.4013921189814269, -0.8000070645071485, 0.49999630679779933, -0.09999126675191786, 0.2999973295418416, -0.5999962273058325, 0.000010791682250156037, -0.4000023227841928, 0.6999924533272004, 0.20281650348260072, -0.8993578844731461, 0.7961569703958619, -0.49760645580764845, 0.39856210298247896, -0.7045450952644743, -0.2995217996630672, 0.6034956583473946, -0.10015249788547179, 0.39996342574234495, -0.5997927002276011, 0.8998732795344315, -0.2999220077566481, 0.20024555797890128, -0.8000268531281366, 0.49981179574218]
update_bf2
[-0.09902298208364128, 0.10023010911267938, -0.001329950245680632, -0.09918138614656782, 0.09950067015556671, -0.0015744515529387576, -0.09983024268700182, 0.10120823344758423]
update_ln1_s
[0.9989410639847766, 0.8992476384009007, 1.0993752335518279, 0.8001767601122939, 1.0004384219350015, 1.2014530333153175, 0.9009539351173135, 1.0998298385662264]
update_ln1_o
[-0.0015512245410540715, 0.10160623165894438, -0.09953643514840611, -0.0007916801066746951, 0.09966504040778058, -0.09882534728514848, -0.001442314171396, 0.10042566866362942]
update_ln2_s
[0.9034831907233166, 0.9993829121407513, 1.099432156109554, 0.7986542425077902, 1.199791646682254, 0.9003074836632018, 1.0010628676219149, 1.0998426081467043]
update_ln2_o
[-0.09688458545400801, 0.0002867848075923504, 0.09959002421754816, -0.09930536027455449, -0.0010268058806790958, 0.09902161711092093, -0.09646399835795932, 0.0002651174195867173]
update_ln3_s
[1.1002921883883678, 0.9011889561376961, 0.9926715029012663, 1.191629211887956, 0.7911617780161195, 0.9995385514965152, 1.06903165752256, 0.8915152775697361]
update_ln3_o
[0.10566243129196064, -0.09678192253567915, -0.006580311826808589, 0.1106142243814903, -0.08782252945433922, 0.0011989850950772098, 0.11784158172748999, -0.1053774972700643]
step_loss
1.5571425704970452
intermediate_ln1
[0.6233235699534936, -0.33590376150965207, 1.6579193850231995, -0.8350255612993936, -0.5261464071838969, 1.1537639267556823, -1.3164627818348265, 0.4826392663816734, 0.7767413328368615, -0.2710637979119968, -1.138322124348559, 0.9409882600315062, -1.243658219151863, 1.7932374946587217, -0.01637740058382369, -0.7929348005538056]
intermediate_scores
[2.43122356748229, 1.9418647983488246, -6.998325675333525, -1.2531736771847508]
intermediate_attn
[0.6199553631080827, 0.38004463689191736, 0.0031880522040430006, 0.996811947795957]
intermediate_context
[-0.7764800038793548, 0.9679446393549358, -1.6331394748743855, 0.07825922194908697, 1.5650911523751163, -2.4474768727026572, 2.322682773695595, -2.026861503078154, -2.188802424083567, 2.9493174477109645, -1.1640685201184098, -0.32534817494755974, 0.19303088293445342, 0.37184520779347313, 1.1135231897377267, -0.8485398421646472]
intermediate_ln2
[1.1273854550445332, 0.38192501180897587, 1.3070347059289726, -1.8251056338775877, -0.33210436417964373, 0.013612152476058986, -0.17337291718559805, -0.24901198853954232, 0.6040498221257659, -1.2022909309821004, 1.7416687923476974, -1.0742990221163942, 0.9338923185184, -0.3743643512380444, 0.6736877938042025, -0.9544326511574278]
intermediate_ln3
[0.5204043426482676, 0.17636848218446077, 1.198446159502592, -1.0673707672525015, -0.6044247830380529, -0.24645211121229205, -1.5455209381570587, 1.2776068341502678, -0.0011534665178112857, 0.3081175002888351, 0.7928533626693578, -0.3111527599877224, -0.7384288561659645, 0.28450354293307617, -1.9093945878792358, 1.3492436048614058]
grad_input
[0.014885234833106737, -0.02469056802081935, 0.018185146142019236, -0.004349224602416137, 0.01709842006861816, -0.012639286407679416, -0.00938185330832421, 0.0008921312954949913, 0.013507917076169156, -0.027442026614881324, -0.016813478802495285, 0.010896218771708838, 0.030660805667791793, -0.02041348066389533, 0.019729746039984376, -0.010125701474382232]
grad_wq
[0.0009080406927673716, -0.000601969181432774, 0.0018364577978832476, -0.0006473880819974007, -0.0006773390495598954, 0.0011677318234751648, -0.0023077664424975644, 0.0012886720475878092, -0.0004554939590977376, 0.0003019614956572034, -0.0009212091922052798, 0.0003247446539460668, 0.0003397687436179417, -0.0005857609638815908, 0.0011576283771628434, -0.0006464273436308835, 0.0016801144346644038, -0.0011138015278434488, 0.003397930598762383, -0.0011978384559822673, -0.001253255634237294, 0.002160611422003997, -0.004269975721085429, 0.002384382688954538, -0.0007618590967679767, 0.0005050607318608627, -0.0015408142942182803, 0.0005431678374520266, 0.0005682971265645485, -0.0009797436605937715, 0.001936248971479809, -0.0010812142341476605, -0.0009013711530648706, 0.0005975477305140792, -0.0018229690541600773, 0.0006426330302137092, 0.0006723640085522886, -0.0011591548579045965, 0.0022908159467379223, -0.001279206778626464, 0.0017623265245002798, -0.0011683025483555933, 0.003564199615847124, -0.001256451607991612, -0.0013145804837019813, 0.0022663353992887366, -0.004478916029159754, 0.002501056339143493, -0.001545202113559356, 0.0010243638405815537, -0.0031250785271566403, 0.0011016526468068733, 0.0011526198542782331, -0.001987115441055022, 0.003927098876682329, -0.0021929179908765153, 0.00038321517821905877, -0.0002540455829596185, 0.0007750296962604306, -0.0002732134597001879, -0.00028585349385693124, 0.0004928111288507438, -0.0009739333661957685, 0.0005438508343466879]
grad_bq
[0.0014003083850365739, -0.0009283091594991628, 0.002832039658161582, -0.0009983505880456725, -0.0010445385963054124, 0.0018007834636825407, -0.003558854493939793, 0.0019872878915810433]
grad_wk
[0.00012641670773677388, -0.00003531152208128963, -0.0002202045511069965, 0.0001492641441943164, -0.0000940229882346241, -0.00003314469787679119, -0.000053007297616714384, 0.00021454882294443217, 0.00005342832911741234, -0.000014923942073576571, -0.00009306650553022022, 0.00006308449226544058, -0.00003973755724173908, -0.000014008162831970637, -0.000022402824700888004, 0.00009067618773854556, -0.0023041115905232785, 0.0006435991631417047, 0.004013519000574433, -0.002720536318694374, 0.0017136932360089902, 0.0006041059280021968, 0.0009661280617693066, -0.0039104358793200155, 0.0014634408426250156, -0.0004087776414539657, -0.002549159360271365, 0.0017279301831548285, -0.0010884406309228398, -0.00038369378112868365, -0.0006136296829609058, 0.002483686815256859, -0.0005912319364231646, 0.0001651466799913896, 0.0010298635796723193, -0.0006980859618200718, 0.00043973138042796263, 0.00015501276895028227, 0.0002479071617633347, -0.0010034125893459566, 0.0005269281836709544, -0.00014718494513947907, -0.0009178532349734217, 0.0006221605181435336, -0.00039190517852233625, -0.00013815322169997957, -0.00022094420551308007, 0.0008942791155283718, 0.0010712743465006902, -0.00029923519144593025, -0.0018660467497288258, 0.0012648869867795001, -0.0007967650564577285, -0.0002808731946401828, -0.00044919187606397054, 0.0018181192518544724, -0.0010510769482344404, 0.0002935935251849464, 0.0018308650154598904, -0.001241039289579213, 0.0007817431517304512, 0.00027557771846921695, 0.0004407229836196942, -0.00178384112436529]
grad_bk
[0.0000000000000000008673617379884035, -0.0000000000000000008131516293641283, -0.0000000000000000008673617379884035, -0.0000000000000000008673617379884035, 0.0000000000000000015178830414797062, -0.0000000000000000005692061405548898, -0.000000000000000001734723475976807, 0.0000000000000000015178830414797062]
grad_wv
[-0.003630055991575408, -0.0173735277611829, -0.009917717451217046, -0.02445023939215191, 0.016186565094272853, 0.03678111844762201, -0.002595362726569734, -0.012005070939908723, 0.0010767754680968966, 0.007275830675835602, 0.004264294551041845, 0.009821464041501695, -0.007087747207136612, -0.014704212949052085, 0.0010961625897101806, 0.00477467282870997, 0.009447582731706365, -0.0008851462605149671, -0.002913589263374483, 0.007834260950376645, 0.007536768533950964, -0.013315922838107393, -0.0003332631275812345, 0.004882044834520245, -0.006950219658133764, -0.004754794906774322, -0.001224994282094772, -0.01230658482231339, 0.0002791936397750494, 0.019459658135212894, -0.000585980444428686, -0.006682838484608462, 0.006569627169544993, 0.022982433168168066, 0.012677633459271344, 0.03401003990117006, -0.020180552257303877, -0.05144305408038197, 0.0033963636952824934, 0.01688894147126497, -0.008838537302827144, -0.0371867351607585, -0.02096094410449248, -0.05334127565183838, 0.03390146146357491, 0.08041245715894119, -0.005532875910483189, -0.026305447923167094, -0.0020155903935468408, 0.013719929598425499, 0.009052703052557308, 0.014706247461178662, -0.016184614671524607, -0.021347174153959984, 0.002151460744964863, 0.006695964933795811, 0.005501920485108811, 0.006271064327287947, 0.002531869021804025, 0.012776617511251392, -0.002921828413201332, -0.01988625754798172, 0.0008493285126988095, 0.006723888889139293]
grad_bv
[-0.004356386071175673, -0.02439090233982775, -0.014108587760949344, -0.03362853363801227, 0.023240080177655963, 0.05047068876262001, -0.003659102464495927, -0.016432081983791064]
grad_wo
[0.033959496749275536, 0.0011899819610699134, -0.02584401800062267, 0.0034819170995551455, -0.03152767238104521, -0.02689755533475336, 0.050522552219464736, -0.004884702312944102, -0.044455063853769225, -0.0022515354465866173, 0.034106897944974054, -0.004223185723006319, 0.041528813422886, 0.0353189115830445, -0.06632297830960607, 0.006298140382063675, 0.03837246226679404, -0.009462827540220979, -0.02491083572270628, 0.009150695974720853, -0.031618712383842326, -0.02870480221698508, 0.054192592357782454, -0.007018572735542689, 0.0018237676538492263, 0.001779345193706433, -0.002069120437390581, -0.0006409781480815444, -0.0023290171271791887, -0.001712449075001531, 0.0031728305077895038, -0.00002437856769231723, -0.027908278859426403, 0.012277891404228492, 0.01597509656658945, -0.009259523583191088, 0.02099633943751532, 0.020034247686513577, -0.03796880557581062, 0.005853032923581283, 0.037168609305111636, -0.021543783491696097, -0.019214164711003578, 0.014837884968148392, -0.026038745230856104, -0.025870935566056564, 0.04917645869641237, -0.008515323970060062, -0.04936522315628347, 0.015343882813878905, 0.030788314459609403, -0.013302264457492361, 0.039501620635965635, 0.03643286020765101, -0.06886815138614866, 0.009468960882819531, 0.041894411611816215, -0.013818121593781806, -0.025812664059681464, 0.011673495215110552, -0.03322836745956881, -0.03079481825205222, 0.05823247801815325, -0.008146413479995718]
grad_bo
[-0.026256245409856823, 0.004795060439246268, 0.017712223668216648, -0.0054505414338163645, 0.022257669841356218, 0.019903556246206947, -0.037531147048939645, 0.004569423697586751]
grad_wf1
[-0.018151064272278042, -0.0006550454690460024, -0.07247887314720733, -0.0013768103384778163, 0.07243801560871155, 0.00028317093740454127, -0.0018774144552057, 0.005865698758723257, 0.00007427483576566071, -0.0006410580823038238, 0.016345827868771062, -0.0004620578538704256, -0.02372423734918149, -0.0002662293057107606, -0.0029477810831177198, -0.0001690305136440597, -0.025649756250836257, -0.00044918656731824996, -0.11430100393845004, -0.0015994363450363975, 0.1197046659386793, 0.0005963536510698144, -0.0004654802138142149, 0.008396321624292219, 0.029810924547748904, 0.0010317191830635673, 0.12013758128632451, 0.002229194564423176, -0.12057611159122589, -0.0004832385331473328, 0.0028808959372204398, -0.009643638103378167, 0.00042890224776129856, 0.0005241975149592498, -0.010970383289494231, 0.0004021303125432567, 0.01680232243460964, 0.0002027827173196872, 0.0023799390181937913, -0.000023994756841121297, 0.001469047617122467, -0.00012161166960122048, 0.010219732836991848, -0.000015439642605076646, -0.012218018286713041, -0.00009482419996351162, -0.0006497832605410185, -0.0005140793138936842, -0.0005995246666100152, 0.00032911288584121343, -0.011138583691944948, 0.00020935196203698608, 0.01515754231041253, 0.00015378000859348222, 0.0015483101250659875, 0.0002727626264636148, 0.00764075390349466, -0.00009991065815131883, 0.039875787287098334, 0.0003066510519157991, -0.04416436464609438, -0.00027388400999570414, -0.0009343598034862172, -0.002553817543146531]
grad_bf1
[-0.018153472075653463, -0.00044273634076608424, -0.07778379754464673, -0.0012226820688746416, 0.0801774327668095, 0.0003706662620507996, -0.0009025336194061107, 0.0059143275630514115]
grad_wf2
[-0.07296034167181334, -0.0241796667442485, 0.09605844483424986, -0.052628770194565584, 0.032958203284772, 0.11068378659124478, -0.010747034363065044, -0.07918462173657431, 0.003042194165295293, 0.000555423060746149, -0.004290310106009949, 0.003036489737018969, -0.0013722408069236965, -0.004782401457778707, 0.00017190389683277192, 0.0036389415108191744, -0.08594609283437475, -0.03214781860013536, 0.11084862902317906, -0.05518078690019329, 0.03884043223434209, 0.12902991625024207, -0.014895306395890524, -0.09054897277716947, 0.0027927475490107066, -0.0002161134628866672, -0.004395498943750001, 0.004137653067311418, -0.0012565124271649052, -0.004658465391901714, -0.00028506584730758394, 0.003881255456688751, -0.04109396061449499, -0.017262858715495235, 0.05180997260567195, -0.02286571083946664, 0.018579393145351796, 0.060995025148710136, -0.008276042517698333, -0.04188581821257878, 0.0002505975096261179, 0.00012758231013899942, -0.00030190206488460154, 0.00009794729611740867, -0.00011339876183658488, -0.00036371527008805096, 0.00006407867059168237, 0.0002388103103350295, -0.0956931523464362, -0.023408017053850174, 0.13121598232050974, -0.08447256554038053, 0.0431905121119668, 0.14823863013776348, -0.009029014629915394, -0.11004237499965785, 0.005213948674209521, 0.0013280769718112346, -0.007116300064369467, 0.0045046406920309316, -0.0023535163726685062, -0.008057492229812356, 0.0005240828832017698, 0.005956559445596881]
grad_bf2
[-0.033417718896545934, -0.008381877797883843, 0.0456923700895385, -0.029113608458377845, 0.015083797777256791, 0.05169090199473679, -0.0032796023193782248, -0.03827426238934629]
grad_ln1_s
[0.027585660574416047, 0.020265634352126104, 0.019220077921087226, 0.008574375022357108, -0.02417737147527453, -0.04392076208432151, -0.021690804954041725, 0.004908936953799402]
grad_ln1_o
[0.03952539194821622, -0.044533160147498384, -0.015178152458902128, 0.016217051682117022, 0.020704241894151036, -0.033655610500438485, 0.04457974989088671, -0.00998524278408678]
grad_ln2_s
[-0.1217437976326878, 0.02187494162921486, 0.019907838080760708, 0.04814243871235474, 0.006684455935660125, -0.010351057156557528, -0.03583745823392949, 0.00399700759209605]
grad_ln2_o
[-0.10773480431080036, -0.009861240359442518, 0.014453014050926746, -0.02496973368052329, 0.030330309139716592, 0.03554101547150183, -0.11906078464023194, -0.00582004726612474]
grad_ln3_s
[-0.01044828298875115, -0.039886615668050504, 0.23146666797599103, 0.27106050100786927, 0.29937329048285183, 0.016820836156790784, 1.0078662265163056, 0.2832006313448454]
grad_ln3_o
[-0.18509364048368335, -0.10193925219081697, 0.21141244027149336, -0.34731544090505173, -0.40535670490050846, -0.04524357103491417, -0.5818644407545349, 0.178356304876465]
grad_dk_scale
[-0.01019360815722981, 0.008141829946632434, 0.005748954636716479, -0.001029451751217505]
grad_target
[0.05994945716895336, 0.0404539397269251, -0.14980576993782066, 0.23342134590657987, 0.20055309787976228, 0.05580651390155106, 0.2806901172696272, -0.09720085426878652, 0.12514418331472998, 0.06148531246389187, -0.061606670333672696, 0.11389409499847183, 0.20480360702074618, -0.010562942866636886, 0.3011743234849077, -0.08115545060767848]
update_wq
[0.19991436308726304, -0.39994320269162653, 0.6998268898750377, -0.19993902543661196, -0.5999360721582958, 0.2998898962809732, -0.7997824147546001, 0.49987845842442946, -0.2999551058538681, 0.899970224580079, -0.09990924945693715, -0.500031964824329, 0.39996648636477544, -0.6999422795384419, 0.5998859337651727, -0.8999362832184948, 0.0998014456028333, -0.19986830999053634, -0.8004013581588121, 0.6001413656867262, -0.3998517750691979, 0.49974472024647476, -0.2994955209140886, 0.6997181977039716, 0.00009660691994007456, -0.6000640742173977, 0.30019528031116477, -0.9000687806944677, 0.7999278803901005, -0.09987579359228714, -0.7002454542857984, 0.20013711139896015, 0.5000773364261583, -0.500051291757604, 0.00015633277225337019, 0.39994493401096765, -0.40005773069280054, -0.19990056777463852, 0.8998035034452895, -0.7998902391718045, 0.19983889731901736, 0.1001068485028105, -0.7003256609911003, -0.2998852918210786, 0.6001202623463546, -0.5002071306915045, 0.3004093285299719, -0.10022864748569679, -0.8998343568703449, 0.3998901388710523, 0.500334834099349, -0.6001179362990344, 0.09987634549569996, 0.8002129668433176, -0.40042086136302346, -0.2997649079372554, -0.20005361633521035, 0.7000355610421909, -0.8001083787780815, 0.3000381722146267, -0.8999599735857997, -0.5000689336781239, 0.00013622532156016404, 0.599923903819965]
update_bq
[0.09986513120297465, -0.09991055030025285, -0.00027262902785299463, 0.20009602779090283, -0.19989932033573243, 0.09982659880999901, -0.09965732733567799, -0.00019141477381685477]
update_wk
[-0.5000134505980655, 0.4000030094444951, -0.29997513360162165, 0.7999811349695661, -0.09998693322579454, -0.6999969137178301, 0.6000038308788822, -0.4000227002527917, 0.2999943161093983, -0.799998728275678, -0.19998949208831893, 0.49999202813401383, -0.599994478334908, 0.20000130419134501, -0.8999983811472712, 0.09999040743261889, -0.29975492273780285, 0.5999451655715367, -0.7004530780432335, 0.0003437283324323224, 0.39976191916554127, -0.5000562341990129, 0.7999301975884487, -0.1995863888597223, 0.09984441608003042, -0.39996518840391915, 0.9002876289688427, -0.6002182082780917, -0.2998488606773994, 0.7000356999659959, -0.7999556851679585, 0.4997374245676112, 0.20006284235122224, -0.9000140609321402, 0.09988382310412022, -0.4999118631797888, 0.5999389532036008, -0.20001441972263206, -0.000017899524728954934, -0.6998939423834997, -0.4000559801652117, 0.8000125257746824, -0.299896509738926, 0.3999214884662556, -0.09994562037932514, 0.5000128452957693, -0.5999840544364445, -0.00009447649725208187, 0.699886175390467, -0.19997453141117477, 0.30021042719848007, -0.8001596381001443, 0.9001105706330453, -0.3999738816892881, -0.49996757808817716, 0.09980790071855673, -0.5998882330520637, -0.000025007390087592083, -0.7002066247294206, 0.20015675545964845, 0.49989142488562494, -0.3000256456537414, 0.7999681661109679, -0.8998113735061588]
update_bk
[0.000000000000000000010842021724855043, 0.1, -0.1, 0.00000000000000000009540979117872438, 0.2, -0.2, 0.1, -0.1]
update_wv
[0.400210003034423, -0.5993183646098635, 0.20042912847645153, -0.799004511754229, 0.49935876768699916, -0.3014704943816349, 0.9001261268639452, -0.09953210001133611, -0.7000721667798236, 0.09971612515109293, -0.4001848823825317, 0.5995991719271603, -0.899719651070764, 0.0005884303944086833, -0.5000542552481696, 0.29981365385278896, 0.7996645720265219, -0.20000967346614767, -0.5998726349589886, 0.09968704457387159, 0.3997205397637272, -0.6994585988296115, 0.5000354842239408, -0.3001914374460903, -0.09972858467952403, 0.9002138973076174, -0.4999478375026631, 0.20049712154288749, -0.4000228372126149, 0.7992167629543913, -0.5999834616705979, 0.00026107119860534905, 0.29965935920975595, -0.8009079962546902, 0.6994529176890448, -0.10138085402516137, -0.49919878615407065, 0.6020543000111979, -0.2001611327693955, 0.39934280132965866, -0.8995134448140243, 0.5014602072479105, -0.29909566473867943, 0.10216560040974108, -0.0013415991495275602, -0.6032078040800215, 0.8002659706940498, -0.6989771348226397, 0.2000100420393886, -0.40051417683657325, 0.8996087875057478, -0.8005995377181233, -0.2993701973506026, 0.7008455902024239, -0.10011397171960709, 0.5997406304620472, -0.5002262987062779, -0.6002650920493415, 0.39989118031587834, -0.20051715906501014, 0.30012383238748086, -0.8992016465501754, 0.09996717006024267, -0.8002623724438286]
update_bv
[-0.09973226209512392, 0.0009521038916630811, 0.10060958777016014, -0.09863248267934994, -0.0009177963455682362, 0.1979859950928506, -0.19982100072824013, 0.10063938536278433]
update_wo
[-0.3013346444964047, 0.49995928955506896, -0.6989878230489612, 0.09987855823874643, -0.8986798506378176, 0.4010512584808249, -0.2020303053068945, 0.6001435172154377, 0.0017480592742672733, -0.399920759750499, 0.7986642318207375, -0.5998537691580954, 0.19826319959725835, -0.5013824160548617, 0.9026660916633508, -0.1001846373921577, 0.6985199308578003, -0.2996400410998396, -0.09903479534180386, 0.4996647120124632, -0.7986571475069717, 0.6010794466163837, -0.4021436510813969, 0.20021154554336487, -0.9000816129918833, 0.2999342437422904, -0.599913542649431, 0.40002394221267684, -0.6999001041271188, 0.10007772187224331, 0.7998588855768453, -0.49999953363562283, 0.20106476708209506, 0.5995351793683382, -0.2006144568569762, -0.7996568612806926, 0.3990954056027645, -0.3007326528455862, -0.4985126237756675, 0.6998212427057243, -0.10139445882333643, -0.8991874897138821, 0.5007256097308812, -0.4005503632616773, 0.6011233015581114, 0.0009161607309286691, -0.7018934526625553, 0.3002606924415299, 0.8018959751149182, -0.20058220712268382, 0.09881057828501831, -0.49951052564061277, -0.6016839926186534, 0.8986430409079459, -0.2972862195878511, -0.4002866493380809, -0.8016070537063598, 0.4005238858569739, -0.8990036320098095, 0.6995700620175034, -0.09858172075004844, 0.2011437005869891, 0.49770785858138056, -0.5997531005766296]
update_bo
[0.10101794325310973, -0.00018337771464193426, -0.1006887554198025, 0.10019880674795105, -0.0009428056517336752, -0.10075608297121108, 0.2014914446051039, -0.2001371728487755]
update_wf1
[0.6006468970838984, -0.29997728663604106, 0.9027803449626511, -0.49993834100052226, 0.09713559323280399, -0.8000119264582592, 0.40015216794726627, -0.2002224893127375, -0.7000519067759705, 0.20001962436396548, -0.40072863565527844, 0.8000199394861047, -0.5990324045598211, 0.00001264722614133864, -0.8998675292453058, 0.5000121842420555, 0.300959491516222, -0.09998214613823331, 0.5044989453561151, -0.6999267700451747, 0.1952041305902837, -0.5000263300986604, 0.8001198259371683, -0.4003259674346186, -0.601074774314892, 0.89996371920835, -0.20465542689763286, -0.00010089239361433782, -0.2951883844026952, 0.7000206201977147, -0.8002438873908078, 0.10036940501279674, 0.4000278665595168, -0.6000159703385534, 0.3005201162619643, -0.9000169469538845, 0.49929239028739786, -0.10000975848890119, -0.40010736713657846, 0.6999948313367143, -0.2000647419185021, 0.800003517712483, -0.5004146411723575, 0.6000005507823224, -0.6995142955602657, -0.29999565385498106, 0.9000238641117223, -0.09997926446893364, 0.00003957913441455577, -0.40001024421189496, 0.7004427536067088, -0.2000098370176403, -0.8005731773870627, 0.5999929464255324, -0.5000699050156218, 0.29998956894647905, 0.09970179776757987, -0.8999979635761914, -0.601575905790806, 0.3999861315149796, -0.1982501724187376, 0.8000123099268289, -0.29998550235596366, 0.5000992149452513]
update_bf1
[0.0006655824891754362, 0.10001628656856473, -0.09697197308731953, 0.00005525103367821116, 0.096808614126154, -0.10001613568111092, 0.00010898059439924859, 0.09977292650977594]
update_wf2
[-0.3971325172501663, 0.7009278475876255, -0.20379114030850284, 0.5020248876841693, -0.9014371001398723, 0.2955010167340182, -0.5994220402966801, 0.1033290459894085, 0.7998818270765489, -0.5000200511546257, 0.0001650563172699813, -0.3001138085209807, 0.6000580570972929, -0.09980898217552842, 0.6999864035927347, -0.4001485022327116, -0.19665641551407986, 0.9012389723256056, -0.8043452116229651, 0.40210077230766617, -0.5016847421448916, 0.09480347336740935, -0.6992397088647301, 0.6037828601459856, 0.2998906165615206, -0.599988546731085, 0.20016725328804255, -0.1001552801601434, 0.8000518758521251, -0.39981387373535904, 0.5000041407989034, -0.9001561858740044, 0.10163887186845434, -0.299321195682964, 0.5979050179737975, -0.6990905355413245, -0.20083130513304093, 0.8974740518494216, -0.49958588249789676, 0.4018109771635527, -0.8000095704822447, 0.49999503097469794, -0.099988247731269, 0.2999963500688804, -0.5999950933182141, 0.000014428834951036548, -0.4000029635708987, 0.699990065224097, 0.20377343500606507, -0.8991238043026076, 0.7948448105726568, -0.4967617301522446, 0.3981301978613593, -0.7060274815658519, -0.29943150951676806, 0.6045960820973911, -0.10020463737221388, 0.3999501449726268, -0.5997215372269574, 0.8998282331275113, -0.29989847259292146, 0.2003261329011994, -0.8000320939569686, 0.499752230147724]
update_bf2
[-0.09868880489467582, 0.10031392789065821, -0.001786873946576017, -0.09889025006198404, 0.09934983217779414, -0.0020913605728861257, -0.09979744666380803, 0.10159097607147768]
update_ln1_s
[0.9986652073790324, 0.8990449820573795, 1.099183032772617, 0.8000910163620704, 1.0006801956497542, 1.2018922409361608, 0.9011708431668539, 1.0997807491966884]
update_ln1_o
[-0.0019464784605362337, 0.10205156326041936, -0.0993846536238171, -0.0009538506234958654, 0.09945799798883907, -0.0984887911801441, -0.001888111670304867, 0.1005255210914703]
update_ln2_s
[0.9047006286996435, 0.9991641627244591, 1.0992330777287462, 0.7981728181206666, 1.1997248021228974, 0.9004109942347673, 1.001421242204254, 1.0998026380707833]
update_ln2_o
[-0.0958072374109, 0.0003853972111867756, 0.0994454940770389, -0.09905566293774926, -0.0013301089720762617, 0.09866620695620591, -0.095273390511557, 0.0003233178922479647]
update_ln3_s
[1.1003966712182554, 0.9015878222943766, 0.9903568362215064, 1.1889186068778772, 0.788168045111291, 0.9993703431349472, 1.058952995257397, 0.8886832712562877]
update_ln3_o
[0.10751336769679747, -0.09576253001377098, -0.008694436229523522, 0.11408737879054082, -0.08376896240533413, 0.0016514208054263515, 0.12366022613503533, -0.10716106031882895]
step_loss
1.5324951894482355
intermediate_ln1
[0.6227557574657043, -0.3353598317337885, 1.6577639153311368, -0.8350983386407281, -0.5265046880550026, 1.15455838403509, -1.3172251754588298, 0.4827220592391309, 0.776131154182683, -0.27053448060702073, -1.137988734749853, 0.940725172132454, -1.2441898994969942, 1.7942657202641168, -0.01682679376097666, -0.7927950742285069]
intermediate_scores
[2.4386058032285463, 1.940173723223497, -6.9950769914611595, -1.2574678737891305]
intermediate_attn
[0.6220907934964957, 0.3779092065035043, 0.003212112687385505, 0.9967878873126145]
intermediate_context
[-0.7731024449165649, 0.9635272842034034, -1.6354337441719118, 0.08265071700936603, 1.5683926698496662, -2.4609283078956574, 2.3272229294770006, -2.031208949431133, -2.1897846007936845, 2.951829790269883, -1.1647540979414746, -0.3218179841409255, 0.19180270823045045, 0.3666942167285085, 1.1142773758707134, -0.8486547851145512]
intermediate_ln2
[1.1327837065131277, 0.3881042836902564, 1.3000288176315216, -1.8231675591211138, -0.3415045640145396, 0.013564137986606065, -0.167859980850249, -0.25003239184067666, 0.6064374219162181, -1.2008036510862525, 1.7395819114265447, -1.072720593658199, 0.9301694815590861, -0.375910635486001, 0.6804183169907013, -0.956704631198841]
intermediate_ln3
[0.5284463749541941, 0.18834043422802565, 1.181889782245328, -1.0537581429148104, -0.6042383501250299, -0.25709429443966636, -1.5229720961743798, 1.2762349852774268, 0.0034678800707369506, 0.3180795719372238, 0.7766125757552654, -0.29602490558764577, -0.7365078532850394, 0.27667674726733354, -1.8838188698372678, 1.3469241214535659]
grad_input
[0.006765375073905632, -0.016105272721723303, 0.016487439908384676, -0.009546215224512817, 0.019616453984855224, -0.007515575682226024, -0.012160716905053996, 0.0024585115663706045, 0.013372906723901663, -0.031173438808866135, -0.017193511970348976, 0.012300323019913132, 0.032136576026807945, -0.021181551970341515, 0.021376162110046282, -0.00963746513111239]
grad_wq
[0.0001999363645239047, -0.00013249628027299133, 0.000404370705443521, -0.00014257061284430732, -0.00014910551559386005, 0.00025711370974488255, -0.000508153837869949, 0.000283747216516818, -0.00007338717678938112, 0.000048633113678361456, -0.00014842534783252208, 0.000052330924365310365, 0.00005472957787951665, -0.00009437427411943053, 0.0001865192238778846, -0.00010415017393959313, -0.00021282905099239752, 0.0001410401637424625, -0.0004304461256640498, 0.00015176412906833103, 0.00015872042815792177, -0.0002736934172652445, 0.0005409216043791459, -0.0003020443577475741, 0.0001926613671138931, -0.00012767519583386478, 0.0003896570447155596, -0.00013738295805396577, -0.00014368007814356256, 0.00024775822517894466, -0.0004896638655070159, 0.0002734226301406778, -0.0003057699492515917, 0.00020263137719628548, -0.0006184188172908009, 0.0002180384201642323, 0.00022803248445990324, -0.0003932133414938701, 0.0007771381338631788, -0.0004339449314346932, 0.0004533056742207016, -0.000300402159476609, 0.0009168093843391849, -0.0003232431875679142, -0.0003380594442499166, 0.0005829409963756474, -0.001152111666289367, 0.0006433258081774561, -0.000045068193822879394, 0.000029866342995545525, -0.00009115028860617621, 0.0000321372254037637, 0.00003361027541361272, -0.00005795669303528326, 0.00011454432369768109, -0.00006396022344976702, -0.00016927182030133532, 0.00011217512431203555, -0.00034235175551957015, 0.00012070434117925343, 0.00012623697595803683, -0.00021767978914981939, 0.00043021751112750164, -0.00024022847449292224]
grad_bq
[0.0002637807025110147, -0.00017480542858589002, 0.0005334956900449873, -0.00018809673019237516, -0.00019671837959678938, 0.0003392161058005507, -0.0006704191939079565, 0.0003743543116159967]
grad_wk
[0.000005437740202935501, -0.00001261072227718745, 0.000011722878513245786, -0.00003663638051889652, 0.000039779417443083396, -0.00000720800649296672, -0.000028995577041062424, 0.0000114441568671104, 0.0000022983048489966006, -0.000005330023700538783, 0.00000495476935743715, -0.00001548466235125501, 0.000016813092311835886, -0.000003046522205206905, -0.000012255215002176046, 0.000004836965400840682, -0.0000991200473362827, 0.00022987037673939534, -0.0002136866105746517, 0.0006678141352364563, -0.0007251059434285654, 0.00013138876042616184, 0.0005285362782322542, -0.00020860602530799546, 0.00006295968652435062, -0.00014601049181953927, 0.0001357307868365622, -0.00042418632497592357, 0.0004605772910935118, -0.00008345632787269767, -0.0003357189518014763, 0.00013250366917121664, -0.00002544466590369513, 0.000059009000645918456, -0.000054854538110921857, 0.00017143159243262034, -0.00018613871735479706, 0.00003372822352679039, 0.00013567819405871828, -0.00005355032369437453, 0.00002268005413374218, -0.00005259755950786731, 0.00004889448729827349, -0.00015280522099685428, 0.00016591438857834867, -0.00003006358732780402, -0.00012093649795468951, 0.000047731978280423975, 0.000046104060438315916, -0.00010692042656331872, 0.00009939281380051036, -0.0003106227658270462, 0.000337271108503357, -0.00006111332181926736, -0.0002458399604349568, 0.0000970296630909317, -0.00004522192571073458, 0.00010487465834978768, -0.00009749107560452286, 0.00030467944703237236, -0.0003308179120908816, 0.00005994400651423443, 0.00024113616722313538, -0.0000951731403767867]
grad_bk
[0.0000000000000000011926223897340549, 0.00000000000000000013552527156068805, -0.0000000000000000029680034471790684, 0.0000000000000000032255014631443757, -0.000000000000000002710505431213761, -0.00000000000000000007453889935837843, 0.00000000000000000062341624917916505, 0.000000000000000001951563910473908]
grad_wv
[-0.0026491361401334936, -0.017534050664884965, -0.009402401772353913, -0.02415866248170782, 0.016233262295130148, 0.03677779258525901, -0.00226588081089976, -0.012193430733672666, 0.0006364737500130222, 0.007365185719733363, 0.004034170406278582, 0.009687613839081097, -0.007111693942303642, -0.014691878223224854, 0.0009400359924594227, 0.004845626811397812, 0.010120433720130316, -0.001532073717073982, -0.0026621619249219824, 0.007892073504584637, 0.007784452226814115, -0.013231597984024679, 0.0000573519595955768, 0.0049381772594435346, -0.007067628757738876, -0.0044055931435076755, -0.0012241397880227356, -0.01225631115340047, 0.00014176104724823724, 0.019411050650884977, -0.0007272341949389768, -0.006776566742266145, 0.005391226517808492, 0.023108880029880367, 0.01205403560568463, 0.033675521893727293, -0.02022619897292839, -0.05148910049467129, 0.0030331623012763162, 0.017172048124789303, -0.006815942590524409, -0.037514062575229996, -0.019912277457256107, -0.052796828012376576, 0.034024976658567886, 0.0805099222341445, -0.004876166303922869, -0.02675367284884487, -0.0031050224118829984, 0.014194473092158072, 0.008544995702693833, 0.014484690484797133, -0.016369743098896525, -0.021433447434191084, 0.00170483022439558, 0.006826528917284989, 0.0054200178917812505, 0.006055131727849309, 0.0024459467089944192, 0.012696171474291943, -0.002835407188282819, -0.019857645214947633, 0.0008936130239699872, 0.006823609298097321]
grad_bv
[-0.002933900737297659, -0.024685550753978637, -0.013378780948610058, -0.033243199344864506, 0.023343557294214983, 0.05051402323161125, -0.0031704238975942926, -0.016705206850395053]
grad_wo
[0.03433135086352123, 0.0013047561300122967, -0.026193516138978787, 0.0037459646356843637, -0.03062029879451266, -0.0272401902546461, 0.05035565560414069, -0.005683722045221023, -0.04493577744321109, -0.0024249823488410784, 0.03457170912189996, -0.004561905030274049, 0.04037404781615374, 0.03574220018622328, -0.06610184385869652, 0.007336551556745761, 0.039172848541506926, -0.00967984077501622, -0.025411615179430573, 0.009586432603141784, -0.030335122568441446, -0.029712337172995096, 0.05446549152974568, -0.008085856978511064, 0.00169282497203534, 0.0018549014038558229, -0.002009124722942746, -0.0006669524417961321, -0.0022478517188592225, -0.0015627050410088655, 0.002962552170355838, -0.00002364462164003477, -0.028641383007059006, 0.012602235180947238, 0.016365764319194044, -0.009636950559659428, 0.019902510005012367, 0.02104692160622466, -0.03834287498790739, 0.006703777443247512, 0.03849958061677269, -0.022169076808984715, -0.0199031698313045, 0.015441148022200571, -0.024597522053018617, -0.027650015508396804, 0.05013964851400698, -0.009760592951275602, -0.05050291442768573, 0.015723049043890328, 0.031461668107810446, -0.013901863176290653, 0.037772172026944634, 0.03790844421446919, -0.06934993855559247, 0.010889382766454264, 0.04288393257980866, -0.014167597949873108, -0.026388055948087123, 0.012192985102100668, -0.031737217607355615, -0.03208937662498478, 0.058668940567459325, -0.009363610119068026]
grad_bo
[-0.026729056596058162, 0.0048863270591266265, 0.018027982860161114, -0.005723750238253995, 0.02140709785658032, 0.02048451437387132, -0.03762409481800527, 0.005270979502578044]
grad_wf1
[-0.019397482174697583, -0.0007075160728253322, -0.0742221899130161, -0.0013123155458697592, 0.07281054190799213, 0.0002718448804273618, -0.0005695322320913088, 0.006053627880069639, -0.0007317380722900706, -0.000740161084231116, 0.015263023581879778, -0.00044548485809716245, -0.02357828419060007, -0.00023263491203797748, -0.0026140646989942125, -0.00009017085880707004, -0.026643047563175953, -0.00044318677070209517, -0.11532926846078961, -0.001509126068955244, 0.11951162287961581, 0.0005533437583270628, 0.0011385643733970397, 0.008550847827601685, 0.03162537165114453, 0.001104550947757963, 0.12225062083442945, 0.0021123998942791824, -0.12051619783053774, -0.0004598839685504576, 0.0007506013914610604, -0.009891610777155054, 0.001174806855017219, 0.0006066040994839045, -0.009777271993610264, 0.00039236612678511637, 0.016391042716721198, 0.00017545654490911183, 0.002083035958376861, -0.00011494595088588021, 0.0013765204853690715, -0.0001438761371542257, 0.010180719681361874, -0.000014590669913168496, -0.012328042174632323, -0.00008536402089790964, -0.0006648384153583708, -0.0005162390878301448, -0.0003597232626677432, 0.0003770423223019159, -0.011254188668670605, 0.00019220569008540636, 0.015746105075743415, 0.00013786608035815917, 0.0014071954768079056, 0.00028645450865471276, 0.007736307553401903, -0.00013461032883066586, 0.0401539185074619, 0.0002920714117946932, -0.04441733752535575, -0.00025030925963601797, -0.0012873637234299745, -0.0026004498315513767]
grad_bf1
[-0.019074605904935427, -0.0004603857143316957, -0.07894518231882658, -0.00115984935461259, 0.08028242979225819, 0.0003474422907367521, 0.0002951651320344162, 0.006057938804112924]
grad_wf2
[-0.07378845251083287, -0.024712507096037582, 0.09689907150696536, -0.05385569425938086, 0.03108606694557135, 0.1094534906596609, -0.008448535180045463, -0.07663344006590089, 0.0030850580497958752, 0.0005893273008808136, -0.004379174433894638, 0.0031407684654691475, -0.0013150317161158428, -0.004756429243331103, 0.00006413938816159087, 0.0035713421890341554, -0.08751950112705506, -0.03280083813940689, 0.11235311007504299, -0.0568879089993725, 0.03675018262487722, 0.12840441114420426, -0.01229338602235916, -0.08800606955593088, 0.002807014138173505, -0.00016979522803837324, -0.004505980173065583, 0.004271802646131946, -0.0012209097649272414, -0.00461441397908584, -0.00040143924121539116, 0.003833721602026975, -0.04120208886489282, -0.01736473591651713, 0.05147284683256255, -0.02293002773429713, 0.017234660887964468, 0.05966897281826888, -0.0070397379869918935, -0.03983989003609695, 0.00025780243496154997, 0.00012947107139164748, -0.0003066887776209678, 0.00010177331779488415, -0.0001071182453071213, -0.00036489675873349977, 0.000057606800451475194, 0.0002320501570620323, -0.0964447385751247, -0.024259716461160413, 0.13259041130978685, -0.08649668036163972, 0.04090869921761725, 0.14632525634432167, -0.005806045441911469, -0.10681718603188946, 0.0052684877565243385, 0.0013754419446155375, -0.007205933755370934, 0.004624494748252328, -0.0022329850401216597, -0.007972925990904066, 0.0003498643591211715, 0.005793555977883283]
grad_bf2
[-0.033777847794468435, -0.008691607919089381, 0.04629302264289855, -0.029902912066109386, 0.014320714006088829, 0.05116827776600755, -0.002160530000522675, -0.03724911663480505]
grad_ln1_s
[0.024216187321946796, 0.018183114670539346, 0.01859603236680194, 0.014937301785189943, -0.028346137313804726, -0.04200867818183229, -0.017334102016912212, 0.004608799761564081]
grad_ln1_o
[0.03421421709629313, -0.04063308387248572, -0.015036994048563969, 0.011812896521929394, 0.024879060533381465, -0.03130556280149595, 0.043072276013784896, -0.008189991604507159]
grad_ln2_s
[-0.12412608116136754, 0.02242409428058767, 0.020445710678037233, 0.04961037698319101, 0.006675347540052568, -0.010393286778177246, -0.036078234082470705, 0.003408695654731149]
grad_ln2_o
[-0.10936165230403012, -0.010051126143106071, 0.014891166569730819, -0.02577869741521037, 0.028457934344933544, 0.036822587411042745, -0.119435507294294, -0.004405969284320188]
grad_ln3_s
[-0.010769731679531243, -0.03992711002072638, 0.22484654713639932, 0.26624761692778254, 0.30183431133753513, 0.017430880173186065, 0.9969616560839789, 0.28335786958373854]
grad_ln3_o
[-0.18351071812187386, -0.09919749922932272, 0.20731279475007383, -0.3437228810628308, -0.40509327542626505, -0.04755219339655383, -0.575848870751454, 0.1778948883413799]
grad_dk_scale
[-0.00027285614754144106, 0.00021708647087571566, 0.00582518824478705, -0.0010471631814110813]
grad_target
[0.058944203130712414, 0.038957445721479377, -0.14773622278066262, 0.23171976786436846, 0.20052979376563443, 0.05713678680497296, 0.2778715120217923, -0.09702937315968138, 0.12456651499116146, 0.060240053507843346, -0.059576571969411206, 0.11200311319846229, 0.20456348166063065, -0.009584593408419127, 0.2979773587296617, -0.08086551518169852]
update_wq
[0.19991236372361781, -0.3999418777288238, 0.6998228461679833, -0.19993759973048353, -0.5999345811031399, 0.2998873251438757, -0.7997773332162214, 0.4998756209522643, -0.2999543719821002, 0.8999697382489422, -0.09990776520345881, -0.5000324881335726, 0.39996593906899663, -0.6999413357957007, 0.599884068572934, -0.8999352417167554, 0.09980357389334323, -0.19986972039217377, -0.8003970536975554, 0.6001398480454355, -0.39985336227347945, 0.4997474571806474, -0.2995009301301324, 0.6997212181475491, 0.00009468030626893562, -0.6000627974654393, 0.30019138374071763, -0.9000674068648872, 0.799929317190882, -0.09987827117453893, -0.7002405576471433, 0.20013437717265875, 0.5000803941256508, -0.500053318071376, 0.0001625169604262782, 0.399942753626766, -0.40006001101764516, -0.1998966356412236, 0.8997957320639508, -0.7998858997224901, 0.19983436426227516, 0.10010985252440527, -0.7003348290849437, -0.2998820593892029, 0.6001236429407971, -0.5002129601014682, 0.3004208496466348, -0.10023508074377857, -0.8998339061884066, 0.39988984020762236, 0.500335745602235, -0.6001182576712885, 0.09987600939294582, 0.8002135464102479, -0.40042200680626044, -0.2997642683350209, -0.20005192361700733, 0.7000344392909478, -0.8001049552605263, 0.3000369651712149, -0.8999612359555593, -0.5000667568802324, 0.00013192314644888903, 0.5999263061047099]
update_bq
[0.09986249339594953, -0.09990880224596699, -0.00027796398475344453, 0.20009790875820474, -0.19989735315193646, 0.09982320664894101, -0.0996506231437389, -0.00019515831693301473]
update_wk
[-0.5000135049754675, 0.40000313555171785, -0.29997525083040677, 0.7999815013333713, -0.09998733101996897, -0.6999968416377652, 0.6000041208346526, -0.40002281469436035, 0.29999429312634984, -0.799998674975441, -0.1999895416360125, 0.49999218298063736, -0.5999946464658311, 0.20000133465656705, -0.8999982585951212, 0.09999035906296488, -0.2997539315373295, 0.5999428668677692, -0.7004509411771278, 0.0003370501910799578, 0.39976917022497555, -0.5000575480866172, 0.7999249122256664, -0.1995843027994692, 0.09984378648316518, -0.39996372829900095, 0.9002862716609744, -0.6002139664148419, -0.29985346645031036, 0.7000365345292746, -0.7999523279784404, 0.4997360995309195, 0.20006309679788128, -0.9000146510221466, 0.09988437164950133, -0.49991357749571314, 0.5999408145907743, -0.20001475700486734, -0.000019256306669542116, -0.6998934068802627, -0.40005620696575306, 0.8000130517502775, -0.299896998683799, 0.39992301651846557, -0.09994727952321092, 0.5000131459316426, -0.599982845071465, -0.00009495381703488611, 0.6998857143498627, -0.19997346220690915, 0.30020943327034205, -0.800156531872486, 0.9001071979219603, -0.3999732705560699, -0.4999651196885728, 0.09980693042192583, -0.5998877808328066, -0.00002605613667108996, -0.7002056498186646, 0.20015370866517812, 0.49989473306474586, -0.30002624509380654, 0.7999657547492957, -0.899810421774755]
update_bk
[-0.0000000000000000000010842021724855054, 0.1, -0.1, 0.00000000000000000006315477654728062, 0.2, -0.2, 0.1, -0.1]
update_wv
[0.4002364943958243, -0.5991430241032147, 0.20052315249417507, -0.7987629251294119, 0.49919643506404787, -0.3018382723074875, 0.9001487856720543, -0.09941016570399938, -0.7000785315173238, 0.0996424732938956, -0.4002252240865945, 0.5995022957887695, -0.8996485341313409, 0.0007353491766409319, -0.5000636556080942, 0.29976519758467496, 0.7995633676893206, -0.19999435272897695, -0.5998460133397393, 0.09960812383882575, 0.399642695241459, -0.6993262828497713, 0.5000349107043449, -0.30024081921868473, -0.09965790839194665, 0.9002579532390524, -0.49993559610478283, 0.20061968465442148, -0.4000242548230874, 0.7990226524478824, -0.5999761893286485, 0.0003288368660280105, 0.29960544694457786, -0.801139085054989, 0.699332377332988, -0.10171760924409864, -0.49899652416434137, 0.6025691910161446, -0.20019146439240829, 0.39917108084841074, -0.8994452853881191, 0.5018353478736628, -0.29889654196410687, 0.10269356868986484, -0.0016818489161132392, -0.6040129033023629, 0.800314732357089, -0.6987095980941512, 0.20004109226350744, -0.40065612156749486, 0.8995233375487208, -0.8007443846229713, -0.2992064999196136, 0.7010599246767658, -0.10013102002185105, 0.5996723651728744, -0.5002804988851957, -0.60032564336662, 0.3998667208487884, -0.20064412077975305, 0.3001521864593637, -0.8990030700980259, 0.09995823393000297, -0.8003306085368096]
update_bv
[-0.09970292308775094, 0.0011989593992028675, 0.10074337557964624, -0.0983000506859013, -0.001151231918510386, 0.19748085486053446, -0.1997892964892642, 0.10080643743128828]
update_wo
[-0.3016779580050399, 0.49994624199376886, -0.6987258878875714, 0.09984109859238958, -0.8983736476498725, 0.40132366038337136, -0.2025338618629359, 0.6002003544358899, 0.002197417048699384, -0.3998965099270106, 0.7983185147295185, -0.5998081501077926, 0.19785945911909683, -0.501739838056724, 0.9033271101019378, -0.10025800290772516, 0.6981282023723853, -0.29954324269208943, -0.09878067919000955, 0.4995688476864318, -0.7983537962812873, 0.6013765699881136, -0.40268830599669436, 0.20029240411314997, -0.9000985412416036, 0.2999156947282518, -0.5998934514022015, 0.4000306117370948, -0.6998776256099302, 0.1000933489226534, 0.7998292600551417, -0.49999929718940644, 0.20135118091216564, 0.5994091570165287, -0.20077811450016814, -0.799560491775096, 0.3988963805027144, -0.30094312206164847, -0.49812919502578845, 0.6997542049312918, -0.10177945462950416, -0.8989657989457922, 0.5009246414291942, -0.4007047747418993, 0.6013692767786416, 0.001192660886012637, -0.7023948491476953, 0.30035829837104266, 0.802401004259195, -0.2007394376131227, 0.09849596160394021, -0.49937150700884986, -0.6020617143389227, 0.8982639564658011, -0.2965927202022952, -0.40039554316574544, -0.8020358930321578, 0.4006655618364726, -0.8987397514503286, 0.6994481321664824, -0.09826434857397488, 0.20146459435323896, 0.497121169175706, -0.5996594644754388]
update_bo
[0.10128523381907031, -0.0002322409852332005, -0.10086903524840411, 0.10025604425033359, -0.0011568766302994785, -0.10096092811494979, 0.20186768555328397, -0.20018988264380128]
update_wf1
[0.6008408719056454, -0.29997021147531283, 0.9035225668617813, -0.49992521784506355, 0.09640748781372407, -0.8000146449070635, 0.4001578632695872, -0.2002830255915382, -0.7000445893952476, 0.2000270259748078, -0.40088126589109724, 0.8000243943346858, -0.5987966217179151, 0.000014973575261718414, -0.8998413885983159, 0.5000130859506435, 0.3012259219918537, -0.09997771427052629, 0.5056522380407229, -0.6999116787844851, 0.19400901436148754, -0.5000318635362436, 0.8001084402934344, -0.40041147591289467, -0.6013910280314034, 0.8999526736988724, -0.20587793310597716, -0.00012201639255712964, -0.2939832224243898, 0.7000252190374002, -0.8002513934047224, 0.10046832112056829, 0.4000161184909666, -0.6000220363795482, 0.3006178889819004, -0.9000208706151523, 0.4991284798602306, -0.10001151305435028, -0.40012819749616224, 0.6999959807962232, -0.2000785071233558, 0.8000049564738546, -0.5005164483691711, 0.6000006966890216, -0.6993910151385193, -0.2999948002147721, 0.9000305124958758, -0.09997410207805534, 0.0000431763670412332, -0.400014014635118, 0.7005552954933956, -0.20001175907454116, -0.8007306384378201, 0.5999915677647287, -0.5000839769703899, 0.2999867044013925, 0.09962443469204585, -0.8999966174729032, -0.6019774449758806, 0.39998321080086163, -0.19780599904348403, 0.8000148130194252, -0.2999726287187294, 0.5001252194435668]
update_bf1
[0.0008563285482247905, 0.10002089042570805, -0.09618252126413127, 0.00006684952722433706, 0.09600578982823142, -0.10001961010401829, 0.00010602894307890442, 0.09971234712173481]
update_wf2
[-0.396394632725058, 0.7011749726585859, -0.2047601310235725, 0.5025634446267632, -0.9017479608093281, 0.2944064818274216, -0.5993375549448796, 0.10409538039006751, 0.7998509764960509, -0.5000259444276345, 0.00020884806160892768, -0.3001452162056354, 0.6000712074144541, -0.0997614178830951, 0.6999857621988531, -0.40018421565460194, -0.1957812205028093, 0.9015669807069996, -0.8054687427237156, 0.40266965139765987, -0.5020522439711403, 0.0935194292559673, -0.6991167750045065, 0.6046629208415449, 0.2998625464201389, -0.5999868487788047, 0.20021231308977322, -0.10019799818660471, 0.8000640849497744, -0.39976772959556817, 0.5000081551913156, -0.9001945230900247, 0.10205089275710327, -0.2991475483237988, 0.5973902895054718, -0.6988612352639815, -0.20100365174192056, 0.8968773621212389, -0.49951548511802685, 0.40220937606391366, -0.8000121485065944, 0.499993736263984, -0.0999851808434928, 0.29999533233570247, -0.599994022135761, 0.000018077802538371546, -0.4000035396389032, 0.6999877447225263, 0.2047378823918163, -0.898881207137996, 0.7935189064595589, -0.4958967633486282, 0.3977211108691831, -0.7074907341292952, -0.2993734490623489, 0.6056642539577101, -0.10025732224977912, 0.39993639055318064, -0.5996494778894037, 0.8997819881800287, -0.2998761427425202, 0.20040586216110845, -0.8000355926005598, 0.4996942945879452]
update_bf2
[-0.09835102641673114, 0.10040084396984911, -0.0022498041730050025, -0.09859122094132294, 0.09920662503773325, -0.002603043350546201, -0.09977584136380281, 0.10196346723782573]
update_ln1_s
[0.998423045505813, 0.898863150910674, 1.098997072448949, 0.7999416433442185, 1.0009636570228921, 1.202312327717979, 0.901344184187023, 1.0997346611990728]
update_ln1_o
[-0.002288620631499165, 0.10245789409914423, -0.09923428368333145, -0.0010719795887151593, 0.09920920738350526, -0.09817573555212913, -0.002318834430442716, 0.10060742100751537]
update_ln2_s
[0.9059418895112572, 0.9989399217816531, 1.099028620621966, 0.7976767143508348, 1.199658048647497, 0.9005149271025491, 1.0017820245450788, 1.0997685511142359]
update_ln2_o
[-0.0947136208878597, 0.0004859084726178363, 0.0992965824113416, -0.09879787596359715, -0.0016146883155255972, 0.09829798108209549, -0.09407903543861407, 0.0003673775850911666]
update_ln3_s
[1.1005043685350506, 0.9019870933945838, 0.9881083707501424, 1.1862561307085995, 0.7851497019979157, 0.9991960343332154, 1.0489833786965572, 0.8858496925604503]
update_ln3_o
[0.1093484748780162, -0.09477055502147776, -0.01076756417702426, 0.11752460760116912, -0.07971802965107148, 0.00212694273939189, 0.12941871484254988, -0.10894000920224275]
step_loss
1.5082184228041828
intermediate_ln1
[0.6222621340350174, -0.33486503478144186, 1.657617010016389, -0.8350607369741174, -0.5269307942935332, 1.1553094061773845, -1.3179089044832428, 0.4827879426235612, 0.7756003394359271, -0.27005279453140013, -1.1376626532624, 0.9404312363720072, -1.2448193034887935, 1.7952403336627898, -0.017260389990016896, -0.7926757383439771]
intermediate_scores
[2.443871797289331, 1.9397530816943747, -6.9920694859276535, -1.2616382453990262]
intermediate_attn
[0.6234267553438682, 0.37657324465613196, 0.0032351769240034686, 0.9967648230759966]
intermediate_context
[-0.7715309335501931, 0.9617257032219664, -1.63715087257446, 0.08638375488293547, 1.5699849550471976, -2.470667578714986, 2.330198826386267, -2.033989957345802, -2.190740475599836, 2.9543247882491315, -1.1654663475631208, -0.3184113946008507, 0.1907015823148799, 0.3615051391216971, 1.115094411522647, -0.8487447079872896]
intermediate_ln2
[1.1377243160775392, 0.39195509783806753, 1.2950051969701641, -1.8211690419357007, -0.348562275786947, 0.012616571990800476, -0.16167460270811634, -0.2516828279189058, 0.6089147077326776, -1.1992659679552553, 1.7374345692892794, -1.071143165853683, 0.9265216434774284, -0.37748618150648494, 0.6870929280994379, -0.958983197953166]
intermediate_ln3
[0.5353715485446128, 0.20056693079749333, 1.1648077221775595, -1.0387246439658653, -0.6042218343006008, -0.26639120262069516, -1.5018257109194322, 1.2749979441962334, 0.008136864379780132, 0.32814372951458676, 0.7603083055667987, -0.2808316071754792, -0.7344760164232688, 0.26894633619261266, -1.8585733975297298, 1.344391296119125]
grad_input
[-0.00044942402068231385, -0.008534258232027688, 0.015021990246918606, -0.014189908869555453, 0.02183779690896108, -0.002950922615132464, -0.014608554445523756, 0.003873281027041984, 0.013234496921760482, -0.034489741470486605, -0.017526793064958288, 0.01358315800821767, 0.03344111238408485, -0.0218955792368946, 0.022867527680632597, -0.009214181222356092]
grad_wq
[-0.00042762023505712115, 0.00028325903421873636, -0.00086479013008968, 0.0003049098165903406, 0.0003188554833343702, -0.0005498708051326932, 0.0010868191711305537, -0.0006068882862308474, 0.00026481442387628156, -0.00017541517403723097, 0.0005355427112634237, -0.00018882295736965746, -0.00019745915697302188, 0.00034052111787495355, -0.0006730396951916711, 0.0003758306055231878, -0.0018935602758733214, 0.0012543093404061949, -0.0038294077385893606, 0.0013501819350110144, 0.0014119352347900503, -0.002434902345822492, 0.004812582382205295, -0.0026873834689933834, 0.0010404187329518908, -0.0006891816179832234, 0.0021040722062580113, -0.0007418589183440755, -0.0007757893354162606, 0.00133785971631341, -0.002644278573076487, 0.0014765857413630095, 0.0002236321044445134, -0.00014813567911910208, 0.00045225838451953945, -0.00015945836599799853, -0.00016675151666340664, 0.00028756535646166676, -0.000568372678524207, 0.000317383728565602, -0.0007102776627161277, 0.0004704935554353192, -0.0014364173207519607, 0.0005064555278541977, 0.0005296192950661117, -0.0009133359889138867, 0.0018052077927569843, -0.0010080420853242874, 0.0012884330017009676, -0.0008534682360590625, 0.0026056394244392575, -0.000918702713366935, -0.000960721438840327, 0.0016567777526014585, -0.003274619796181648, 0.0018285731876582435, -0.0006601438127218264, 0.00043728449569763726, -0.0013350300263628725, 0.0004707081479279684, 0.000492236936466525, -0.0008488695811044323, 0.0016777899934353265, -0.0009368909942138988]
grad_bq
[-0.0007452315517112403, 0.0004936472886482053, -0.0015071056926602407, 0.0005313790067003172, 0.0005556826995924762, -0.0009582826998236131, 0.001894044928025814, -0.0010576494332705645]
grad_wk
[-0.00010198352882988856, 0.000007422449599755891, 0.0002177948092105227, -0.00020166347678871163, 0.00015842874313127294, 0.00001603046772691313, -0.000007857347212626871, -0.00016877453614032225, -0.00004310589754712271, 0.000003137284575918764, 0.000092056441268901, -0.00008523812883500713, 0.00006696388375937982, 0.000006775679439582882, -0.0000033211049649456836, -0.00007133679278310817, 0.001859109302748694, -0.00013530758602310402, -0.0039702916788558204, 0.003676225465270042, -0.0028880776489841483, -0.000292227500072373, 0.00014323555446180212, 0.003076676339852358, -0.001180859893185648, 0.00008594400627344322, 0.0025218303199697903, -0.0023350467903241693, 0.0018344349409951206, 0.00018561562464948711, -0.00009097965423123631, -0.001954228128853581, 0.0004774596342949703, -0.00003474992591581844, -0.0010196571068888413, 0.0009441345184161877, -0.0007417210467726057, -0.00007505036691989966, 0.00003678600034449671, 0.0007901572854796615, -0.000425610916873042, 0.00003097633133351874, 0.0009089296036509892, -0.0008416082306684643, 0.0006611754211370555, 0.00006690043132882524, -0.000032791302573320875, -0.0007043518291205951, -0.0008650468089709271, 0.00006295885634362165, 0.0018473836596913154, -0.001710554136374726, 0.0013438275794867055, 0.00013597396670405928, -0.0000666477539191313, -0.0014315828800870668, 0.0008482966573095734, -0.0000617397657912436, -0.001811612235352617, 0.0016774321816873062, -0.0013178066572317709, -0.00013334106344302255, 0.00006535723417562559, 0.0014038627265548181]
grad_bk
[-0.000000000000000000975781955236954, -0.00000000000000000020328790734103208, 0.0000000000000000026020852139652106, -0.0000000000000000028189256484623115, 0.0000000000000000023852447794681098, 0.0, -0.0000000000000000007318364664277155, -0.0000000000000000015178830414797062]
grad_wv
[-0.0017410137234063748, -0.017650552458385406, -0.00890783047512601, -0.02387933836855001, 0.016248857966674406, 0.036775809297313264, -0.001963698233495747, -0.012381744761765165, 0.00022966359159020343, 0.007433218347253356, 0.0038121093665206838, 0.00955925449375341, -0.007119998226526536, -0.014680102712374559, 0.0007954820247248647, 0.004917374588454536, 0.010741596971139676, -0.0021082549650933355, -0.0023846731325904667, 0.007957555217538811, 0.007966025516556658, -0.013164158158493786, 0.0004503154112728987, 0.004978995918558292, -0.007174557373930683, -0.004086868307777734, -0.0012458090804942186, -0.01221411594553375, 0.000036205535821280665, 0.019372704443880975, -0.0008782181455440886, -0.006860628820050532, 0.0042971472118491175, 0.023189656792510206, 0.011460880803242571, 0.03335728028934126, -0.020242169670156258, -0.05153932763575214, 0.0027056529619297366, 0.017452728059310755, -0.0049377175663003646, -0.03775026358800826, -0.018905254911087077, -0.052270745018448334, 0.034084291211505996, 0.08060130115823028, -0.004275815301757616, -0.0271976266193959, -0.00411532426048268, 0.01459764101410067, 0.008037139417988545, 0.014264766467467261, -0.016495244642173668, -0.021507545831278934, 0.0012765844817131235, 0.0069637498443379355, 0.005343105792516817, 0.005852854856260193, 0.0023789738920126317, 0.012623262893788208, -0.002765592173784125, -0.019836319382657848, 0.0009492433983297375, 0.006916549703720189]
grad_bv
[-0.0016149514096247641, -0.02491080772454475, -0.012673497581972603, -0.032870249215740804, 0.023395985579545524, 0.050552509640440585, -0.002718754707774782, -0.016978045960811768]
grad_wo
[0.034686665543334765, 0.001423263439280541, -0.026540359215659656, 0.003993794662748955, -0.029758186786501363, -0.027541139941264683, 0.050181689434242005, -0.006445727136180551, -0.04540045955294722, -0.0025988567369121755, 0.03503439685503799, -0.004881703331351124, 0.039279850797180244, 0.03611548190117251, -0.06587746187160043, 0.008328751939420207, 0.039898900517148624, -0.009831341036056495, -0.02590948326897114, 0.009980308037398536, -0.029085330167304496, -0.030626082039450872, 0.054668523221015355, -0.009095495263779504, 0.0015708651972135767, 0.0019204415254803168, -0.0019494504044375565, -0.000690829965391281, -0.002180222599015976, -0.001417765485321136, 0.002766797542840403, -0.000019835811368345505, -0.029292493611704634, 0.012848049429371271, 0.016754317647092242, -0.009971547162478332, 0.018827934315285316, 0.021967464732737824, -0.03863669098435256, 0.007502965634048872, 0.03969528432122726, -0.022659888415274665, -0.020590277934005124, 0.015978104875366356, -0.02315978526678625, -0.029286672685903473, 0.05096023791071916, -0.010937002805343264, -0.05152766451358477, 0.015999381730761052, 0.032130793224602903, -0.014440272201607577, 0.036080924489505874, 0.03924882979083818, -0.06972256463996253, 0.01223057211944687, 0.04377190809252329, -0.014425308837692013, -0.02695864617023569, 0.012658523556941699, -0.030275997894239313, -0.03326461389906624, 0.05900607833829458, -0.010511943186526325]
grad_bo
[-0.027158824416805796, 0.004942138782695692, 0.018341163022206924, -0.0059716018824056295, 0.020583121050697938, 0.02100766218372775, -0.03767834877848002, 0.005934690038363134]
grad_wf1
[-0.020584850976222497, -0.0007551342524396857, -0.07581326054545172, -0.0012807643027843627, 0.07310048334796986, 0.0002596321360866739, 0.0007401688120774615, 0.006232447501113526, -0.001516643324180931, -0.0008372712748568655, 0.014284712151531612, -0.00043734908764502656, -0.023508812928056365, -0.00019895523918037088, -0.002242286235230942, -0.000018818877735428917, -0.027562570216954674, -0.00043177893015055886, -0.11623937315511758, -0.0014606982947142182, 0.11929554312328142, 0.0005092785563227386, 0.0026934052983031784, 0.008699370456643488, 0.03333201686679152, 0.001169249721054917, 0.1241207028732226, 0.0020504007557912455, -0.12034572891142145, -0.0004353367244309208, -0.0013557308889770277, -0.010124608557152023, 0.0019025623318003585, 0.0006872464478893934, -0.008689610401025269, 0.0003893166395685735, 0.016069035991504232, 0.00014827925891592773, 0.0017459641880521537, -0.00019843118181811243, 0.0012920031931746808, -0.00016575203431071743, 0.010176973598017204, -0.00001314352266382497, -0.012467568679587013, -0.00007576624205201016, -0.0006727877687954499, -0.0005215292262562985, -0.00013572552638581791, 0.00042417060188779603, -0.011409567032424099, 0.00017986837559575008, 0.016346352813489243, 0.00012144911713718725, 0.0012659287662699044, 0.0003035410452896178, 0.007815042925662648, -0.00017056501439488095, 0.040406622919496364, 0.0002855979294690007, -0.044655839559469196, -0.00022614748260516707, -0.0016246319521568261, -0.0026457836541237843]
grad_bf1
[-0.01993201141134044, -0.00047335027793992735, -0.07996347587094355, -0.001127005988358229, 0.08031352543023917, 0.00032333675597031567, 0.0014743389863972804, 0.006192467999882761]
grad_wf2
[-0.07460799294517587, -0.025173213149912648, 0.09773129533483044, -0.05502615197082342, 0.029266830255209174, 0.10820263937818973, -0.006241633110157235, -0.07415177379216004, 0.0031196702178306187, 0.0006211013784359148, -0.004455993701771209, 0.0032311468509751327, -0.0012556887927978187, -0.0047146411235331614, -0.00003968523973515916, 0.003494090410595679, -0.08909447537988298, -0.03337712908848801, 0.11386838279011682, -0.058561213491984954, 0.03470419514546322, 0.127750119294429, -0.00976426697369132, -0.08552561229596159, 0.002810744765072259, -0.00012521231266492496, -0.004601065773480344, 0.004387584784854233, -0.0011820047275377598, -0.004549694641880412, -0.0005129430134736548, 0.0037725909191106076, -0.0413237309942143, -0.01741668350993228, 0.05115699285028821, -0.022988515056481452, 0.015953272403362445, 0.05839953098244608, -0.005877706565962369, -0.03790316010950623, 0.00026479853448056143, 0.00013113227543578315, -0.0003110896030699611, 0.0001052075380954691, -0.00010078242847855765, -0.0003656091396808414, 0.000051271132840835084, 0.00022507169037671047, -0.09711998999231518, -0.02501702444623355, 0.1338575355428609, -0.08834211405209345, 0.03867118361427399, 0.14426906247193033, -0.0027233121664633018, -0.10359534097195963, 0.005317527778063092, 0.0014181119703954876, -0.007287567944022431, 0.004732624366439477, -0.002113751495451398, -0.00787771235685714, 0.00018281662408042864, 0.005627951057352476]
grad_bf2
[-0.03410493373747188, -0.008971095847062127, 0.04684650467519717, -0.03062136720432258, 0.013566120314422708, 0.050579912443575514, -0.0010859663227731791, -0.03620917432156559]
grad_ln1_s
[0.021210619035156683, 0.016344501980501535, 0.01805529284746233, 0.020636132483449813, -0.03207136005536173, -0.040339649331953796, -0.013495557628880741, 0.004357642154179219]
grad_ln1_o
[0.029482379611190476, -0.0371922983297469, -0.014902141887245635, 0.007910819580492098, 0.028619919397639172, -0.029238442853798403, 0.04175158281923197, -0.006613397731359628]
grad_ln2_s
[-0.12623551440437286, 0.022901389725102052, 0.021020942550433443, 0.05099828708296681, 0.006711483957228107, -0.010433646885548558, -0.03633314771588259, 0.00284105240128453]
grad_ln2_o
[-0.11079042293376526, -0.010280073873069596, 0.01536484980062885, -0.026539754661164594, 0.026652101244505753, 0.037976333746279664, -0.11968603858897621, -0.0030565254834005375]
grad_ln3_s
[-0.011080643843996693, -0.03991029486099573, 0.21812534050580665, 0.26100062564422416, 0.30433793018532496, 0.01796828592795181, 0.9867340842028034, 0.28349379262335955]
grad_ln3_o
[-0.18206144838444088, -0.09641116746096853, 0.2031395034680441, -0.33994453139269176, -0.40483723134049016, -0.04968060830352259, -0.5700498885561431, 0.1774236550394254]
grad_dk_scale
[0.008583775905997862, -0.0068131257067990695, 0.005896959047673624, -0.001064038205150929]
grad_target
[0.05807855643190979, 0.03742913365029573, -0.14560096527219135, 0.2298405804957504, 0.20052772928758084, 0.05829890032760169, 0.27522821386492374, -0.09687474302453208, 0.1239828919525311, 0.0589820338106728, -0.05753853819585276, 0.11010395089694139, 0.20430950205290932, -0.0086182920240791, 0.29482167469121945, -0.08054891201489331]
update_wq
[0.1999166399259684, -0.39994471031916595, 0.6998314940692842, -0.19994064882864943, -0.5999377696579733, 0.29989282385192706, -0.7997882014079326, 0.4998816898351266, -0.29995702012633896, 0.8999714924006826, -0.09991312063057145, -0.5000305999039989, 0.3999679136605664, -0.6999447410068794, 0.5998907989698858, -0.8999390000228107, 0.09982250949610195, -0.19988226348557783, -0.8003587596201696, 0.6001263462260854, -0.39986748162582736, 0.4997718062041056, -0.2995490559539545, 0.699748091982239, 0.00008427611893941671, -0.6000559056492595, 0.30017034301865503, -0.9000599882757038, 0.7999370750842362, -0.09989164977170206, -0.7002141148614126, 0.2001196113152451, 0.5000781578046063, -0.5000518367145848, 0.0001579943765810828, 0.399944348210426, -0.40005834350247854, -0.1998995112947882, 0.899801415790736, -0.7998890735597758, 0.19984146703890232, 0.10010514758885092, -0.7003204649117362, -0.29988712394448147, 0.6001183467478465, -0.500203826741579, 0.30040279756870725, -0.10022500032292533, -0.8998467905184236, 0.399898374889983, 0.5003096892079907, -0.6001090706441548, 0.09988561660733422, 0.8001969786327219, -0.4003892606082986, -0.29978255406689747, -0.2000453221788801, 0.7000300664459908, -0.8000916049602627, 0.30003225808973566, -0.899966158324924, -0.5000582681844213, 0.00011514524651453576, 0.5999356750146521]
update_bq
[0.09986994571146665, -0.09991373871885346, -0.00026289292782684213, 0.20009259496813775, -0.1999029099789324, 0.09983278947593925, -0.09966956359301916, -0.0001845818226003091]
update_wk
[-0.5000124851401792, 0.40000306132722185, -0.29997742877849887, 0.7999835179681392, -0.09998891530740028, -0.6999970019424425, 0.6000041994081248, -0.40002112694899894, 0.2999947241853253, -0.7999987063482867, -0.1999904622004252, 0.4999930353619257, -0.5999953161046687, 0.20000126689977266, -0.8999982253840715, 0.09999107243089271, -0.299772522630357, 0.5999442199436295, -0.7004112382603392, 0.0003002879364272574, 0.39979805100146537, -0.5000546258116164, 0.7999234798701218, -0.19961506956286773, 0.09985559508209703, -0.3999645877390637, 0.9002610533577747, -0.6001906159469387, -0.2998718107997203, 0.7000346783730281, -0.7999514181818981, 0.49975564181220805, 0.20005832220153832, -0.9000143035228875, 0.09989456822057022, -0.4999230188408973, 0.599948231801242, -0.20001400650119813, -0.000019624166672987085, -0.6999013084531175, -0.40005195085658435, 0.8000127419869641, -0.2999060879798355, 0.39993143260077224, -0.09995389127742228, 0.5000124769273293, -0.5999825171584393, -0.00008791029874368016, 0.6998943648179524, -0.1999740917954726, 0.30019095943374513, -0.8001394263311223, 0.9000937596461653, -0.39997463029573693, -0.4999644532110336, 0.0998212462507267, -0.5998962637993797, -0.000025438739013177526, -0.7001875336963111, 0.20013693434336124, 0.49990791113131816, -0.30002491168317214, 0.7999651011769539, -0.8998244604020206]
update_bk
[0.000000000000000000008673617379884034, 0.1, -0.1, 0.00000000000000000009134403303190374, 0.2, -0.2, 0.1, -0.1]
update_wv
[0.40025390453305837, -0.5989665185786309, 0.20061223079892634, -0.7985241317457265, 0.49903394648438115, -0.3022060304004606, 0.9001684226543892, -0.09928634825638173, -0.7000808281532397, 0.09956814111042306, -0.4002633451802597, 0.5994067032438319, -0.8995773341490757, 0.0008821502037646774, -0.5000716104283415, 0.2997160238387904, 0.7994559517196091, -0.199973270179326, -0.5998221666084134, 0.09952854828665036, 0.3995630349862934, -0.6991946412681863, 0.5000304075502322, -0.3002906091778703, -0.09958616281820734, 0.9002988219221302, -0.49992313801397786, 0.2007418258138768, -0.4000246168784456, 0.7988289254034436, -0.5999674071471931, 0.0003974431542285158, 0.29956247547245934, -0.8013709816229141, 0.6992177685249557, -0.10205118204699205, -0.49879410246763983, 0.6030845842925021, -0.20021852092202758, 0.39899655356781766, -0.8993959082124561, 0.5022128505095429, -0.298707489414996, 0.10321627614004933, -0.0020226918282282994, -0.6048189163139452, 0.8003574905101066, -0.6984376218279573, 0.20008224550611226, -0.4008020979776359, 0.8994429661545409, -0.8008870322876459, -0.2990415474731919, 0.7012750001350786, -0.10014378586666818, 0.599602727674431, -0.5003339299431209, -0.6003841719151826, 0.39984293110986824, -0.20077035340869093, 0.30017984238110157, -0.8988047069041993, 0.09994874149601968, -0.8003997740338468]
update_bv
[-0.0996867735736547, 0.001448067476448315, 0.10087011055546596, -0.09797134819374388, -0.0013851917743058413, 0.19697532976413004, -0.19976210894218643, 0.1009762178908964]
update_wo
[-0.3020248246604732, 0.49993200935937604, -0.6984604842954149, 0.0998011606457621, -0.8980760657820075, 0.40159907178278403, -0.20303567875727832, 0.6002648117072518, 0.002651421644228856, -0.39987052135964146, 0.7979681707609682, -0.5997593330744792, 0.19746666061112503, -0.5021009928757357, 0.9039858847206538, -0.10034129042711935, 0.6977292133672138, -0.2994449292817289, -0.09852158435731984, 0.4994690446060578, -0.7980629429796143, 0.6016828308085082, -0.4032349912289045, 0.20038335906578778, -0.9001142498935757, 0.299896490312997, -0.5998739568981571, 0.40003752003674875, -0.69985582338394, 0.10010752657750661, 0.7998015920797132, -0.4999990988312928, 0.20164410584828268, 0.599280676522235, -0.20094565767663905, -0.7994607763034712, 0.39870810115956157, -0.30116279670897583, -0.49774282811594495, 0.6996791752749513, -0.10217640747271643, -0.8987392000616394, 0.5011305442085343, -0.40086455579065294, 0.6016008746313095, 0.0014855276128716718, -0.7029044515268026, 0.3004676683990961, 0.8029162809043309, -0.20089943143043032, 0.09817465367169419, -0.49922710428683376, -0.6024225235838178, 0.8978714681678928, -0.2958954945558956, -0.4005178488869399, -0.8024736121130831, 0.4008098149248495, -0.8984701649886262, 0.699321546930913, -0.09796158859503248, 0.20179724049222963, 0.496531108392323, -0.5995543450435735]
update_bo
[0.10155682206323838, -0.00028166237306015743, -0.10105244687862618, 0.10031576026915764, -0.0013627078408064578, -0.10117100473678707, 0.20224446904106877, -0.20024922954418492]
update_wf1
[0.6010467204154076, -0.29996266013278844, 0.9042806994672359, -0.4999124102020357, 0.09567648298024438, -0.8000172412284244, 0.4001504615814664, -0.20034535006654935, -0.7000294229620058, 0.20003539868755635, -0.40102411301261254, 0.8000287678255622, -0.5985615335886346, 0.000016963127653522122, -0.8998189657359635, 0.5000132741394209, 0.30150154769402326, -0.09997339648122479, 0.506814631772274, -0.6998970718015379, 0.19281605893025472, -0.5000369563218069, 0.8000815062404514, -0.4004984696174611, -0.6017243482000714, 0.8999409812016619, -0.2071191401347094, -0.0001425204001150421, -0.2927797651352756, 0.7000295724046446, -0.8002378360958327, 0.10056956720613981, 0.39999709286764856, -0.6000289088440272, 0.30070478508591064, -0.900024763781548, 0.49896778950031556, -0.10001299584693944, -0.4001456571380428, 0.6999979651080414, -0.20009142715528752, 0.8000066139941977, -0.5006182181051513, 0.6000008281242482, -0.6992663394517235, -0.29999404255235157, 0.9000372403735638, -0.09996888678579277, 0.000044533622305091385, -0.40001825634113686, 0.7006693911637198, -0.20001355775829713, -0.800894101965955, 0.5999903532735573, -0.5000966362580526, 0.29998366899093964, 0.09954628426278922, -0.8999949118227593, -0.6023815112050755, 0.39998035482156696, -0.19735944064788935, 0.8000170744942513, -0.2999563823992078, 0.500151677280108]
update_bf1
[0.0010556486623381949, 0.10002562392848745, -0.09538288650542183, 0.00007811958710791936, 0.09520265457392903, -0.10002284347157799, 0.00009128555321493162, 0.09965042244173598]
update_wf2
[-0.39564855279560623, 0.701426704790085, -0.2057374439769208, 0.5031137061464714, -0.9020406291118802, 0.29332445543363966, -0.599275138613778, 0.1048368981279891, 0.7998197797938725, -0.5000321554414189, 0.00025340799862663975, -0.30017752767414513, 0.6000837643023821, -0.09971427147185977, 0.6999861590512505, -0.4002191565587079, -0.19489027574901047, 0.9019007519978844, -0.8066074265516168, 0.40325526353257973, -0.502399285922595, 0.09224192806302302, -0.6990191323347696, 0.6055181769645046, 0.2998344389724881, -0.5999855966556781, 0.20025832374750802, -0.10024187403445325, 0.8000759049970498, -0.39972223264914936, 0.5000132846214503, -0.9002322489992158, 0.10246413006704541, -0.2989733814886995, 0.5968787195769689, -0.6986313501134167, -0.2011631844659542, 0.8962933668114145, -0.49945670805236725, 0.4025884076650087, -0.8000147964919392, 0.49999242494122964, -0.0999820699474621, 0.2999942802603215, -0.5999930143114762, 0.00002173389393517996, -0.4000040523502316, 0.6999854940056226, 0.20570908229173945, -0.8986310368935336, 0.7921803311041303, -0.4950133422081073, 0.39733439903304035, -0.7089334247540146, -0.2993462159406843, 0.6067002073674297, -0.10031049752755976, 0.39992220943347667, -0.5995766022099634, 0.8997346619363643, -0.2998550052275657, 0.20048463928467702, -0.8000374207668006, 0.49963801507737166]
update_bf2
[-0.09800997707935642, 0.10049055492831972, -0.002718269219756974, -0.09828500726927972, 0.09907096383458902, -0.0031088424749819562, -0.09976498170057507, 0.10232555898104138]
update_ln1_s
[0.9982109393154613, 0.898699705890869, 1.0988165195204744, 0.7997352820193839, 1.0012843706234458, 1.2027157242112985, 0.9014791397633118, 1.099691084777531]
update_ln1_o
[-0.0025834444276110697, 0.1028298170824417, -0.099085262264459, -0.0011510877845200803, 0.09892300818952887, -0.09788335112359114, -0.0027363502586350355, 0.10067355498482897]
update_ln2_s
[0.9072042446553009, 0.9987109078844021, 1.0988184111964616, 0.797166731480005, 1.1995909338079247, 0.9006192635714045, 1.0021453560222375, 1.099740140590223]
update_ln2_o
[-0.09360571665852205, 0.0005887092113485323, 0.0991429339133353, -0.09853247841698551, -0.0018812093279706548, 0.09791821774463269, -0.09288217505272431, 0.000397942839925172]
update_ln3_s
[1.1006151749734905, 0.9023861963431938, 0.9859271173450843, 1.1836461244521572, 0.7821063226960624, 0.9990163514739359, 1.0391160378545292, 0.8830147546342167]
update_ln3_o
[0.11116908936186061, -0.09380644334686807, -0.012798959211704701, 0.12092405291509603, -0.07566965733766658, 0.0026237488224271155, 0.1351192137281113, -0.11071424575263701]
step_loss
1.484288767867447
intermediate_ln1
[0.6218346299268376, -0.33441359106720814, 1.6574774004152852, -0.8349247006949433, -0.5274176117746767, 1.1560223564596899, -1.318523399688657, 0.48283893289384927, 0.7751402599753159, -0.26961313596808795, -1.1373430296755698, 0.9401092481453922, -1.2455361359229922, 1.7961679917927675, -0.017680142972757468, -0.7925742084799269]
intermediate_scores
[2.447259177665248, 1.9404618237336435, -6.989276234514523, -1.2657000418026438]
intermediate_attn
[0.6240553998968851, 0.37594460010311503, 0.003257357916154641, 0.9967426420838452]
intermediate_context
[-0.7715598247944266, 0.9622383103624342, -1.6383613858452186, 0.08953433116729692, 1.5700678180361543, -2.477127531091389, 2.3317911194793073, -2.035383557999967, -2.1916767186580244, 2.9568024144675573, -1.1662045561757894, -0.31511569974951076, 0.18971496324790618, 0.35627977964415725, 1.1159686958877333, -0.8488117055121168]
intermediate_ln2
[1.1422664750780374, 0.3937567920751295, 1.2917365071911813, -1.8191275717241462, -0.3535384903037108, 0.0108696280335277, -0.1548956677789186, -0.2538987729820616, 0.6114727533431096, -1.1976806611666293, 1.735227887704261, -1.0695645557534588, 0.9229455299279516, -0.37908846246647276, 0.6937161887118548, -0.9612716458129628]
intermediate_ln3
[0.5412880774744768, 0.21303067952257237, 1.1472527955541765, -1.0224225659000508, -0.6043438403896125, -0.27447404826420313, -1.481914888066151, 1.273863085544602, 0.012852098699546663, 0.33830047120366713, 0.743948266724722, -0.2655829932010426, -0.7323315985235861, 0.2613121663689151, -1.8336342252590772, 1.3416479601301718]
grad_input
[-0.006736534772752833, -0.002001846878366109, 0.013790114670668294, -0.018262034370529107, 0.023751229275820546, 0.0010489017343301016, -0.016721007398088975, 0.0051311777389180975, 0.013096674096907204, -0.03738707612717872, -0.017806133790940024, 0.014737287173996208, 0.03456738427375299, -0.02255177967798606, 0.024197339250485648, -0.008853695199037245]
grad_wq
[-0.0009732371071414003, 0.0006443643077256981, -0.001967855728641073, 0.0006937681412051867, 0.0007256325736551594, -0.0012513136575317602, 0.002473400150045106, -0.0013812963083045249, 0.00055847521494482, -0.00036975726944574427, 0.0011292198406421287, -0.00039810680145505647, -0.00041639165273231834, 0.0007180446149510685, -0.0014193177287477785, 0.0007926329021184529, -0.003357374866083401, 0.002222862769498962, -0.006788509516271326, 0.0023932911138305813, 0.002503213807739954, -0.004316655204119385, 0.008532485492583928, -0.004765056196569391, 0.0017787043269125078, -0.0011776509278670188, 0.0035964858651499156, -0.0012679421957720594, -0.0013261781625857878, 0.002286921656238375, -0.004520427259492156, 0.0025244801110656453, 0.0006853474026380609, -0.00045375726162927483, 0.0013857515321748237, -0.0004885471280524546, -0.0005109858594323838, 0.0008811671470211702, -0.0017417527096731632, 0.0009727001058874638, -0.0017246820319192357, 0.0011418836534180007, -0.003487254433367485, 0.0012294326209663837, 0.0012858998617862388, -0.0022174639310445212, 0.004383134146065148, -0.0024478073289729866, 0.002451014284185679, -0.0016227763109998667, 0.0049558760806837215, -0.0017471956335505883, -0.0018274434770814904, 0.0031513262555466575, -0.0062290463996732565, 0.0034786764268488262, -0.001087932904325545, 0.0007203025116939853, -0.0021997671301728274, 0.0007755285770050629, 0.0008111482264056133, -0.0013987807202083585, 0.002764889859883706, -0.0015440818002118784]
grad_bq
[-0.0016238454960794085, 0.0010751214388115993, -0.003283366035306337, 0.001157551703642294, 0.0012107174889779912, -0.0020878160440612778, 0.004126866581823969, -0.002304692014446108]
grad_wk
[-0.00019554555743205048, 0.000024781642025533695, 0.0003973382947078086, -0.0003453242958127551, 0.0002616313746779341, 0.00003641300889969262, 0.000010471728309394756, -0.00032566826086491787, -0.00008265476688758375, 0.000010474903503874149, 0.00016795014193046124, -0.0001459644470876853, 0.00011058845093935357, 0.000015391343080373642, 0.0000044262742334293994, -0.00013765607635360519, 0.003564870505746201, -0.00045177883814355186, -0.007243629495901798, 0.006295394348134139, -0.0047696402987385585, -0.0006638231170099293, -0.00019090362309723833, 0.005937057292740726, -0.002264104735599559, 0.0002869317707994484, 0.004600541820008403, -0.003998302920990299, 0.0030292727800557283, 0.00042160439219321357, 0.00012124586191864976, -0.003770717480579694, 0.0009159799745284571, -0.00011608286135167937, -0.00186122316377404, 0.001617577733989375, -0.0012255410097803663, -0.00017056683569011689, -0.00004905196290864924, 0.0015255043848052222, -0.000816523405300402, 0.0001034786522452987, 0.0016591326426007497, -0.001441942090901112, 0.0010924724846264294, 0.0001520467885563819, 0.00004372592950130624, -0.0013598660120523807, -0.0016592614353812462, 0.0002102795044713778, 0.0033715320248986465, -0.0029301779813708934, 0.0022200189868272924, 0.0003089750654879933, 0.00008885568751213276, -0.002763390757003564, 0.0016268246222089645, -0.00020616876167036129, -0.003305622125431312, 0.002872896088525945, -0.002176619954234161, -0.00030293492843639914, -0.00008711865242310668, 0.0027093693786989816]
grad_bk
[0.0000000000000000010842021724855044, 0.00000000000000000008131516293641283, -0.0000000000000000030357660829594124, 0.000000000000000003469446951953614, -0.0000000000000000026020852139652106, -0.00000000000000000016263032587282567, 0.0000000000000000004607859233063394, 0.000000000000000002168404344971009]
grad_wv
[-0.0009088030970926821, -0.017721115422109756, -0.008436436060858397, -0.023615783456514616, 0.01623588594810331, 0.03677756288553679, -0.0016892521516739293, -0.012572865894475828, -0.00014197227885577872, 0.007479125413791607, 0.0035994593966363776, 0.00943825789551947, -0.007113982609248701, -0.014670240470408472, 0.000662854803506404, 0.004991272324383156, 0.01129927765511716, -0.002613188856852723, -0.0020902550481607185, 0.008019600368015013, 0.008087494010493917, -0.013103537688335696, 0.0008405871414636508, 0.0050002505241280425, -0.0072646437654476995, -0.0037983896509228184, -0.0012850328590920052, -0.012174220266759891, -0.00004045885894928686, 0.01933917860239333, -0.0010358938265859485, -0.00693328134002394, 0.00328983908210365, 0.023222087230296222, 0.010899920501832883, 0.03305811737600009, -0.0202306333050359, -0.05159517783948856, 0.002413673259489738, 0.01773403118118848, -0.0032107290428280734, -0.037891343623254775, -0.017945001465395023, -0.05177048475126849, 0.03408444561728388, 0.08069182887607965, -0.00373276964793568, -0.02764322210601016, -0.005037412096388191, 0.01492767810007344, 0.007536062403143403, 0.014055305583466347, -0.016566209976648198, -0.021576920346967964, 0.0008698998670898558, 0.007112085490846637, 0.005267327878393879, 0.005663712530496206, 0.002327956963019051, 0.012554456015041914, -0.0027107470896642095, -0.019818863636101563, 0.001014226346160577, 0.007001958670559862]
grad_bv
[-0.00040546776762471993, -0.02506402223508955, -0.011997274514339233, -0.03251600386977212, 0.023401532256052276, 0.050590858873164654, -0.002305346928042498, -0.017255043661458313]
grad_wo
[0.035023780855290364, 0.001546172603764261, -0.026884442667775375, 0.004227237495463398, -0.028938741066545228, -0.027799997553775088, 0.04999810783922293, -0.007172117505645276, -0.04584659319123534, -0.002774135311256691, 0.035494525328851514, -0.005184821828784157, 0.038241701936227515, 0.03643817608596382, -0.06564561255488692, 0.009276759535120277, 0.04054942654989547, -0.009916887938421808, -0.026406271571667424, 0.010335680231232068, -0.027878407379818608, -0.031442956781045604, 0.05480524522445766, -0.010045828334631772, 0.0014578552271852277, 0.0019757934584875934, -0.0018896540047123578, -0.0007124943982274553, -0.002123132200923403, -0.0012784792268806698, 0.0025841983612405186, -0.000014087216169453786, -0.02986117396612671, 0.013015310914436603, 0.017143005144334835, -0.010266504690382431, 0.017784898724719105, 0.022792496044488183, -0.03885601005531241, 0.00824797788384284, 0.0407549965737411, -0.023015798400173773, -0.02127957224345326, 0.016453201850543473, -0.021749045946477887, -0.030774209711903436, 0.05164901797206507, -0.0120385900943413, -0.052438102068513764, 0.016172428708969715, 0.032798565655252604, -0.014922181323499973, 0.034443139236022664, 0.04044922243645954, -0.06999246910667885, 0.013489396461988082, 0.04455730940532973, -0.014590887114258794, -0.02752708624417573, 0.013074173785281367, -0.028858779974318, -0.03431632754289758, 0.05925004602723228, -0.011588448342193294]
grad_bo
[-0.027544664373079567, 0.0049622047888225745, 0.01865268517924095, -0.00619622039878188, 0.01979003161440911, 0.021471367666811667, -0.03769536901761858, 0.0065599645401957386]
grad_wf1
[-0.021704855389531298, -0.0007971413573272575, -0.07724871330270301, -0.0012817998871203046, 0.07332044962004074, 0.00024650818040876144, 0.0020426133965844506, 0.0064018934454364886, -0.0022735650592156176, -0.0009317894792406906, 0.01340856745464451, -0.00043822367909551984, -0.02349991658093747, -0.0001652273785822008, -0.0018424995133388175, 0.00004509014708692382, -0.028404724383456738, -0.0004145792086277389, -0.11702667831293836, -0.0014522202149672254, 0.11905909245992438, 0.00046417710670017373, 0.004197067644275882, 0.0088415623550332, 0.034920385413512445, 0.0012248273930417384, 0.1257452216597809, 0.00204158982112287, -0.12008324672776433, -0.0004095895867422092, -0.003426121551466671, -0.010342368473964617, 0.0026049258663139708, 0.0007655250346798412, -0.00770673883675127, 0.00039385658065688563, 0.015821940332413454, 0.00012127769071856039, 0.0013787476154861317, -0.00027439758141506, 0.0012168273132197043, -0.0001871320350644761, 0.01020638414068405, -0.000011204732696800118, -0.01263148317747504, -0.0000660299537434854, -0.0006765064930876557, -0.0005298440446281149, 0.00007130636894407162, 0.0004703697938299781, -0.011601588043026438, 0.00017181399261702424, 0.01695201860443351, 0.00010453543567294572, 0.0011272322317756201, 0.00032387324359690016, 0.00787659921882026, -0.0002078157599091466, 0.04063233613603612, 0.00028704233219244667, -0.04487915655971749, -0.0002014107990553704, -0.0019463354356690904, -0.00268976232124686]
grad_bf1
[-0.0207199497368859, -0.00048109919923117607, -0.08083682401447263, -0.0011233532884912367, 0.08028042308677165, 0.00029835372336231445, 0.0026283989300280395, 0.0063177610523529465]
grad_wf2
[-0.07541960326114135, -0.025561859424961652, 0.09855111714200133, -0.05614404569415196, 0.027492825403527113, 0.1069305136485977, -0.0041200148248483935, -0.07172893298902278, 0.0031470321119419433, 0.0006502573289411426, -0.004521295221930477, 0.003308241512321861, -0.0011945545521846862, -0.004659153233816014, -0.00013896015509622177, 0.003408432209822452, -0.09066925755829289, -0.03387606852675766, 0.1153874443864602, -0.06020160559299185, 0.03269397954292281, 0.12706122518216037, -0.00730177778266777, -0.08309393965083317, 0.002806017714808117, -0.00008307026921614199, -0.004682597264771436, 0.004486906571470442, -0.0011405141923927736, -0.004468340199613211, -0.0006188297270410925, 0.0037004273667560943, -0.041455682031532645, -0.017421875133570987, 0.0508581220674596, -0.023042542934917403, 0.014728405047150585, 0.057178895649827075, -0.0047818575007995655, -0.03606346516361666, 0.00027159665058231223, 0.00013255554065690604, -0.00031510364124928675, 0.00010825685348645126, -0.00009439817155271722, -0.00036588185210727035, 0.00004507876170847317, 0.00021789585847513165, -0.0977282446439392, -0.02567653694916604, 0.1350175941210987, -0.09001879585804462, 0.036472068232917515, 0.1420878574623186, 0.00022112343869369264, -0.10037506580387859, 0.005361768800989236, 0.0014557855457707361, -0.007361373745692406, 0.0048296528322433, -0.0019956520388762205, -0.007773218160361301, 0.00002301028474340828, 0.005460026481183244]
grad_bf2
[-0.03440310938102027, -0.00921848531169446, 0.0473535511906204, -0.03127264257418281, 0.012818768916542269, 0.04993384918242985, -0.000056269238837626176, -0.035155662783857344]
grad_ln1_s
[0.018579922933459322, 0.014757547936679482, 0.01758283095196872, 0.02564074182215076, -0.03533860272552723, -0.0389153495231071, -0.010190790984194602, 0.0041532489872295845]
grad_ln1_o
[0.02534648376056957, -0.0342263350340532, -0.014776651733993892, 0.004527633993026666, 0.03191122282490169, -0.027457471156829102, 0.0406227534558874, -0.005259991979043003]
grad_ln2_s
[-0.12807367245094559, 0.023305017806512687, 0.021633365224425313, 0.05231804787027031, 0.0067779715918002475, -0.010472985459192686, -0.03659627491818266, 0.0022931832738989602]
grad_ln2_o
[-0.11202177552868335, -0.01055023393846283, 0.01587434452164589, -0.0272584883919, 0.0249207321324724, 0.038996400305627524, -0.11981628220943316, -0.0017739585649662343]
grad_ln3_s
[-0.011385371022139736, -0.03983277900443232, 0.21132764387725744, 0.25537770059489634, 0.3068740703117111, 0.018435191354203694, 0.9771022787194314, 0.2835992436753839]
grad_ln3_o
[-0.180732477978237, -0.09358360615919863, 0.19890013278486163, -0.3360006948876604, -0.40458442986415616, -0.05164523523692342, -0.5644436391656515, 0.17693888070935235]
grad_dk_scale
[0.01632141628773524, -0.012941451197592223, 0.005964216168880785, -0.0010800701533292415]
grad_target
[0.05733899031567677, 0.035871165059660724, -0.14340659944426834, 0.22780282073752345, 0.2005429800487073, 0.05930925603304025, 0.27273936100826357, -0.09673288569307809, 0.12339348766256024, 0.0577124410995379, -0.055493533340593294, 0.1081978741501369, 0.20404144981544886, -0.007664020796116826, 0.291704278157388, -0.08020599501627426]
update_wq
[0.1999263722970398, -0.39995115396224323, 0.6998511726265707, -0.19994758651006148, -0.5999450259837098, 0.29990533698850236, -0.7998129354094331, 0.49989550279820966, -0.2999626048784884, 0.8999751899733771, -0.09992441282897788, -0.5000266188359843, 0.3999720775770937, -0.699951921453029, 0.5999049921471733, -0.8999469263518318, 0.09985608324476279, -0.19990449211327282, -0.8002908745250068, 0.6001024133149471, -0.3998925137639048, 0.4998149727561468, -0.29963438080888033, 0.6997957425442046, 0.00006648907567029163, -0.6000441291399808, 0.30013437816000355, -0.9000473088537461, 0.799950336865862, -0.09991451898826445, -0.7001689105888177, 0.20009436651413445, 0.5000713043305799, -0.5000472991419684, 0.00014413686125933458, 0.39994923368170654, -0.40005323364388423, -0.1999083229662584, 0.8998188333178327, -0.7998988005608346, 0.19985871385922152, 0.10009372875231674, -0.7002855923674025, -0.2998994182706911, 0.6001054877492286, -0.5001816521022686, 0.3003589662272466, -0.1002005222496356, -0.8998713006612655, 0.399914602653093, 0.5002601304471839, -0.6000915986878192, 0.09990389104210504, 0.8001654653701664, -0.40032697014430185, -0.29981734083116596, -0.20003444284983685, 0.7000228634208738, -0.8000696072889609, 0.3000245028039656, -0.8999742698071881, -0.5000442803772193, 0.0000874963479156987, 0.5999511158326541]
update_bq
[0.09988618416642744, -0.09992448993324159, -0.00023005926747377876, 0.20008101945110132, -0.19991501715382218, 0.09985366763637986, -0.09971083225883741, -0.00016153490245584802]
update_wk
[-0.5000105296846048, 0.4000028135108016, -0.2999814021614459, 0.7999869712110973, -0.09999153162114706, -0.6999973660725315, 0.6000040946908417, -0.4000178702663903, 0.29999555073299417, -0.7999988110973217, -0.1999921417018445, 0.4999944950063966, -0.5999964219891781, 0.20000111298634185, -0.8999982696468138, 0.09999244899165624, -0.29980817133541443, 0.5999487377320109, -0.7003388019653802, 0.00023733399294591603, 0.3998457474044528, -0.5000479875804463, 0.7999253889063528, -0.19967444013579513, 0.09987823612945303, -0.39996745705677167, 0.9002150479395746, -0.6001506329177287, -0.2999021035275209, 0.7000304623291062, -0.7999526306405172, 0.49979334898701383, 0.20004916240179305, -0.9000131426942739, 0.09991318045220796, -0.49993919461823716, 0.5999604872113398, -0.20001230083284124, -0.000019133647043900594, -0.6999165634969655, -0.40004378562253134, 0.8000117072004417, -0.2999226793062615, 0.39994585202168126, -0.09996481600226854, 0.5000109564594437, -0.5999829544177343, -0.00007431163862315635, 0.6999109574323062, -0.1999761945905173, 0.30015724411349615, -0.8001101245513086, 0.900071559456297, -0.3999777200463918, -0.49996534176790874, 0.09984888015829674, -0.5999125320456018, -0.000023377051396473913, -0.7001544774750569, 0.20010820538247598, 0.4999296773308605, -0.30002188233388777, 0.7999659723634781, -0.8998515540958075]
update_bk
[-0.0000000000000000000021684043449710108, 0.1, -0.1, 0.0000000000000000000566495635123676, 0.2, -0.2, 0.1, -0.1]
update_wv
[0.4002629925640293, -0.5987893074244098, 0.20069659515953492, -0.7982879739111614, 0.49887158762490014, -0.302573806029316, 0.9001853151759059, -0.09916061959743698, -0.7000794084304511, 0.09949334985628515, -0.40029933977422605, 0.5993123206648767, -0.8995061943229832, 0.0010288526084687622, -0.5000782389763765, 0.2996661111155466, 0.799342958943058, -0.19994713829075747, -0.5998012640579318, 0.09944835228297022, 0.3994821600461885, -0.699063605891303, 0.5000220016788176, -0.3003406116831116, -0.09951351638055286, 0.9003368058186394, -0.4999102876853869, 0.2008635680165444, -0.4000242122898561, 0.7986355336174197, -0.5999570482089273, 0.0004667759676287552, 0.2995295770816383, -0.8016032024952171, 0.6991087693199374, -0.10238176322075206, -0.4985917961345895, 0.603600536070897, -0.20024265765462249, 0.3988192132560058, -0.8993638009220278, 0.5025917639457754, -0.298528039400342, 0.10373398098756201, -0.0023635362844011383, -0.605625834602706, 0.800394818206586, -0.6981611896068972, 0.20013261962707612, -0.4009513747586366, 0.8993676055305094, -0.8010275853434806, -0.2988758853734254, 0.7014907693385483, -0.10015248486533908, 0.5995316068195226, -0.5003866032219048, -0.6004408090404876, 0.3998196515402381, -0.20089589796884136, 0.3002069498519982, -0.8986065182678383, 0.09993859923255807, -0.8004697936205524]
update_bv
[-0.09968271889597845, 0.0016987076987992106, 0.10099008330060935, -0.09764618815504617, -0.001619207096866364, 0.1964694211753984, -0.19973905547290602, 0.10114876832751099]
update_wo
[-0.3023750624690261, 0.49991654763333837, -0.6981916398687371, 0.09975888827080746, -0.8977866783713421, 0.40187707175832177, -0.20353565983567054, 0.6003365328823083, 0.00310988757614121, -0.3998427800065289, 0.7976132255076797, -0.5997074848561913, 0.19708424359176274, -0.5024653746365954, 0.9046423408462027, -0.10043405802247056, 0.6973237191017149, -0.2993457604023447, -0.09825752164160316, 0.49936568780374546, -0.7977841589058161, 0.6019972603763186, -0.4037830436811491, 0.2004838173491341, -0.9001288284458475, 0.2998767323784121, -0.59985506035811, 0.400044644980731, -0.6998345920619308, 0.10012031136977542, 0.7997757500961008, -0.4999989579591311, 0.20194271758794397, 0.5991505234130907, -0.2011170877280824, -0.7993581112565674, 0.39853025217231436, -0.3013907216694207, -0.49735426801539184, 0.6995966954961128, -0.10258395743845385, -0.8985090420776377, 0.5013433399309688, -0.40102908780915836, 0.6018183650907742, 0.001793269709990706, -0.7034209417065233, 0.30058805430003954, 0.803440661925016, -0.20106115571752, 0.09784666801514166, -0.49907788247359874, -0.6027669549761779, 0.8974669759435282, -0.2951955698648288, -0.4006527428515598, -0.8029191852071363, 0.4009557237959921, -0.8981948941261845, 0.6991908051930602, -0.0976730007952893, 0.2021404037676586, 0.4959386079320507, -0.5994384605601516]
update_bo
[0.10183226870696917, -0.0003312844209483832, -0.10123897373041858, 0.10037772247314547, -0.001560608156950549, -0.10138571841345519, 0.20262142273124495, -0.20031482918958687]
update_wf1
[0.6012637689693029, -0.29995468871921516, 0.9050531866002629, -0.4998995922031645, 0.09494327848404398, -0.8000197063102286, 0.40013003544750053, -0.20040936900100373, -0.7000066873114136, 0.20004471658234876, -0.40115819868715896, 0.8000331500623532, -0.5983265344228252, 0.00001861540143934413, -0.8998005407408302, 0.50001282323795, 0.30178559493785784, -0.0999692506891385, 0.5079848985554034, -0.6998825495993882, 0.19162546800565547, -0.5000415980928739, 0.8000395355640086, -0.40058688524101144, -0.6020735520542065, 0.8999287329277315, -0.2083765923513072, -0.0001629362983262708, -0.29157893266799795, 0.7000336683005121, -0.800203574880318, 0.10067299089087946, 0.39997104360898544, -0.600036564094374, 0.30078185247427813, -0.9000287023473547, 0.49880957009699145, -0.10001420862384663, -0.40015944461419767, 0.7000007090838555, -0.2001035954284197, 0.8000084853145484, -0.5007202819465582, 0.6000009401715751, -0.6991400246199487, -0.29999338225281413, 0.9000440054384947, -0.0999635883453465, 0.00004382055861565067, -0.40002296003907517, 0.7007854070441502, -0.2000152758982233, -0.8010636221519993, 0.5999893079192006, -0.5001079085803704, 0.2999804302585037, 0.09946751827060102, -0.8999928336651601, -0.6027878345664359, 0.39997748439824504, -0.19691064908229217, 0.8000190886022418, -0.2999369190448511, 0.5001785749033205]
update_bf1
[0.001262848159707054, 0.10003043492047976, -0.0945745182652771, 0.00008935311999283172, 0.09439985034306131, -0.1000258270088116, 0.00006500156391465122, 0.09958724483121245]
update_wf2
[-0.39489435676299484, 0.7016823233843346, -0.2067229551483408, 0.503675146603413, -0.9023155573659155, 0.2922551502971537, -0.5992339384655295, 0.10555418745787933, 0.7997883094727531, -0.5000386580147083, 0.0002986209508459445, -0.30021061008926836, 0.600095709847904, -0.09966767993952161, 0.6999875486528014, -0.4002532408808061, -0.19398358317342754, 0.9022395126831521, -0.8077613009954814, 0.40385727958850964, -0.5027262257180242, 0.09097131581120141, -0.698946114556943, 0.606349116361013, 0.29980637879534006, -0.5999847659529859, 0.20030514972015573, -0.10028674310016795, 0.8000873101389737, -0.3996775492471532, 0.5000194729187207, -0.9002692532728834, 0.10287868688736074, -0.2987991627373638, 0.5963701383562944, -0.6984009246840676, -0.2013104685164257, 0.8957215778549162, -0.49940888947735923, 0.40294904231664486, -0.800017512458445, 0.4999910993858231, -0.09997891891104961, 0.2999931976917866, -0.5999920703297607, 0.000025392712456252662, -0.4000045031378487, 0.6999833150470378, 0.20668636473817883, -0.8983742715240419, 0.7908301551629193, -0.49411315424952684, 0.3969696783507112, -0.7103543033286377, -0.2993484271750712, 0.6077039580254685, -0.10036411521556965, 0.39990765157801894, -0.5995029884725065, 0.8996863654080419, -0.2998350487071769, 0.20056237146628064, -0.8000376508696481, 0.4995834148125598]
update_bf2
[-0.09766594598554622, 0.10058273978143667, -0.0031918047316631783, -0.09797228084353789, 0.0989427761454236, -0.0036081809668062547, -0.0997644190081867, 0.10267711560887996]
update_ln1_s
[0.9980251400861267, 0.8985521304115022, 1.0986406912109548, 0.7994788746011624, 1.001637756650701, 1.2031048777065296, 0.9015810476731538, 1.0996495522876586]
update_ln1_o
[-0.0028369092652167655, 0.10317208043278223, -0.09893749574711906, -0.0011963641244503468, 0.09860389596127986, -0.09760877641202285, -0.0031425777931939096, 0.10072615490461939]
update_ln2_s
[0.9084849813798104, 0.998477857706337, 1.0986020775442173, 0.7966435510013024, 1.1995231540920066, 0.9007239934259965, 1.0025113187714194, 1.099717208757484]
update_ln2_o
[-0.09248549890323521, 0.0006942115507331606, 0.09898419046811884, -0.09825989353306651, -0.0021304166492953787, 0.09752825374157642, -0.09168401223062998, 0.00041568242557483433]
update_ln3_s
[1.100729028683712, 0.9027845241332382, 0.9838138409063117, 1.1810923474462083, 0.7790375819929453, 0.9988319995603938, 1.029345015067335, 0.8801787621974629]
update_ln3_o
[0.11297641414164299, -0.09287060728527607, -0.014787960539553318, 0.12428405986397263, -0.07162381303902501, 0.0031402011747963497, 0.14076365011976782, -0.11248363455973054]
step_loss
1.4606877132806497
intermediate_ln1
[0.6214649407598559, -0.333999527976493, 1.6573440886651825, -0.8347026564048173, -0.5279577801083556, 1.1567026478164915, -1.3190783706628475, 0.4828770994151087, 0.7747420356893591, -0.26920971376015246, -1.1370291252226907, 0.9397621892806237, -1.246329751788454, 1.7970554101592455, -0.018088059831687184, -0.7924878729009108]
intermediate_scores
[2.449012655876691, 1.9421552574894039, -6.986670175986728, -1.2696689971624133]
intermediate_attn
[0.6240694868371739, 0.3759305131628261, 0.003278775199904581, 0.9967212248000955]
intermediate_context
[-0.7729821225209521, 0.9647607010102123, -1.6391360417143, 0.09217934429650974, 1.568842226653139, -2.4807440496458315, 2.3321817944036076, -2.035569959018921, -2.1926002738542802, 2.9592625693770778, -1.1669679728109437, -0.3119177919868193, 0.18882969817298603, 0.3510203490695204, 1.1168940730504895, -0.8488575855098637]
intermediate_ln2
[1.1464638523648598, 0.39378808168745233, 1.2899875055556191, -1.8170509603016693, -0.3566955319074636, 0.008425030937022876, -0.14760171466480065, -0.25661401713542026, 0.6141022517575173, -1.1960506550286585, 1.7329630142426338, -1.0679820352565863, 0.9194379917806238, -0.3807149080007748, 0.7002929229732365, -0.9635734910127315]
intermediate_ln3
[0.5463186538992114, 0.22570391572267212, 1.1292888106093706, -1.0050202763173752, -0.6045637727135769, -0.28148461064597496, -1.4630670655361961, 1.2727878354312194, 0.017611928638689975, 0.3485402521345435, 0.7275400694695162, -0.2502882355236976, -0.7300728555408845, 0.2537741361582462, -1.8089799730434788, 1.3386970192433658]
grad_input
[-0.012117800729353529, 0.003518493526453774, 0.012782709319274868, -0.02177144880098813, 0.025360312452135235, 0.0045016838315012474, -0.018508301552854853, 0.006234351953831393, 0.012960357163312149, -0.03987616676266685, -0.01802822112629038, 0.015763082432340154, 0.03551631606946285, -0.02314914072810612, 0.025366033453780787, -0.008552260501832599]
grad_wq
[-0.0014391860944357555, 0.0009523441040880139, -0.0029092200179126103, 0.001025450176037268, 0.0010730064486530182, -0.0018500720590815117, 0.003657234401868475, -0.002042719964495893, 0.0008089197298570011, -0.0005352816695410149, 0.0016351780218576168, -0.0005763722166222679, -0.0006031020518715588, 0.0010398653767113694, -0.0020556125964676197, 0.0011481465032507528, -0.004609541757319982, 0.0030502448099682866, -0.009317885439309306, 0.0032843948567666753, 0.003436711937436309, -0.005925560595227016, 0.011713686476611819, -0.006542588905812505, 0.0024099616557339974, -0.0015947296758841187, 0.004871578955890288, -0.0017171480558838955, -0.001796782506172633, 0.0030980029198234517, -0.006124152191721804, 0.0034205977995969057, 0.0010809857989517021, -0.0007153143406642875, 0.002185141683586446, -0.0007702249779333813, -0.0008059449279436391, 0.001389605993718642, -0.002746982108250159, 0.00153430559216243, -0.002593170519958417, 0.0017159633942582452, -0.005241923623144514, 0.0018476882013153133, 0.0019333765807841405, -0.003333517702788715, 0.00658971933662359, -0.0036806367244244624, 0.003446414559842334, -0.002280575527375241, 0.006966700321996728, -0.002455642415356513, -0.002569525276640694, 0.004430361928750994, -0.008757968090497295, 0.004891695281477389, -0.0014540986661837987, 0.0009622121120099555, -0.0029393648007281854, 0.0010360756951298458, 0.0010841247367698317, -0.0018692421528079353, 0.0036951299670272327, -0.0020638862390655794]
grad_bq
[-0.0023751985785041636, 0.0015717261103495512, -0.004801307682041633, 0.0016923786366942893, 0.0017708643805133828, -0.003053315024269667, 0.006035812871010401, -0.0033712565558486254]
grad_wk
[-0.0002755843854964986, 0.00003956821081942024, 0.000550932490153071, -0.0004681210836375413, 0.00034979378613048486, 0.00005394246497347256, 0.00002614361049269181, -0.00045984916524831527, -0.00011648877573951195, 0.00001672537588896046, 0.00023287767620588787, -0.0001978735182421431, 0.00014785688904042367, 0.0000228013343129382, 0.000011050833573961176, -0.00019437700067115532, 0.00502414026930398, -0.0007213625002882582, -0.010043972935763928, 0.008534249801476788, -0.006377041441169776, -0.0009834175111571616, -0.0004766204951150842, 0.008383445617818702, -0.0031903971321241686, 0.0004580749598498786, 0.006378058878088063, -0.005419364235870505, 0.004049507703765517, 0.0006244834417632908, 0.00030266047108939997, -0.005323601536330722, 0.0012915961022384693, -0.00018544645326998144, -0.0025820848144071703, 0.002193968159381004, -0.0016393972755002553, -0.00025281504022570036, -0.00012252865977862104, 0.002155199716349255, -0.001151321549983618, 0.0001653059324410531, 0.002301655978645521, -0.0019556909605839535, 0.0014613495728244205, 0.00022535791449615505, 0.00010922136281555012, -0.0019211329870468647, -0.002339114109073144, 0.0003358483465300026, 0.004676222705949441, -0.003973333356744547, 0.002968991073024089, 0.0004578546083817815, 0.00022190258731601196, -0.0039031226988421232, 0.0022930410596648867, -0.00032923321073849177, -0.004584116109294097, 0.003895071427003416, -0.002910511466633994, -0.0004488363403494748, -0.00021753181770303232, 0.0038262436939860934]
grad_bk
[0.0, 0.00000000000000000032526065174565133, -0.0000000000000000013010426069826053, 0.000000000000000002168404344971009, -0.000000000000000001734723475976807, 0.00000000000000000010842021724855044, 0.000000000000000000975781955236954, 0.0000000000000000004336808689942018]
grad_wv
[-0.0001522325587755063, -0.01774563017290929, -0.007989771277205151, -0.023368683179427748, 0.016196977828073233, 0.036782678462627755, -0.0014425637098789313, -0.012767344075670366, -0.00047840147865796834, 0.007502980250793469, 0.003397127902478937, 0.009325171242558342, -0.0070950392854580895, -0.014662365648029339, 0.0005422798376497346, 0.005067619709243162, 0.011787338810040734, -0.0030492894090229997, -0.001786342346225312, 0.008070260968893565, 0.008155744669099055, -0.013042301527429728, 0.00122446841326596, 0.004999706428256976, -0.007334031320297585, -0.003538641256907591, -0.0013376287727100492, -0.012131941233853066, -0.00009175355745848386, 0.019305814541387214, -0.0011979375908054452, -0.0069933321172932226, 0.0023682534740899893, 0.02320538227487972, 0.010372049152791891, 0.03277764525908146, -0.020193754409154233, -0.051654888062081905, 0.0021567449390213597, 0.018016315019880647, -0.0016349635751834188, -0.03793697601185893, -0.01703486979397259, -0.05129775503040693, 0.03403068995378824, 0.08078112360670744, -0.0032471514046031975, -0.028091693814302713, -0.005867781525765091, 0.015185759984383299, 0.007047130743986785, 0.013861368967493527, -0.016588312852600436, -0.0216455990051026, 0.00048691472444107345, 0.007273230698847829, 0.005189981065907836, 0.005486613268843915, 0.0022903009601624026, 0.012486603726576784, -0.0026688950271986185, -0.019801947199422226, 0.0010869889590454267, 0.007079081707619259]
grad_bv
[0.0006939154957940679, -0.025145356957775672, -0.011353249396230513, -0.03218256675200269, 0.023364616194247567, 0.05062972367197744, -0.0019307270724168784, -0.017537285072594066]
grad_wo
[0.03534112012755147, 0.0016731060782371188, -0.027224334622586492, 0.004447665893121652, -0.028158468948339586, -0.028016457767061746, 0.049801529287842, -0.007864160048764399, -0.046271600594499696, -0.002950601669099457, 0.03594995629477264, -0.0054728470759072435, 0.03725413564766873, 0.03670961544675817, -0.06540092537787481, 0.01018226732818163, 0.04112508509154661, -0.009939610146694339, -0.02690135161694011, 0.010655928560573054, -0.02671950824360679, -0.032162409614884827, 0.054878497091587694, -0.010936631121581296, 0.0013534105602313392, 0.0020211643857749586, -0.0018293499814181994, -0.00073200156390534, -0.002074038033578576, -0.0011452296907709953, 0.0024132428677697683, -0.000007198544102953266, -0.03034919543600328, 0.013107777225455758, 0.017531798720232288, -0.010525281172539532, 0.01678139062638731, 0.023521665171586287, -0.03900616585317063, 0.008938010718051791, 0.04168187358009864, -0.02324265341517259, -0.02197166585486118, 0.01687159341924206, -0.02038165814600205, -0.0321112300309167, 0.052216408350377205, -0.013062667902765389, -0.05323576882644263, 0.016247049152430852, 0.033464413598689555, -0.015352473469350725, 0.032868172694627475, 0.041508810418435196, -0.07016524803352693, 0.014665044465137216, 0.04524172816822405, -0.014668653608629558, -0.028093040339641315, 0.013444211991901508, -0.02749439004301958, -0.03524389601327265, 0.05940631057260134, -0.012592270728163782]
grad_bo
[-0.027886687998796053, 0.004948304627949231, 0.018961937361757282, -0.006399657121900283, 0.01902988883290141, 0.0218753578333451, -0.03767609119567367, 0.00714694766041698]
grad_wf1
[-0.022750947174692338, -0.0008329474606710047, -0.07852749347315614, -0.0013127795574230435, 0.07348005411978913, 0.00023247009260273839, 0.0033287328107554676, 0.006561756920482474, -0.002998001558156092, -0.0010232987348265366, 0.012628837683930662, -0.0004475401083303204, -0.023536303281720468, -0.00013147309908927645, -0.0014235106453675513, 0.00010186314250579969, -0.02916610126531164, -0.0003912693764244054, -0.11768626154536782, -0.001479622816370853, 0.1188008460373446, 0.00041807334373217546, 0.005646418394695686, 0.008976917702629244, 0.0363824994409058, 0.0012705448402887502, 0.1271245358941802, 0.002080874740956896, -0.11974209211681205, -0.0003826665348490824, -0.005448500603088504, -0.01054465856267796, 0.003276860869989196, 0.0008410064538376795, -0.006824625505296673, 0.0004057776144831555, 0.015635678561314346, 0.0000944643485514852, 0.0009903147759384124, -0.0003430314103144835, 0.0011515553843389971, -0.00020796358239769287, 0.010265700449643797, -0.000008723393596888884, -0.012814543349618356, -0.000056151003993686144, -0.000678338399478405, -0.0005409834253945412, 0.0002611165475561411, 0.0005155862348888564, -0.011826020797648705, 0.00016714503228606057, 0.017557386020873398, 0.00008712606362171358, 0.0009932793590099855, 0.00034722572806860047, 0.007920405772575217, -0.0002464105461170312, 0.04082914140766869, 0.00029582178432142306, -0.045085801694323115, -0.00017611300603601916, -0.002252223862600986, -0.0027322677311025882]
grad_bf1
[-0.021434059246109333, -0.0004832365861293129, -0.08156520400079366, -0.001146182019246244, 0.08019023614430015, 0.00027251469462644107, 0.003750628969639218, 0.0064336971625658474]
grad_wf2
[-0.07622290264474377, -0.025878084941531956, 0.09935287969607104, -0.05721164752473032, 0.025756943555795733, 0.10563580568577752, -0.0020778058452899763, -0.0693551879813483, 0.003168178588430327, 0.0006763799331940183, -0.004575773572418888, 0.003372934503375554, -0.0011319572013937698, -0.004592144196210212, -0.000233302997551828, 0.003315684942574803, -0.0922412328633606, -0.034296395353702415, 0.11690138832188138, -0.06180811681380888, 0.030711645161734517, 0.12633176814157063, -0.004900544932793989, -0.08069851166152064, 0.0027943963751664584, -0.00004393172701321524, -0.0047517946768704826, 0.0045712507205379034, -0.0010968819594289604, -0.004373524875338608, -0.0007186357747475133, 0.003619121917694425, -0.04159425275785738, -0.017382970928723675, 0.05057087397233878, -0.023091797811007928, 0.013553938980974432, 0.055999099068940815, -0.0037453233743781162, -0.03430956715028692, 0.0002782111952121072, 0.00013373205872715117, -0.0003187357903223004, 0.00011093420351911728, -0.00008797339955024835, -0.00036575020232088, 0.0000390336954314261, 0.00021054823930362695, -0.09827767887025947, -0.026234965335806097, 0.1360700291178118, -0.09153673958010411, 0.034305911303021075, 0.1397988566202618, 0.003030646212685147, -0.09715605946761025, 0.005401881807813846, 0.0014881872199920276, -0.007427556004079374, 0.00491630187160443, -0.0018785434647791781, -0.007660820012351261, -0.00012961331027385532, 0.00529016189207337]
grad_bf2
[-0.03467626951536805, -0.009432051526919416, 0.0478149721504033, -0.03186089001487408, 0.0120775354847095, 0.049238138329888104, 0.0009289589491584538, -0.03409039385699783]
grad_ln1_s
[0.01631483932551018, 0.013416174583661155, 0.017165651681533552, 0.029957561762396834, -0.0381535661550126, -0.03772581711648845, -0.0074073275333001246, 0.003992413870904301]
grad_ln1_o
[0.02179163767041932, -0.03172378915601134, -0.014661594125375288, 0.0016549029851540033, 0.03475754135731429, -0.02595248939147668, 0.039678359201368335, -0.004124200394680599]
grad_ln2_s
[-0.12964726742060387, 0.02363600276290021, 0.02227954718238543, 0.05357824027556864, 0.0068628446487769695, -0.010511301270435956, -0.03686142222774701, 0.0017641763107712654]
grad_ln2_o
[-0.1130598426449639, -0.01085899684990537, 0.016416711141482545, -0.027939003477226308, 0.023267900464662285, 0.039880858324383185, -0.11982883643807302, -0.0005586604884176664]
grad_ln3_s
[-0.011687067727851087, -0.03969150055290913, 0.20448076744036153, 0.24944193040433638, 0.30942924125866555, 0.018837012895027466, 0.9679835552589776, 0.28366193671840156]
grad_ln3_o
[-0.17950867718275226, -0.09071947901782645, 0.19460361000985985, -0.3319135639801576, -0.40432957853181417, -0.05346380931097842, -0.5590058798224572, 0.17643560683432882]
grad_dk_scale
[0.02294665859736379, -0.018197526880779063, 0.006026941297665142, -0.0010952600195246224]
grad_target
[0.05671016826258497, 0.03428701053464804, -0.1411611013261673, 0.2256275345396888, 0.2005704715892029, 0.06018557633076166, 0.27038338319201916, -0.09659847942890526, 0.1227985089201673, 0.05643246848317841, -0.05344250868369254, 0.10628602944046876, 0.2037591069426113, -0.006721767019783241, 0.28862249663043804, -0.07983712740542356]
update_wq
[0.19994076415798415, -0.3999606774032841, 0.6998802648267498, -0.19995784101182185, -0.5999557560481963, 0.2999238377090932, -0.7998495077534518, 0.4999159299978546, -0.29997069407578697, 0.8999805427900726, -0.09994076460919646, -0.5000208551138181, 0.3999781085976124, -0.699962320106796, 0.5999255482731379, -0.8999584078168643, 0.09990217866233599, -0.1999349945613725, -0.8001976956706137, 0.6000695693663795, -0.39992688088327916, 0.49987422836209905, -0.29975151767364644, 0.6998611684332627, 0.00004238945911295165, -0.600028181843222, 0.30008566237044465, -0.9000301373731873, 0.7999683046909237, -0.09994549901746269, -0.7001076690669005, 0.20006016053613848, 0.5000604944725904, -0.5000401459985618, 0.0001222854444234701, 0.39995693593148585, -0.4000451741946048, -0.19992221902619559, 0.8998463031389152, -0.7999141436167563, 0.1998846455644211, 0.10007656911837416, -0.7002331731311711, -0.2999178951527043, 0.6000861539834207, -0.5001483169252408, 0.30029306903388037, -0.10016371588239135, -0.8999057648068639, 0.3999374084083667, 0.5001904634439639, -0.6000670422636657, 0.09992958629487145, 0.8001211617508789, -0.4002393904633969, -0.29986625778398074, -0.200019901863175, 0.7000132412997537, -0.8000402136409537, 0.30001414204701427, -0.8999851110545558, -0.5000255879556912, 0.00005054504824542637, 0.5999717546950448]
update_bq
[0.09990993615221248, -0.09994020719434508, -0.00018204619065336243, 0.20006409566473438, -0.1999327257976273, 0.09988420078662255, -0.09977119038754752, -0.00012782233689736177]
update_wk
[-0.5000077738407498, 0.4000024178286934, -0.29998691148634743, 0.7999916524219337, -0.09999502955900837, -0.6999979054971812, 0.6000038332547368, -0.40001327177473783, 0.2999967156207516, -0.7999989783510806, -0.19999447047860658, 0.499996473741579, -0.5999979005580686, 0.20000088497299873, -0.8999983801551495, 0.09999439276166296, -0.2998584127381075, 0.5999559513570137, -0.7002383622360225, 0.00015199149493114812, 0.39990951781886447, -0.5000381534053348, 0.7999301551113039, -0.19975827459197332, 0.09991014010077427, -0.3999720378063702, 0.9001512673507938, -0.60009643927537, -0.2999425986045585, 0.7000242174946886, -0.7999556572452281, 0.49984658500237716, 0.20003624644077067, -0.9000112882297412, 0.09993900130035203, -0.49996113429983097, 0.5999768811840948, -0.200009772682439, -0.000017908360446114384, -0.699938115494129, -0.4000322724070315, 0.8000100541411173, -0.29994569586604797, 0.3999654089312871, -0.09997942949799679, 0.5000087028802987, -0.5999840466313625, -0.00005510030875268771, 0.699934348573397, -0.1999795530739826, 0.30011048188643663, -0.8000703912177412, 0.9000418695455668, -0.39998229859247564, -0.4999675607937819, 0.09988791138528516, -0.5999354624561984, -0.000020084719289088994, -0.7001086363139639, 0.20006925466820594, 0.4999587824455269, -0.30001739397048427, 0.7999681476816551, -0.8998898165327474]
update_bk
[-0.0000000000000000000021684043449710108, 0.1, -0.1, 0.00000000000000000003496552006265751, 0.2, -0.2, 0.1, -0.1]
update_wv
[0.40026451488961706, -0.5986118511226808, 0.20077649287230698, -0.7980542870793671, 0.4987096178466194, -0.30294163281394226, 0.9001997408130047, -0.09903294615668028, -0.7000746244156646, 0.09941832005377721, -0.4003333110532508, 0.5992190689524511, -0.8994352439301286, 0.0011754762649490555, -0.5000836617747529, 0.29961543491845416, 0.7992250855549575, -0.19991664539666723, -0.5997834006344696, 0.09936764967328128, 0.3994006025994975, -0.6989331828760287, 0.500009756994685, -0.30039060874739415, -0.09944017606734988, 0.9003721922312085, -0.49989691139765985, 0.20098488742888293, -0.4000232947542815, 0.7984424754720058, -0.5999450688330192, 0.0005367092888016874, 0.2995058945468974, -0.8018352563179659, 0.6990050488284094, -0.10270953967334287, -0.49838985859049795, 0.6041170849515178, -0.2002642251040127, 0.39863905010580697, -0.899347451286276, 0.502971133705894, -0.29835769070240226, 0.10424695853786607, -0.0027038431839390207, -0.6064336458387731, 0.800427289720632, -0.6978802726687542, 0.20019129744233377, -0.40110323235848044, 0.8992971342230696, -0.8011661990331556, -0.2987100022448994, 0.7017072253285993, -0.1001573540125835, 0.5994588745125341, -0.5004385030325639, -0.600495675173176, 0.39979674853063646, -0.20102076400610713, 0.30023363880227016, -0.8984084987958441, 0.09992772934296762, -0.8005405844376285]
update_bv
[-0.0996896580509364, 0.0019501612683769673, 0.10110361579457165, -0.09732436248752614, -0.0018528532588088396, 0.19596312393867862, -0.19971974820218186, 0.10132414117823693]
update_wo
[-0.30272847367030165, 0.499899816572556, -0.6979193965225112, 0.09971441161187625, -0.8975050936818587, 0.4021572363359924, -0.20403367512854895, 0.6004151744827959, 0.0035726035820862066, -0.3998132739898379, 0.797253725944732, -0.5996527563854323, 0.19671170223528606, -0.502832470791063, 0.9052963500999814, -0.10053588069575238, 0.6969124682507994, -0.29924636430087775, -0.09798850812543376, 0.49925912851813975, -0.79751696382338, 0.6023188844724675, -0.40433182865206496, 0.2005931836603499, -0.9001423625514499, 0.2998565207345544, -0.5998367668582958, 0.4000519649963701, -0.6998138516815949, 0.10013176366668314, 0.7997516176674231, -0.49999888597369, 0.202246209542304, 0.5990194456408362, -0.20129240571528473, -0.7992528584448421, 0.3983624382660505, -0.3016259383211366, -0.4969642063568601, 0.6995073153889323, -0.10300077617425484, -0.898276615543486, 0.5015630565895174, -0.4011978037433508, 0.6020221816722343, 0.002114382010299873, -0.7039431057900271, 0.3007186809790672, 0.8039730196132804, -0.20122362620904433, 0.09751202387915477, -0.49892435773890526, -0.6030956367031242, 0.8970518878393439, -0.29449391738449354, -0.40079939329621117, -0.8033716024888186, 0.4011024103320784, -0.8979139637227881, 0.6990563630731412, -0.0973980568948591, 0.20249284272779133, 0.4953445448263247, -0.59931253785287]
update_bo
[0.10211113558695713, -0.0003807674672278755, -0.10142859310403615, 0.10044171904436447, -0.001750907045279563, -0.10160447199178864, 0.20299818364320169, -0.20038629866619104]
update_wf1
[0.6014912784410498, -0.29994635924460844, 0.9058384615349945, -0.49988646440759027, 0.09420847794284609, -0.8000220310111545, 0.400096748119393, -0.20047498657020854, -0.6999767072958321, 0.20005494956969702, -0.4012844870639983, 0.8000376254634365, -0.598091171390008, 0.000019930132430236892, -0.8997863056343764, 0.500011804606525, 0.30207725595051094, -0.09996533799537426, 0.5091617611708571, -0.6998677533712245, 0.19043745954528202, -0.5000457788263112, 0.7999830713800616, -0.40067665441803774, -0.6024373770486156, 0.8999160274793285, -0.209647837710249, -0.00018374504573583975, -0.2903815117468298, 0.7000374949658605, -0.8001490898742871, 0.10077843747650624, 0.39993827500028556, -0.6000449741589123, 0.3008500987293311, -0.9000327601234995, 0.4986532133113783, -0.10001515326733215, -0.40016934776195706, 0.7000041393979586, -0.2001151109822631, 0.8000105649503724, -0.5008229389510546, 0.6000010274055111, -0.6990118791864526, -0.2999928207427742, 0.9000507888224895, -0.09995817851109255, 0.000041209393140089254, -0.40002811590142406, 0.7009036672521266, -0.20001694734854616, -0.801239196012208, 0.5999884366585644, -0.5001178413739604, 0.299976958001223, 0.09938831421287526, -0.899990369559699, -0.6031961259805126, 0.3999745261804018, -0.19645979106534894, 0.8000208497323021, -0.29991439680622506, 0.5002058975806315]
update_bf1
[0.0014771887521681474, 0.10003526728634106, -0.09375886622526916, 0.00010081494018529416, 0.0935979479816183, -0.10002855215575787, 0.000027495274218259035, 0.0995229078595868]
update_wf2
[-0.3941321277365474, 0.7019411042337499, -0.2077164839453015, 0.5042472630786603, -0.9025731268014735, 0.29119879224029593, -0.5992131604070766, 0.10624773933769281, 0.7997566276868688, -0.5000454218140402, 0.0003443786865701334, -0.3002443394343021, 0.6001070294199179, -0.09962175849755951, 0.699989881682777, -0.40028639773023184, -0.19306117084479393, 0.9025824766366891, -0.8089303148787002, 0.40447536075664775, -0.5030333421696415, 0.08970799812978571, -0.698897109107615, 0.6071561014776282, 0.2997784348315884, -0.5999843266357158, 0.20035266766692444, -0.10033245560737333, 0.800098278958568, -0.3996338139983998, 0.5000266592764682, -0.9003054444920604, 0.10329462941493932, -0.29862533302807653, 0.5958644296165709, -0.6981700067059575, -0.20144600790623546, 0.8951615868642269, -0.49937143624361546, 0.4032921379881477, -0.8000202945703971, 0.4999897620652358, -0.09997573155314639, 0.29999208834975144, -0.5999911905957651, 0.00002905021447946146, -0.400004893474803, 0.6999812095646448, 0.20766914152688143, -0.8981119218706839, 0.7894694548717412, -0.4931977868537258, 0.39662661923768094, -0.7117522918948403, -0.2993787336371981, 0.6086755186201446, -0.10041813403364779, 0.399892769705819, -0.5994287129124657, 0.8996372023893259, -0.29981626327252914, 0.20063897966640415, -0.8000363547365453, 0.49953051319363906]
update_bf2
[-0.09731918329039253, 0.10067706029670587, -0.0036699544531672112, -0.09765367194338914, 0.0988220007905765, -0.004100562350105136, -0.09977370859767828, 0.10301801954744993]
update_ln1_s
[0.9978619916928716, 0.8984179686656656, 1.0984690346941395, 0.7991792989835385, 1.0020192923122513, 1.2034821358776946, 0.9016551209484869, 1.0996096281489496]
update_ln1_o
[-0.003054825641920959, 0.10348931832434234, -0.0987908798058653, -0.001212913154301887, 0.09825632054770672, -0.09734925151810808, -0.003539361385207593, 0.1007673969085662]
update_ln2_s
[0.9097814540540164, 0.998241497678708, 1.0983792820723934, 0.7961077685985467, 1.199454525645519, 0.9008291064387008, 1.0028799329936968, 1.0996995669943763]
update_ln2_o
[-0.09135490047678557, 0.0008028015192322143, 0.098820023356704, -0.09798050349829425, -0.0023630956539420016, 0.09712944515833259, -0.09048572386624926, 0.000421269030459011]
update_ln3_s
[1.1008458993609904, 0.9031814391387673, 0.9817690332319081, 1.178597928142165, 0.7759432895803586, 0.9986436294314436, 1.0196651795147451, 0.8773421428302789]
update_ln3_o
[0.1147715009134705, -0.0919634124950978, -0.016733996639651916, 0.12760319550377422, -0.06758051725370687, 0.003674839267906134, 0.1463537089179924, -0.11424799062807382]
final_wq
[0.19994076415798415, -0.3999606774032841, 0.6998802648267498, -0.19995784101182185, -0.5999557560481963, 0.2999238377090932, -0.7998495077534518, 0.4999159299978546, -0.29997069407578697, 0.8999805427900726, -0.09994076460919646, -0.5000208551138181, 0.3999781085976124, -0.699962320106796, 0.5999255482731379, -0.8999584078168643, 0.09990217866233599, -0.1999349945613725, -0.8001976956706137, 0.6000695693663795, -0.39992688088327916, 0.49987422836209905, -0.29975151767364644, 0.6998611684332627, 0.00004238945911295165, -0.600028181843222, 0.30008566237044465, -0.9000301373731873, 0.7999683046909237, -0.09994549901746269, -0.7001076690669005, 0.20006016053613848, 0.5000604944725904, -0.5000401459985618, 0.0001222854444234701, 0.39995693593148585, -0.4000451741946048, -0.19992221902619559, 0.8998463031389152, -0.7999141436167563, 0.1998846455644211, 0.10007656911837416, -0.7002331731311711, -0.2999178951527043, 0.6000861539834207, -0.5001483169252408, 0.30029306903388037, -0.10016371588239135, -0.8999057648068639, 0.3999374084083667, 0.5001904634439639, -0.6000670422636657, 0.09992958629487145, 0.8001211617508789, -0.4002393904633969, -0.29986625778398074, -0.200019901863175, 0.7000132412997537, -0.8000402136409537, 0.30001414204701427, -0.8999851110545558, -0.5000255879556912, 0.00005054504824542637, 0.5999717546950448]
final_bq
[0.09990993615221248, -0.09994020719434508, -0.00018204619065336243, 0.20006409566473438, -0.1999327257976273, 0.09988420078662255, -0.09977119038754752, -0.00012782233689736177]
final_wk
[-0.5000077738407498, 0.4000024178286934, -0.29998691148634743, 0.7999916524219337, -0.09999502955900837, -0.6999979054971812, 0.6000038332547368, -0.40001327177473783, 0.2999967156207516, -0.7999989783510806, -0.19999447047860658, 0.499996473741579, -0.5999979005580686, 0.20000088497299873, -0.8999983801551495, 0.09999439276166296, -0.2998584127381075, 0.5999559513570137, -0.7002383622360225, 0.00015199149493114812, 0.39990951781886447, -0.5000381534053348, 0.7999301551113039, -0.19975827459197332, 0.09991014010077427, -0.3999720378063702, 0.9001512673507938, -0.60009643927537, -0.2999425986045585, 0.7000242174946886, -0.7999556572452281, 0.49984658500237716, 0.20003624644077067, -0.9000112882297412, 0.09993900130035203, -0.49996113429983097, 0.5999768811840948, -0.200009772682439, -0.000017908360446114384, -0.699938115494129, -0.4000322724070315, 0.8000100541411173, -0.29994569586604797, 0.3999654089312871, -0.09997942949799679, 0.5000087028802987, -0.5999840466313625, -0.00005510030875268771, 0.699934348573397, -0.1999795530739826, 0.30011048188643663, -0.8000703912177412, 0.9000418695455668, -0.39998229859247564, -0.4999675607937819, 0.09988791138528516, -0.5999354624561984, -0.000020084719289088994, -0.7001086363139639, 0.20006925466820594, 0.4999587824455269, -0.30001739397048427, 0.7999681476816551, -0.8998898165327474]
final_bk
[-0.0000000000000000000021684043449710108, 0.1, -0.1, 0.00000000000000000003496552006265751, 0.2, -0.2, 0.1, -0.1]
final_wv
[0.40026451488961706, -0.5986118511226808, 0.20077649287230698, -0.7980542870793671, 0.4987096178466194, -0.30294163281394226, 0.9001997408130047, -0.09903294615668028, -0.7000746244156646, 0.09941832005377721, -0.4003333110532508, 0.5992190689524511, -0.8994352439301286, 0.0011754762649490555, -0.5000836617747529, 0.29961543491845416, 0.7992250855549575, -0.19991664539666723, -0.5997834006344696, 0.09936764967328128, 0.3994006025994975, -0.6989331828760287, 0.500009756994685, -0.30039060874739415, -0.09944017606734988, 0.9003721922312085, -0.49989691139765985, 0.20098488742888293, -0.4000232947542815, 0.7984424754720058, -0.5999450688330192, 0.0005367092888016874, 0.2995058945468974, -0.8018352563179659, 0.6990050488284094, -0.10270953967334287, -0.49838985859049795, 0.6041170849515178, -0.2002642251040127, 0.39863905010580697, -0.899347451286276, 0.502971133705894, -0.29835769070240226, 0.10424695853786607, -0.0027038431839390207, -0.6064336458387731, 0.800427289720632, -0.6978802726687542, 0.20019129744233377, -0.40110323235848044, 0.8992971342230696, -0.8011661990331556, -0.2987100022448994, 0.7017072253285993, -0.1001573540125835, 0.5994588745125341, -0.5004385030325639, -0.600495675173176, 0.39979674853063646, -0.20102076400610713, 0.30023363880227016, -0.8984084987958441, 0.09992772934296762, -0.8005405844376285]
final_bv
[-0.0996896580509364, 0.0019501612683769673, 0.10110361579457165, -0.09732436248752614, -0.0018528532588088396, 0.19596312393867862, -0.19971974820218186, 0.10132414117823693]
final_wo
[-0.30272847367030165, 0.499899816572556, -0.6979193965225112, 0.09971441161187625, -0.8975050936818587, 0.4021572363359924, -0.20403367512854895, 0.6004151744827959, 0.0035726035820862066, -0.3998132739898379, 0.797253725944732, -0.5996527563854323, 0.19671170223528606, -0.502832470791063, 0.9052963500999814, -0.10053588069575238, 0.6969124682507994, -0.29924636430087775, -0.09798850812543376, 0.49925912851813975, -0.79751696382338, 0.6023188844724675, -0.40433182865206496, 0.2005931836603499, -0.9001423625514499, 0.2998565207345544, -0.5998367668582958, 0.4000519649963701, -0.6998138516815949, 0.10013176366668314, 0.7997516176674231, -0.49999888597369, 0.202246209542304, 0.5990194456408362, -0.20129240571528473, -0.7992528584448421, 0.3983624382660505, -0.3016259383211366, -0.4969642063568601, 0.6995073153889323, -0.10300077617425484, -0.898276615543486, 0.5015630565895174, -0.4011978037433508, 0.6020221816722343, 0.002114382010299873, -0.7039431057900271, 0.3007186809790672, 0.8039730196132804, -0.20122362620904433, 0.09751202387915477, -0.49892435773890526, -0.6030956367031242, 0.8970518878393439, -0.29449391738449354, -0.40079939329621117, -0.8033716024888186, 0.4011024103320784, -0.8979139637227881, 0.6990563630731412, -0.0973980568948591, 0.20249284272779133, 0.4953445448263247, -0.59931253785287]
final_bo
[0.10211113558695713, -0.0003807674672278755, -0.10142859310403615, 0.10044171904436447, -0.001750907045279563, -0.10160447199178864, 0.20299818364320169, -0.20038629866619104]
final_wf1
[0.6014912784410498, -0.29994635924460844, 0.9058384615349945, -0.49988646440759027, 0.09420847794284609, -0.8000220310111545, 0.400096748119393, -0.20047498657020854, -0.6999767072958321, 0.20005494956969702, -0.4012844870639983, 0.8000376254634365, -0.598091171390008, 0.000019930132430236892, -0.8997863056343764, 0.500011804606525, 0.30207725595051094, -0.09996533799537426, 0.5091617611708571, -0.6998677533712245, 0.19043745954528202, -0.5000457788263112, 0.7999830713800616, -0.40067665441803774, -0.6024373770486156, 0.8999160274793285, -0.209647837710249, -0.00018374504573583975, -0.2903815117468298, 0.7000374949658605, -0.8001490898742871, 0.10077843747650624, 0.39993827500028556, -0.6000449741589123, 0.3008500987293311, -0.9000327601234995, 0.4986532133113783, -0.10001515326733215, -0.40016934776195706, 0.7000041393979586, -0.2001151109822631, 0.8000105649503724, -0.5008229389510546, 0.6000010274055111, -0.6990118791864526, -0.2999928207427742, 0.9000507888224895, -0.09995817851109255, 0.000041209393140089254, -0.40002811590142406, 0.7009036672521266, -0.20001694734854616, -0.801239196012208, 0.5999884366585644, -0.5001178413739604, 0.299976958001223, 0.09938831421287526, -0.899990369559699, -0.6031961259805126, 0.3999745261804018, -0.19645979106534894, 0.8000208497323021, -0.29991439680622506, 0.5002058975806315]
final_bf1
[0.0014771887521681474, 0.10003526728634106, -0.09375886622526916, 0.00010081494018529416, 0.0935979479816183, -0.10002855215575787, 0.000027495274218259035, 0.0995229078595868]
final_wf2
[-0.3941321277365474, 0.7019411042337499, -0.2077164839453015, 0.5042472630786603, -0.9025731268014735, 0.29119879224029593, -0.5992131604070766, 0.10624773933769281, 0.7997566276868688, -0.5000454218140402, 0.0003443786865701334, -0.3002443394343021, 0.6001070294199179, -0.09962175849755951, 0.699989881682777, -0.40028639773023184, -0.19306117084479393, 0.9025824766366891, -0.8089303148787002, 0.40447536075664775, -0.5030333421696415, 0.08970799812978571, -0.698897109107615, 0.6071561014776282, 0.2997784348315884, -0.5999843266357158, 0.20035266766692444, -0.10033245560737333, 0.800098278958568, -0.3996338139983998, 0.5000266592764682, -0.9003054444920604, 0.10329462941493932, -0.29862533302807653, 0.5958644296165709, -0.6981700067059575, -0.20144600790623546, 0.8951615868642269, -0.49937143624361546, 0.4032921379881477, -0.8000202945703971, 0.4999897620652358, -0.09997573155314639, 0.29999208834975144, -0.5999911905957651, 0.00002905021447946146, -0.400004893474803, 0.6999812095646448, 0.20766914152688143, -0.8981119218706839, 0.7894694548717412, -0.4931977868537258, 0.39662661923768094, -0.7117522918948403, -0.2993787336371981, 0.6086755186201446, -0.10041813403364779, 0.399892769705819, -0.5994287129124657, 0.8996372023893259, -0.29981626327252914, 0.20063897966640415, -0.8000363547365453, 0.49953051319363906]
final_bf2
[-0.09731918329039253, 0.10067706029670587, -0.0036699544531672112, -0.09765367194338914, 0.0988220007905765, -0.004100562350105136, -0.09977370859767828, 0.10301801954744993]
final_ln1_s
[0.9978619916928716, 0.8984179686656656, 1.0984690346941395, 0.7991792989835385, 1.0020192923122513, 1.2034821358776946, 0.9016551209484869, 1.0996096281489496]
final_ln1_o
[-0.003054825641920959, 0.10348931832434234, -0.0987908798058653, -0.001212913154301887, 0.09825632054770672, -0.09734925151810808, -0.003539361385207593, 0.1007673969085662]
final_ln2_s
[0.9097814540540164, 0.998241497678708, 1.0983792820723934, 0.7961077685985467, 1.199454525645519, 0.9008291064387008, 1.0028799329936968, 1.0996995669943763]
final_ln2_o
[-0.09135490047678557, 0.0008028015192322143, 0.098820023356704, -0.09798050349829425, -0.0023630956539420016, 0.09712944515833259, -0.09048572386624926, 0.000421269030459011]
final_ln3_s
[1.1008458993609904, 0.9031814391387673, 0.9817690332319081, 1.178597928142165, 0.7759432895803586, 0.9986436294314436, 1.0196651795147451, 0.8773421428302789]
final_ln3_o
[0.1147715009134705, -0.0919634124950978, -0.016733996639651916, 0.12760319550377422, -0.06758051725370687, 0.003674839267906134, 0.1463537089179924, -0.11424799062807382]
[1.6336153358585264, 1.6076678982896333, 1.5821891132497476, 1.5571425704970452, 1.5324951894482355, 1.5082184228041828, 1.484288767867447, 1.4606877132806497]
